customer_id, Name,Gender,order_date,order_id,product_category,Age,Age Group,State,Zone,quantity,Amount,payment_method,delivery_days
1102,Naveen Somani,Male,01-01-2022,10001,Beauty,35,18-35,Maharashtra,West,7,758,Wallet,10
1435,Puru Naidu,Male,02-01-2022,10002,Clothing,45,36-50,Uttar Pradesh,North,7,930,Card,6
1860,Arul Kashyap,Male,03-01-2022,10003,Beauty,59,51-65,Nagaland,East,3,1463,COD,6
1270,Priyanka Parashar,Female,04-01-2022,10004,Electronics,60,51-65,Sikkim,East,5,886,Wallet,6
1106,Advait Shah,Male,05-01-2022,10005,Clothing,20,18-35,Jharkhand,East,5,1273,Wallet,4
1071,Zara Mehta,Female,06-01-2022,10006,Electronics,57,51-65,Assam,East,2,499,Card,3
1700,Divya,Female,07-01-2022,10007,Clothing,29,18-35,Telangana,South,6,1121,Card,1
1020,Tapasya Ghosh,Female,08-01-2022,10008,Beauty,37,36-50,Tamil Nadu,South,6,724,Card,2
1614,Shefali Dhami,Female,09-01-2022,10009,Clothing,29,18-35,Maharashtra,West,6,654,Card,2
1121,Sumedha Niyogi,Female,10-01-2022,10010,Clothing,28,18-35,Kerala,South,4,1033,Card,10
1466,Kairav Negi,Male,11-01-2022,10011,Clothing,43,36-50,Delhi,North,6,916,COD,7
1214,Pradeep Tomar,Male,12-01-2022,10012,Electronics,33,18-35,Meghalaya,East,3,421,COD,11
1330,Sohail Yadav,Male,13-01-2022,10013,Beauty,18,18-35,Himachal Pradesh,North,7,567,COD,6
1458,Shiv Dwivedi,Male,13-01-2023,10014,Clothing,55,51-65,Rajasthan,North,7,900,COD,8
1087,Yuvika Garg,Female,13-01-2024,10015,Clothing,48,36-50,Assam,East,4,676,Card,9
1372,Ojasvi Pradhan,Female,13-01-2025,10016,Clothing,27,18-35,Delhi,North,2,1197,Wallet,5
1099,Kavita Soni,Female,13-01-2026,10017,Clothing,44,36-50,Uttar Pradesh,North,3,655,Wallet,11
1871,Bhuvan Patel,Male,18-01-2022,10018,Electronics,50,36-50,Manipur,East,7,570,COD,3
1663,Shrikant Bohra,Male,19-01-2022,10019,Home,36,36-50,Delhi,North,3,690,Wallet,4
1130,Dakshesh Narayan,Male,20-01-2022,10020,Electronics,36,36-50,Assam,East,7,1279,Card,11
1661,Divya Arya,Female,21-01-2022,10021,Home,41,36-50,Maharashtra,West,1,1361,COD,8
1308,Devendra Bhatt,Male,22-01-2022,10022,Home,20,18-35,Andhra Pradesh,South,2,971,Card,3
1769,Jai Raghav,Male,23-01-2022,10023,Home,18,18-35,Uttar Pradesh,North,2,341,Card,2
1343,Alisha Nigam,Female,24-01-2022,10024,Clothing,35,18-35,Bihar,East,1,503,Card,7
1491,Chudamani Suri,Male,25-01-2022,10025,Clothing,25,18-35,Kerala,South,4,950,COD,4
1413,Prithvi Gandhi,Male,26-01-2022,10026,Electronics,43,36-50,Jharkhand,East,7,1265,Card,8
1805,Rajendra Panwar,Male,27-01-2022,10027,Home,45,36-50,Maharashtra,West,7,630,COD,1
1385,Manisha Verma,Female,28-01-2022,10028,Electronics,21,18-35,Andhra Pradesh,South,7,887,Card,8
1191,Rakhi Jaiswal,Female,29-01-2022,10029,Clothing,42,36-50,Dadra and Nagar Haveli and Daman and Diu,West,6,678,Wallet,5
1955,Ayush Subramanian,Male,30-01-2022,10030,Electronics,34,18-35,Andaman and Nicobar Islands,South,6,619,COD,2
1276,Kamal Lal,Male,31-01-2022,10031,Electronics,52,51-65,Chhattisgarh,Central,6,1188,Card,1
1160,Himesh Jain,Male,01-02-2022,10032,Clothing,56,51-65,Bihar,East,6,1104,Card,6
1459,Devyani Goyal,Female,02-02-2022,10033,Electronics,52,51-65,Telangana,South,6,726,Wallet,9
1313,Prabhat Kaushik,Male,03-02-2022,10034,Home,18,18-35,Uttar Pradesh,North,1,746,Card,9
1021,Harleen Arora,Female,04-02-2022,10035,Electronics,38,36-50,Uttar Pradesh,North,2,587,COD,9
1252,Kiran Chandra,Female,05-02-2022,10036,Electronics,37,36-50,Karnataka,South,4,1240,COD,11
1747,Aparna Modi,Female,06-02-2022,10037,Clothing,43,36-50,Ladakh,North,3,319,Card,4
1856,Mukesh Rathore,Male,07-02-2022,10038,Electronics,19,18-35,Jharkhand,East,6,589,Card,6
1560,Nitin Gupta,Male,08-02-2022,10039,Electronics,31,18-35,Assam,East,1,597,COD,10
1474,Dhananjay Rana,Male,09-02-2022,10040,Home,45,36-50,Tamil Nadu,South,7,1280,Card,6
1058,Bimal Jindal,Male,10-02-2022,10041,Electronics,51,51-65,Rajasthan,North,4,1038,Card,5
1510,Gajendra Trivedi,Male,11-02-2022,10042,Home,18,18-35,Uttarakhand,North,4,541,Card,2
1681,Nand Deshmukh,Male,12-02-2022,10043,Electronics,29,18-35,Haryana,North,4,614,Card,7
1475,Sarika Patil,Female,13-02-2022,10044,Electronics,30,18-35,Uttar Pradesh,North,1,456,Card,1
1699,Shilpa Vohra,Female,14-02-2022,10045,Home,51,51-65,Madhya Pradesh,Central,3,1080,Wallet,6
1975,Nakul Shetty,Male,15-02-2022,10046,Electronics,26,18-35,Karnataka,South,6,848,COD,5
1782,Ankit Narang,Male,16-02-2022,10047,Electronics,19,18-35,Uttar Pradesh,North,4,865,COD,5
1189,Muskan Aggarwal,Female,17-02-2022,10048,Clothing,35,18-35,Gujarat,West,1,608,Card,8
1957,Anant Saini,Male,18-02-2022,10049,Electronics,30,18-35,Odisha,East,7,752,Card,9
1686,Gyan Mittal,Male,19-02-2022,10050,Home,29,18-35,Dadra and Nagar Haveli and Daman and Diu,West,2,1296,Wallet,7
1957,Nivedita Saxena,Female,20-02-2022,10051,Electronics,41,36-50,Tamil Nadu,South,7,684,COD,10
1562,Vinita Tandon,Female,21-02-2022,10052,Home,18,18-35,Jammu and Kashmir,North,1,937,Card,8
1875,Akshay Joshi,Male,22-02-2022,10053,Beauty,20,18-35,Odisha,East,1,1011,Card,2
1566,Gopal Sen,Male,23-02-2022,10054,Clothing,33,18-35,Chhattisgarh,Central,1,448,COD,2
1243,Aaryan Pillai,Male,24-02-2022,10055,Beauty,27,18-35,Uttar Pradesh,North,4,462,Wallet,8
1831,Lopamudra Salvi,Female,25-02-2022,10056,Clothing,33,18-35,Punjab,North,1,1033,Card,6
1504,Aishani Shukla,Female,26-02-2022,10057,Beauty,33,18-35,Tripura,East,2,899,COD,8
1130,Ashita Bhatia,Female,27-02-2022,10058,Electronics,23,18-35,Telangana,South,4,1292,COD,9
1484,Arijit Dey,Male,28-02-2022,10059,Home,27,18-35,Ladakh,North,7,978,Wallet,9
1818,Aarti Desai,Female,01-03-2022,10060,Clothing,18,18-35,Jammu and Kashmir,North,2,505,Wallet,11
1646,Bhagat Khanna,Male,02-03-2022,10061,Clothing,52,51-65,Kerala,South,5,511,Card,6
1020,Vasudha Jha,Female,03-03-2022,10062,Clothing,46,36-50,Haryana,North,7,719,COD,8
1840,Bipin Das,Male,04-03-2022,10063,Home,52,51-65,Telangana,South,1,1039,COD,2
1166,Sukanya Randhawa,Female,05-03-2022,10064,Electronics,52,51-65,Arunachal Pradesh,East,6,366,COD,8
1273,Anil Mohan,Male,06-03-2022,10065,Electronics,23,18-35,Chhattisgarh,Central,6,1340,Wallet,3
1387,Advaith Bhardwaj,Male,07-03-2022,10066,Home,48,36-50,Uttar Pradesh,North,4,622,Wallet,1
1600,Deepak Mandal,Male,08-03-2022,10067,Home,53,51-65,Maharashtra,West,6,832,Card,7
1315,Firoz Rao,Male,09-03-2022,10068,Beauty,59,51-65,Odisha,East,7,610,Card,1
1013,Harshit Choudhary,Male,10-03-2022,10069,Home,55,51-65,Gujarat,West,4,565,COD,11
1241,Raveena Khan,Female,11-03-2022,10070,Beauty,40,36-50,Uttarakhand,North,7,1130,Card,1
1776,Deepa Barman,Female,12-03-2022,10071,Home,53,51-65,Telangana,South,1,1109,Card,1
1345,Jaya Rawat,Female,13-03-2022,10072,Electronics,60,51-65,Tripura,East,3,1202,Card,4
1564,Harit Bansal,Male,14-03-2022,10073,Electronics,20,18-35,Rajasthan,North,3,1354,Wallet,4
1897,Ramesh Mukherjee,Male,15-03-2022,10074,Home,35,18-35,Maharashtra,West,2,647,Card,10
1339,Sunaina Nanda,Female,16-03-2022,10075,Clothing,39,36-50,Madhya Pradesh,Central,1,1066,COD,11
1091,Rajesh Dubey,Male,17-03-2022,10076,Electronics,51,51-65,Nagaland,East,6,870,Card,6
1366,Mohini Varma,Female,18-03-2022,10077,Clothing,51,51-65,Odisha,East,1,409,Card,10
1955,Vaidehi Kumar,Female,19-03-2022,10078,Beauty,30,18-35,Uttar Pradesh,North,5,545,Card,3
1454,Prachi Khatri,Female,20-03-2022,10079,Clothing,37,36-50,Telangana,South,3,957,Card,10
1427,Tejaswini Basu,Female,21-03-2022,10080,Clothing,51,51-65,Nagaland,East,6,355,Wallet,6
1508,Asmita Mishra,Female,22-03-2022,10081,Clothing,23,18-35,Telangana,South,7,332,Wallet,7
1775,Aahan Sahu,Female,23-03-2022,10082,Electronics,22,18-35,Haryana,North,7,642,COD,11
1942,Darpan Upadhyay,Male,24-03-2022,10083,Clothing,19,18-35,Haryana,North,3,772,Card,1
1034,Anshul Anand,Male,25-03-2022,10084,Clothing,35,18-35,Odisha,East,1,1453,COD,6
1205,Charita Datt,Female,26-03-2022,10085,Electronics,42,36-50,Ladakh,North,6,1381,Card,10
1080,Sonia Mahajan,Female,27-03-2022,10086,Home,42,36-50,Karnataka,South,2,304,Card,1
1931,Badrinath Zaveri,Male,28-03-2022,10087,Clothing,52,51-65,Jharkhand,East,7,334,COD,7
1561,Maitreyi Ahuja,Female,29-03-2022,10088,Home,54,51-65,Madhya Pradesh,Central,1,1075,COD,10
1871,Falguni Vaidya,Female,30-03-2022,10089,Beauty,33,18-35,Andhra Pradesh,South,2,916,Card,5
1387,Ojas Tiwari,Male,31-03-2022,10090,Electronics,18,18-35,Uttar Pradesh,North,6,1349,Card,10
1001,Sunita Puri,Female,01-04-2022,10091,Home,51,51-65,Karnataka,South,3,1169,Wallet,4
1389,Varad Dahiya,Male,02-04-2022,10092,Clothing,39,36-50,Karnataka,South,5,707,Card,1
1565,Lisha Solanki,Female,03-04-2022,10093,Beauty,34,18-35,Maharashtra,West,4,1287,Wallet,9
1105,Avyukt Menon,Male,04-04-2022,10094,Electronics,51,51-65,Bihar,East,3,442,Wallet,7
1771,Mandeep Malik,Male,05-04-2022,10095,Home,55,51-65,Uttar Pradesh,North,2,638,COD,2
1821,Zaid Nath,Male,06-04-2022,10096,Clothing,32,18-35,Gujarat,West,1,1212,Card,4
1476,Devesh Kulkarni,Male,07-04-2022,10097,Electronics,51,51-65,Punjab,North,7,887,COD,4
1702,Divyansh Reddy,Male,08-04-2022,10098,Electronics,21,18-35,Uttar Pradesh,North,6,517,Card,8
1401,Aaradhya Chaturvedi,Female,09-04-2022,10099,Home,50,36-50,Delhi,North,3,684,Card,2
1729,Pavitra Sehgal,Female,10-04-2022,10100,Home,58,51-65,Assam,East,7,1249,COD,11
1555,Ajay Nair,Male,11-04-2022,10101,Electronics,32,18-35,Punjab,North,7,995,Card,5
1161,Jignesh Lala,Male,12-04-2022,10102,Clothing,27,18-35,Andhra Pradesh,South,5,902,Card,10
1201,Joy Kaur,Male,13-04-2022,10103,Clothing,38,36-50,Tripura,East,6,843,COD,8
1957,Pragati Tripathi,Female,14-04-2022,10104,Home,27,18-35,Uttar Pradesh,North,2,849,COD,6
1995,Milind Yogi,Male,15-04-2022,10105,Electronics,45,36-50,Kerala,South,6,787,Card,4
1269,Hriday Bisht,Male,16-04-2022,10106,Beauty,32,18-35,Gujarat,West,6,1416,Card,5
1862,Keerthi Prasad,Female,17-04-2022,10107,Electronics,52,51-65,Uttar Pradesh,North,1,1116,Card,2
1815,Jayant Bose,Male,18-04-2022,10108,Clothing,45,36-50,Telangana,South,4,1218,Card,5
1270,Abhimanyu Kapoor,Male,19-04-2022,10109,Electronics,31,18-35,Telangana,South,7,753,COD,3
1455,Madhavi Harit,Female,20-04-2022,10110,Electronics,57,51-65,Bihar,East,2,1059,COD,3
1461,Vinod Banerjee,Male,21-04-2022,10111,Clothing,33,18-35,Kerala,South,1,532,COD,7
1726,Krishnav Zaidi,Male,22-04-2022,10112,Electronics,39,36-50,Telangana,South,7,472,Card,3
1251,Harish Agarwal,Male,23-04-2022,10113,Home,23,18-35,Andaman and Nicobar Islands,South,4,1236,Card,4
1701,Payal Samant,Female,24-04-2022,10114,Electronics,58,51-65,Madhya Pradesh,Central,1,951,Card,7
1295,Sakshi Tyagi,Female,25-04-2022,10115,Clothing,25,18-35,Telangana,South,4,909,Card,3
1724,Heena Pande,Female,26-04-2022,10116,Electronics,41,36-50,Bihar,East,4,377,Card,10
1719,Rajveer Pandey,Male,27-04-2022,10117,Electronics,52,51-65,Jharkhand,East,4,402,Card,10
1748,Jasmine Sharma,Female,28-04-2022,10118,Electronics,20,18-35,Telangana,South,1,1375,Card,2
1337,Nisha Khandelwal,Female,29-04-2022,10119,Clothing,28,18-35,Tamil Nadu,South,6,1337,COD,10
1878,Arjun Chauhan,Male,30-04-2022,10120,Clothing,43,36-50,West Bengal,East,4,765,COD,7
1052,Vini Srivastava,Female,01-05-2022,10121,Clothing,54,51-65,Tamil Nadu,South,6,1036,COD,5
1791,Anish Malhotra,Male,02-05-2022,10122,Clothing,40,36-50,Ladakh,North,7,1184,Card,1
1921,Indrani Dixit,Female,03-05-2022,10123,Clothing,48,36-50,Chhattisgarh,Central,7,415,Wallet,10
1216,Abhimaan Sinha,Male,04-05-2022,10124,Electronics,54,51-65,Gujarat,West,2,499,Wallet,8
1763,Parnika Dev,Female,05-05-2022,10125,Clothing,43,36-50,Uttar Pradesh,North,5,1154,Card,3
1187,Khushi Somani,Female,06-05-2022,10126,Beauty,29,18-35,Jharkhand,East,6,1229,COD,11
1379,Sharmila Naidu,Female,07-05-2022,10127,Clothing,39,36-50,Delhi,North,7,1339,Wallet,7
1492,Aaditya Kashyap,Male,08-05-2022,10128,Home,59,51-65,Chhattisgarh,Central,5,1480,COD,6
1040,Ankita Parashar,Female,09-05-2022,10129,Electronics,59,51-65,Tamil Nadu,South,4,487,Card,10
1156,Janki Shah,Female,10-05-2022,10130,Home,34,18-35,Haryana,North,5,1138,COD,6
1014,Vedika Mehta,Female,11-05-2022,10131,Home,19,18-35,Haryana,North,5,613,COD,8
1812,Hansa Gill,Female,12-05-2022,10132,Clothing,27,18-35,Chhattisgarh,Central,4,1060,Card,4
1064,Harendra Ghosh,Male,13-05-2022,10133,Beauty,28,18-35,Dadra and Nagar Haveli and Daman and Diu,West,6,1166,Wallet,4
1856,Ahalya Dhami,Female,14-05-2022,10134,Electronics,36,36-50,Maharashtra,West,4,644,COD,3
1838,Neha Niyogi,Female,15-05-2022,10135,Electronics,44,36-50,Tamil Nadu,South,2,956,Card,1
1520,Lalit Negi,Male,16-05-2022,10136,Home,24,18-35,Gujarat,West,3,912,COD,10
1343,Gurleen Tomar,Female,17-05-2022,10137,Home,49,36-50,Tamil Nadu,South,1,376,COD,3
1128,Ekansh Yadav,Male,18-05-2022,10138,Electronics,32,18-35,Telangana,South,4,878,Card,1
1647,Sarita Dwivedi,Female,19-05-2022,10139,Electronics,60,51-65,Delhi,North,4,574,Card,6
1471,Jasmin Garg,Female,20-05-2022,10140,Electronics,40,36-50,Maharashtra,West,5,673,Wallet,8
1062,Swati Pradhan,Female,21-05-2022,10141,Electronics,38,36-50,Andaman and Nicobar Islands,South,2,795,COD,3
1138,Sharad Soni,Male,22-05-2022,10142,Home,54,51-65,Odisha,East,7,361,Card,4
1498,Saloni Patel,Female,23-05-2022,10143,Clothing,51,51-65,Tamil Nadu,South,7,736,Card,5
1592,Anshika Bohra,Female,24-05-2022,10144,Electronics,19,18-35,Kerala,South,5,356,COD,7
1391,Simranjit Narayan,Male,25-05-2022,10145,Clothing,55,51-65,Kerala,South,6,567,COD,11
1674,Anay Arya,Male,26-05-2022,10146,Electronics,41,36-50,Karnataka,South,4,657,Card,6
1418,Renuka Bhatt,Female,27-05-2022,10147,Electronics,33,18-35,Uttar Pradesh,North,4,1457,COD,2
1288,Lipika Raghav,Female,28-05-2022,10148,Clothing,34,18-35,Sikkim,East,5,1277,Card,7
1378,Vibha Nigam,Female,29-05-2022,10149,Beauty,20,18-35,West Bengal,East,4,1061,Card,8
1772,Suman Suri,Female,30-05-2022,10150,Home,59,51-65,West Bengal,East,6,379,COD,1
1489,Tejendra Gandhi,Male,31-05-2022,10151,Electronics,37,36-50,Andhra Pradesh,South,3,936,Card,6
1230,Lavanya Panwar,Female,01-06-2022,10152,Beauty,41,36-50,Uttar Pradesh,North,1,865,Wallet,11
1040,Reena Verma,Female,02-06-2022,10153,Home,45,36-50,Uttar Pradesh,North,1,720,Card,9
1027,Sonali Jaiswal,Female,03-06-2022,10154,Home,34,18-35,Assam,East,1,581,COD,7
1134,Abhijit Subramanian,Male,04-06-2022,10155,Clothing,47,36-50,Goa,West,3,1139,Card,5
1200,Ijaz Lal,Male,05-06-2022,10156,Clothing,24,18-35,Sikkim,East,4,1427,Card,10
1839,Neeraj Jain,Male,06-06-2022,10157,Electronics,56,51-65,Arunachal Pradesh,East,5,1072,COD,11
1779,Gaurav Goyal,Male,07-06-2022,10158,Electronics,47,36-50,Tamil Nadu,South,7,810,COD,10
1929,Sameer Kaushik,Male,08-06-2022,10159,Electronics,24,18-35,West Bengal,East,2,1341,COD,9
1032,Shikha Arora,Female,09-06-2022,10160,Electronics,53,51-65,Gujarat,West,4,463,COD,2
1047,Falak Chandra,Female,10-06-2022,10161,Clothing,28,18-35,Uttar Pradesh,North,3,1107,COD,7
1502,Arushi Modi,Female,11-06-2022,10162,Home,25,18-35,Rajasthan,North,6,1098,COD,9
1406,Ram Rathore,Male,12-06-2022,10163,Clothing,18,18-35,Karnataka,South,3,1027,COD,2
1573,Rajshree Gupta,Female,13-06-2022,10164,Electronics,20,18-35,Tamil Nadu,South,7,1171,COD,11
1727,Deependra Rana,Male,14-06-2022,10165,Beauty,36,36-50,Uttarakhand,North,1,1226,COD,10
1804,Kishan Jindal,Male,15-06-2022,10166,Beauty,41,36-50,West Bengal,East,4,1034,Wallet,6
1098,Aayushi Trivedi,Female,16-06-2022,10167,Home,38,36-50,Uttarakhand,North,7,1230,Card,9
1683,Akarsh Deshmukh,Male,17-06-2022,10168,Beauty,45,36-50,Tamil Nadu,South,1,907,COD,3
1871,Lovish Patil,Male,18-06-2022,10169,Clothing,25,18-35,Puducherry,South,2,1295,Card,8
1725,Bhupendra Vohra,Male,19-06-2022,10170,Beauty,34,18-35,Himachal Pradesh,North,6,1133,Card,5
1986,Chaitali Shetty,Female,20-06-2022,10171,Electronics,20,18-35,Bihar,East,1,341,Card,7
1546,Tanay Narang,Female,21-06-2022,10172,Clothing,43,36-50,Rajasthan,North,2,728,Wallet,3
1960,Prakash Aggarwal,Male,22-06-2022,10173,Electronics,57,51-65,Telangana,South,3,1087,COD,8
1738,Anubhav Saini,Male,23-06-2022,10174,Electronics,22,18-35,Bihar,East,1,591,COD,2
1612,Sparsh Mittal,Male,24-06-2022,10175,Electronics,60,51-65,Punjab,North,1,1120,Card,8
1942,Inder Saxena,Male,25-06-2022,10176,Clothing,42,36-50,Madhya Pradesh,Central,5,753,COD,2
1461,Sneha Tandon,Female,26-06-2022,10177,Home,41,36-50,Uttar Pradesh,North,6,887,Wallet,7
1642,Ishwar Joshi,Male,27-06-2022,10178,Clothing,34,18-35,Haryana,North,6,606,Card,2
1768,Gautam Sen,Male,28-06-2022,10179,Electronics,51,51-65,Maharashtra,West,7,1090,Card,7
1004,Prarthana Pillai,Female,29-06-2022,10180,Home,55,51-65,West Bengal,East,3,750,Card,1
1217,Madhuri Salvi,Female,30-06-2022,10181,Clothing,21,18-35,Tamil Nadu,South,5,391,COD,6
1502,Himani Shukla,Female,01-07-2022,10182,Clothing,34,18-35,Odisha,East,7,751,COD,10
1766,Akhilraj Bhatia,Male,02-07-2022,10183,Home,39,36-50,Bihar,East,2,842,COD,7
1397,Mahesh Dey,Male,03-07-2022,10184,Electronics,46,36-50,Gujarat,West,7,818,COD,4
1870,Gagan Desai,Male,04-07-2022,10185,Electronics,37,36-50,Tamil Nadu,South,2,1155,Card,11
1794,Manpreet Khanna,Female,05-07-2022,10186,Beauty,43,36-50,Nagaland,East,3,1313,COD,11
1392,Gia Jha,Female,06-07-2022,10187,Electronics,59,51-65,Uttar Pradesh,North,6,940,Card,1
1206,Iqra Das,Female,07-07-2022,10188,Clothing,40,36-50,Chhattisgarh,Central,2,1396,Card,6
1014,Disha Randhawa,Female,08-07-2022,10189,Beauty,60,51-65,Gujarat,West,3,959,COD,4
1857,Anmol Mohan,Female,09-07-2022,10190,Home,52,51-65,Punjab,North,7,343,Wallet,3
1553,Raman Bhardwaj,Male,10-07-2022,10191,Electronics,38,36-50,Karnataka,South,2,335,COD,4
1891,Anagha Mandal,Female,11-07-2022,10192,Electronics,33,18-35,Jammu and Kashmir,North,4,963,COD,6
1460,Riya Rao,Female,12-07-2022,10193,Electronics,22,18-35,Kerala,South,1,970,Card,5
1690,Aasif Choudhary,Female,13-07-2022,10194,Clothing,19,18-35,Maharashtra,West,7,692,Card,2
1574,Shrishti Khan,Female,14-07-2022,10195,Clothing,25,18-35,Kerala,South,6,1390,Card,2
1863,Ambuj Barman,Male,15-07-2022,10196,Electronics,23,18-35,Gujarat,West,7,866,Wallet,3
1742,Aravind Rawat,Male,16-07-2022,10197,Beauty,54,51-65,Meghalaya,East,4,424,Wallet,11
1240,Dinesh Bansal,Male,17-07-2022,10198,Clothing,57,51-65,Bihar,East,3,1184,Wallet,6
1563,Vineet Mukherjee,Male,18-07-2022,10199,Electronics,55,51-65,Haryana,North,3,855,Card,1
1095,Savita Nanda,Female,19-07-2022,10200,Clothing,54,51-65,Uttarakhand,North,7,567,COD,11
1899,Koyal Dubey,Female,20-07-2022,10201,Home,20,18-35,Odisha,East,4,1345,COD,7
1733,Akshit Varma,Male,21-07-2022,10202,Electronics,25,18-35,Jammu and Kashmir,North,7,500,COD,8
1484,Vaishali Kumar,Female,22-07-2022,10203,Electronics,34,18-35,Himachal Pradesh,North,1,974,COD,7
1406,Kushal Khatri,Male,23-07-2022,10204,Home,29,18-35,Haryana,North,1,1027,COD,11
1230,Shlok Basu,Male,24-07-2022,10205,Clothing,44,36-50,West Bengal,East,5,399,Card,3
1748,Madhav Mishra,Male,25-07-2022,10206,Clothing,29,18-35,Uttar Pradesh,North,2,324,Card,6
1654,Gayatri Sahu,Female,26-07-2022,10207,Clothing,59,51-65,Madhya Pradesh,Central,5,457,Card,4
1170,Apurv Upadhyay,Male,27-07-2022,10208,Electronics,41,36-50,Andaman and Nicobar Islands,South,1,933,Card,5
1540,Dheeraj Anand,Male,28-07-2022,10209,Electronics,47,36-50,Delhi,North,4,652,Card,3
1035,Vihan Datt,Female,29-07-2022,10210,Clothing,57,51-65,Delhi,North,2,1153,Card,5
1524,Karthik Mahajan,Male,30-07-2022,10211,Electronics,30,18-35,Sikkim,East,4,322,Card,6
1159,Kusum Zaveri,Female,31-07-2022,10212,Electronics,48,36-50,Tamil Nadu,South,5,1341,COD,8
1838,Abhayank Ahuja,Male,01-08-2022,10213,Home,34,18-35,Maharashtra,West,3,770,Wallet,6
1698,Hargun Vaidya,Female,02-08-2022,10214,Beauty,52,51-65,Rajasthan,North,4,1328,Wallet,9
1242,Aadi Tiwari,Female,03-08-2022,10215,Home,32,18-35,Uttar Pradesh,North,5,857,Card,10
1085,Mohit Puri,Male,04-08-2022,10216,Beauty,55,51-65,Jharkhand,East,5,537,Card,10
1795,Lata Dahiya,Female,05-08-2022,10217,Electronics,55,51-65,Uttar Pradesh,North,5,623,Card,10
1577,Sushant Solanki,Male,06-08-2022,10218,Beauty,57,51-65,Kerala,South,3,1162,Wallet,10
1681,Javed Menon,Male,07-08-2022,10219,Electronics,41,36-50,Tripura,East,3,1221,COD,4
1556,Vivek Malik,Male,08-08-2022,10220,Beauty,47,36-50,Gujarat,West,7,536,Card,2
1573,Manoj Nath,Male,09-08-2022,10221,Beauty,31,18-35,West Bengal,East,3,447,Wallet,9
1952,Alka Kulkarni,Female,10-08-2022,10222,Home,26,18-35,Himachal Pradesh,North,2,916,Card,11
1645,Chitransh Reddy,Male,11-08-2022,10223,Beauty,56,51-65,Tripura,East,3,813,Wallet,3
1795,Bhoomi Chaturvedi,Female,12-08-2022,10224,Clothing,34,18-35,Bihar,East,3,1287,Card,11
1027,Prabhjot Sehgal,Female,13-08-2022,10225,Electronics,33,18-35,Tamil Nadu,South,3,1060,Card,7
1619,Manvi Nair,Female,14-08-2022,10226,Clothing,27,18-35,Andhra Pradesh,South,4,771,COD,4
1555,Laxman Lala,Male,15-08-2022,10227,Clothing,44,36-50,Madhya Pradesh,Central,3,380,Wallet,1
1339,Bijay Kaur,Male,16-08-2022,10228,Electronics,46,36-50,Maharashtra,West,2,788,Wallet,8
1797,Mansi Tripathi,Female,17-08-2022,10229,Clothing,56,51-65,Himachal Pradesh,North,5,1485,COD,4
1957,Abhijeet Yogi,Male,18-08-2022,10230,Beauty,27,18-35,Madhya Pradesh,Central,4,1395,Card,11
1330,Tanvi Bisht,Female,19-08-2022,10231,Electronics,18,18-35,Himachal Pradesh,North,1,992,Card,6
1639,Saroja Prasad,Female,20-08-2022,10232,Home,50,36-50,Himachal Pradesh,North,3,466,Wallet,7
1505,Kavya Bose,Female,21-08-2022,10233,Beauty,49,36-50,Uttar Pradesh,North,7,1394,COD,8
1347,Sonam Kapoor,Female,22-08-2022,10234,Beauty,32,18-35,Arunachal Pradesh,East,7,1478,COD,10
1472,Akhilesh Harit,Male,23-08-2022,10235,Beauty,53,51-65,Uttar Pradesh,North,5,470,Card,2
1230,Krishnakant Banerjee,Male,24-08-2022,10236,Clothing,34,18-35,Kerala,South,5,657,COD,9
1189,Nishita Zaidi,Female,25-08-2022,10237,Beauty,26,18-35,Tamil Nadu,South,4,884,Card,10
1224,Anuraj Agarwal,Male,26-08-2022,10238,Home,43,36-50,Bihar,East,7,677,COD,3
1384,Ratnesh Samant,Male,27-08-2022,10239,Electronics,25,18-35,Assam,East,1,1026,Wallet,1
1376,Aadhya Tyagi,Female,28-08-2022,10240,Clothing,19,18-35,Arunachal Pradesh,East,6,968,COD,2
1282,Juhi Pande,Female,29-08-2022,10241,Home,47,36-50,Maharashtra,West,7,960,COD,8
1957,Samaira Pandey,Female,30-08-2022,10242,Electronics,59,51-65,Sikkim,East,7,1333,Card,10
1632,Krisha Sharma,Female,31-08-2022,10243,Clothing,30,18-35,Uttar Pradesh,North,2,809,Card,6
1627,Srikar Khandelwal,Male,01-09-2022,10244,Home,42,36-50,Maharashtra,West,6,872,Wallet,11
1972,Deep Chauhan,Female,02-09-2022,10245,Electronics,42,36-50,Assam,East,5,945,Card,1
1744,Iqbal Srivastava,Male,03-09-2022,10246,Clothing,48,36-50,Telangana,South,6,1361,Wallet,11
1258,Vikas Malhotra,Male,04-09-2022,10247,Home,56,51-65,Andhra Pradesh,South,7,806,COD,9
1358,Atreya Dixit,Male,05-09-2022,10248,Clothing,54,51-65,Tamil Nadu,South,5,1397,COD,7
1709,Kailash Sinha,Male,06-09-2022,10249,Electronics,27,18-35,Madhya Pradesh,Central,6,1284,Wallet,10
1455,Ambar Dev,Male,07-09-2022,10250,Electronics,53,51-65,Assam,East,5,773,COD,11
1410,Tanuj Somani,Male,08-09-2022,10251,Clothing,59,51-65,Kerala,South,5,1299,Wallet,3
1648,Jogendra Naidu,Male,09-09-2022,10252,Beauty,37,36-50,Maharashtra,West,4,825,Card,7
1317,Rupesh Kashyap,Male,10-09-2022,10253,Electronics,51,51-65,Karnataka,South,1,1057,COD,6
1676,Aniket Parashar,Male,11-09-2022,10254,Clothing,26,18-35,Uttar Pradesh,North,5,1454,COD,3
1224,Abhiraaj Shah,Male,12-09-2022,10255,Electronics,33,18-35,Punjab,North,2,619,Card,8
1818,Kalyan Mehta,Male,13-09-2022,10256,Electronics,60,51-65,Madhya Pradesh,Central,7,1004,COD,1
1233,Ishani Gill,Female,14-09-2022,10257,Home,47,36-50,Telangana,South,7,744,COD,5
1683,Abhayanand Ghosh,Male,15-09-2022,10258,Home,57,51-65,West Bengal,East,2,321,Wallet,8
1663,Kripal Dhami,Male,16-09-2022,10259,Electronics,50,36-50,Punjab,North,3,796,Card,3
1974,Ishan Niyogi,Male,17-09-2022,10260,Clothing,56,51-65,Uttar Pradesh,North,5,854,COD,11
1826,Binita Negi,Female,18-09-2022,10261,Electronics,24,18-35,Rajasthan,North,5,459,Card,10
1373,Naina Tomar,Female,19-09-2022,10262,Clothing,50,36-50,Tripura,East,5,831,COD,11
1671,Supriya Yadav,Female,20-09-2022,10263,Home,29,18-35,Maharashtra,West,6,698,COD,6
1607,Utkarsh Dwivedi,Male,21-09-2022,10264,Electronics,40,36-50,Gujarat,West,5,970,COD,10
1471,Urmila Garg,Female,22-09-2022,10265,Electronics,58,51-65,Uttar Pradesh,North,5,1033,Card,11
1232,Ishika Pradhan,Female,23-09-2022,10266,Clothing,45,36-50,Andhra Pradesh,South,2,1205,Card,2
1691,Shivani Soni,Female,24-09-2022,10267,Beauty,47,36-50,Andhra Pradesh,South,1,807,Card,9
1112,Diganth Patel,Male,25-09-2022,10268,Beauty,26,18-35,Telangana,South,1,1010,Card,2
1829,Ashok Bohra,Male,26-09-2022,10269,Electronics,18,18-35,West Bengal,East,3,785,COD,5
1496,Sunil Narayan,Male,27-09-2022,10270,Home,28,18-35,Mizoram,East,2,1049,Wallet,3
1441,Avika Arya,Female,28-09-2022,10271,Clothing,30,18-35,Tamil Nadu,South,5,456,Card,10
1563,Jitendra Bhatt,Male,29-09-2022,10272,Clothing,20,18-35,Gujarat,West,1,1431,Card,9
1267,Purav Raghav,Male,30-09-2022,10273,Home,32,18-35,West Bengal,East,4,1039,COD,9
1509,Ishaan Nigam,Male,01-10-2022,10274,Beauty,47,36-50,Telangana,South,4,660,COD,7
1806,Sanat Suri,Male,02-10-2022,10275,Beauty,21,18-35,Maharashtra,West,4,592,Card,10
1385,Vishakha Gandhi,Female,03-10-2022,10276,Clothing,60,51-65,Punjab,North,5,1405,Card,5
1386,Bharat Panwar,Male,04-10-2022,10277,Clothing,49,36-50,Maharashtra,West,5,656,Card,9
1112,Nandan Verma,Male,05-10-2022,10278,Home,18,18-35,Tamil Nadu,South,3,711,Card,7
1612,Navneet Jaiswal,Male,06-10-2022,10279,Electronics,19,18-35,Chhattisgarh,Central,7,1282,Card,2
1624,Yogesh Subramanian,Male,07-10-2022,10280,Clothing,24,18-35,Maharashtra,West,3,1387,Card,10
1951,Shivam Lal,Male,08-10-2022,10281,Clothing,54,51-65,Tripura,East,3,898,COD,1
1080,Rakesh Jain,Male,09-10-2022,10282,Home,35,18-35,Odisha,East,6,1181,COD,10
1698,Pranavi Goyal,Female,10-10-2022,10283,Electronics,42,36-50,Rajasthan,North,4,1404,Card,10
1112,Dev Kaushik,Female,11-10-2022,10284,Electronics,38,36-50,Karnataka,South,5,755,COD,4
1001,Roshni Arora,Female,12-10-2022,10285,Beauty,51,51-65,Assam,East,4,645,COD,10
1641,Geetika Chandra,Female,13-10-2022,10286,Electronics,37,36-50,Tamil Nadu,South,3,1040,Wallet,8
1219,Rani Modi,Female,14-10-2022,10287,Clothing,29,18-35,Uttar Pradesh,North,5,1172,Card,6
1565,Farhan Rathore,Male,15-10-2022,10288,Electronics,30,18-35,Nagaland,East,2,588,COD,2
1854,Amey Gupta,Male,16-10-2022,10289,Electronics,44,36-50,Rajasthan,North,1,1297,COD,5
1996,Eshita Rana,Female,17-10-2022,10290,Electronics,60,51-65,Uttar Pradesh,North,1,375,Card,9
1735,Shambhavi Jindal,Female,18-10-2022,10291,Electronics,55,51-65,Uttar Pradesh,North,3,982,Wallet,6
1224,Avinash Trivedi,Male,19-10-2022,10292,Beauty,53,51-65,Ladakh,North,7,1194,COD,6
1384,Manas Deshmukh,Male,20-10-2022,10293,Electronics,56,51-65,Chhattisgarh,Central,4,1276,COD,7
1402,Niraj Patil,Male,21-10-2022,10294,Beauty,37,36-50,Kerala,South,2,928,Card,11
1637,Pushkar Vohra,Male,22-10-2022,10295,Clothing,49,36-50,Himachal Pradesh,North,5,1306,Card,5
1129,Saumya Shetty,Female,23-10-2022,10296,Clothing,52,51-65,Uttar Pradesh,North,7,768,COD,3
1052,Harsh Narang,Male,24-10-2022,10297,Clothing,23,18-35,Goa,West,4,741,Card,3
1683,Purnima Aggarwal,Female,25-10-2022,10298,Clothing,52,51-65,Haryana,North,3,1222,COD,5
1729,Jeevan Saini,Male,26-10-2022,10299,Home,57,51-65,Gujarat,West,4,1252,Card,4
1671,Harsha Mittal,Female,27-10-2022,10300,Electronics,45,36-50,West Bengal,East,3,1410,COD,5
1709,Navjot Saxena,Female,28-10-2022,10301,Clothing,20,18-35,Andhra Pradesh,South,6,1355,COD,9
1415,Ganesh Tandon,Male,29-10-2022,10302,Beauty,33,18-35,Gujarat,West,1,1408,Card,5
1246,Mayank Joshi,Male,30-10-2022,10303,Beauty,58,51-65,Tamil Nadu,South,7,1341,COD,4
1835,Dhanashree Sen,Female,31-10-2022,10304,Beauty,57,51-65,Kerala,South,1,414,Card,4
1438,Mridula Pillai,Female,01-11-2022,10305,Clothing,60,51-65,Kerala,South,4,863,Card,1
1202,Rudraksh Salvi,Male,02-11-2022,10306,Home,57,51-65,Jharkhand,East,2,676,Card,10
1183,Tarun Shukla,Male,03-11-2022,10307,Clothing,54,51-65,Andhra Pradesh,South,5,1251,Card,4
1122,Jyoti Bhatia,Female,04-11-2022,10308,Clothing,30,18-35,Chhattisgarh,Central,3,325,Card,4
1400,Adwait Dey,Male,05-11-2022,10309,Electronics,35,18-35,Rajasthan,North,5,1104,Wallet,9
1766,Swapnil Desai,Male,06-11-2022,10310,Clothing,50,36-50,Dadra and Nagar Haveli and Daman and Diu,West,1,752,Card,11
1293,Pavi Khanna,Female,07-11-2022,10311,Electronics,38,36-50,West Bengal,East,2,1041,Card,4
1279,Shrey Jha,Male,08-11-2022,10312,Electronics,54,51-65,Gujarat,West,2,1257,Card,7
1836,Jay Das,Male,09-11-2022,10313,Beauty,25,18-35,Gujarat,West,5,860,Card,1
1883,Uday Randhawa,Female,10-11-2022,10314,Electronics,32,18-35,Kerala,South,1,1045,COD,7
1609,Indrajit Mohan,Male,11-11-2022,10315,Electronics,38,36-50,Andhra Pradesh,South,5,935,Card,2
1197,Satish Bhardwaj,Male,12-11-2022,10316,Electronics,19,18-35,Karnataka,South,4,558,COD,11
1981,Jaideep Mandal,Male,13-11-2022,10317,Beauty,48,36-50,Maharashtra,West,2,628,Card,8
1906,Sarvesh Rao,Male,14-11-2022,10318,Clothing,51,51-65,Haryana,North,2,327,Wallet,1
1510,Paras Choudhary,Male,15-11-2022,10319,Clothing,26,18-35,Maharashtra,West,4,649,Card,10
1751,Krishna Khan,Female,16-11-2022,10320,Home,51,51-65,Assam,East,1,1036,COD,3
1143,Chhavi Barman,Female,17-11-2022,10321,Home,24,18-35,Bihar,East,2,1085,COD,8
1608,Yuvraj Rawat,Male,18-11-2022,10322,Electronics,45,36-50,Delhi,North,7,489,Card,10
1200,Rudra Bansal,Male,19-11-2022,10323,Home,49,36-50,Meghalaya,East,6,538,COD,8
1123,Anisha Mukherjee,Female,20-11-2022,10324,Home,59,51-65,Andhra Pradesh,South,6,935,COD,11
1186,Bhanu Nanda,Male,21-11-2022,10325,Home,48,36-50,Madhya Pradesh,Central,6,836,Card,5
1325,Yashika Dubey,Female,22-11-2022,10326,Electronics,53,51-65,Andhra Pradesh,South,3,1157,COD,5
1463,Hina Varma,Female,23-11-2022,10327,Beauty,30,18-35,Odisha,East,7,942,Wallet,8
1348,Rekha Kumar,Female,24-11-2022,10328,Clothing,52,51-65,Dadra and Nagar Haveli and Daman and Diu,West,3,677,COD,10
1770,Raghavendra Khatri,Male,25-11-2022,10329,Electronics,44,36-50,Karnataka,South,1,424,Wallet,5
1659,Karishma Basu,Female,26-11-2022,10330,Clothing,32,18-35,Rajasthan,North,4,1024,Card,9
1763,Ravindra Mishra,Male,27-11-2022,10331,Electronics,27,18-35,Maharashtra,West,5,1200,COD,1
1954,Nityanand Sahu,Male,28-11-2022,10332,Electronics,39,36-50,Tamil Nadu,South,7,731,Wallet,5
1931,Anagh Upadhyay,Male,29-11-2022,10333,Home,38,36-50,Punjab,North,1,1424,Card,3
1402,Arpita Anand,Female,30-11-2022,10334,Electronics,42,36-50,Rajasthan,North,5,438,Wallet,3
1345,Chetan Datt,Male,01-12-2022,10335,Clothing,29,18-35,Jharkhand,East,1,562,Card,2
1962,Jayanti Mahajan,Female,02-12-2022,10336,Clothing,44,36-50,Karnataka,South,3,397,Wallet,3
1510,Jeevika Zaveri,Female,03-12-2022,10337,Electronics,50,36-50,Goa,West,6,1448,Card,7
1146,Geeta Ahuja,Female,04-12-2022,10338,Beauty,18,18-35,Manipur,East,4,840,Card,8
1147,Roshan Vaidya,Male,05-12-2022,10339,Electronics,50,36-50,Uttar Pradesh,North,3,482,Wallet,8
1863,Sahej Tiwari,Female,06-12-2022,10340,Electronics,56,51-65,Jharkhand,East,4,849,Card,11
1710,Yashwant Puri,Male,07-12-2022,10341,Electronics,21,18-35,Tamil Nadu,South,7,1261,Card,8
1819,Bibek Dahiya,Male,08-12-2022,10342,Electronics,56,51-65,Jammu and Kashmir,North,5,1281,Card,1
1488,Sagar Solanki,Male,09-12-2022,10343,Electronics,35,18-35,Rajasthan,North,1,536,COD,11
1928,Harini Menon,Female,10-12-2022,10344,Home,56,51-65,Kerala,South,2,493,Wallet,7
1935,Puneet Malik,Male,11-12-2022,10345,Beauty,21,18-35,Haryana,North,2,343,Card,2
1639,Buddhadev Nath,Male,12-12-2022,10346,Electronics,58,51-65,Uttar Pradesh,North,4,1390,COD,11
1550,Gunjan Kulkarni,Female,13-12-2022,10347,Home,20,18-35,West Bengal,East,6,1146,Card,10
1337,Mihir Reddy,Male,14-12-2022,10348,Home,38,36-50,Karnataka,South,6,336,COD,4
1871,Girija Chaturvedi,Female,15-12-2022,10349,Home,38,36-50,Jharkhand,East,4,775,Card,5
1640,Viraj Sehgal,Male,16-12-2022,10350,Clothing,56,51-65,Chhattisgarh,Central,3,1458,Card,1
1778,Durga Nair,Female,17-12-2022,10351,Electronics,22,18-35,Maharashtra,West,2,510,Card,4
1987,Lakhan Lala,Male,18-12-2022,10352,Electronics,19,18-35,Kerala,South,3,596,COD,4
1952,Damini Kaur,Female,19-12-2022,10353,Home,52,51-65,Punjab,North,5,613,Wallet,9
1472,Ashmita Tripathi,Female,20-12-2022,10354,Home,30,18-35,Uttar Pradesh,North,2,455,COD,9
1945,Lekha Yogi,Female,21-12-2022,10355,Electronics,59,51-65,Kerala,South,5,579,Card,11
1150,Poorva Bisht,Female,22-12-2022,10356,Clothing,48,36-50,Assam,East,1,359,COD,10
1414,Pallavi Prasad,Female,23-12-2022,10357,Beauty,35,18-35,Maharashtra,West,3,1044,COD,1
1989,Kartik Bose,Male,24-12-2022,10358,Home,31,18-35,Karnataka,South,4,1479,Card,8
1297,Alok Kapoor,Male,25-12-2022,10359,Beauty,38,36-50,Chhattisgarh,Central,2,714,Card,4
1610,Lina Harit,Female,26-12-2022,10360,Home,42,36-50,Andhra Pradesh,South,3,667,Card,4
1262,Govind Banerjee,Male,27-12-2022,10361,Clothing,19,18-35,Uttar Pradesh,North,4,582,COD,5
1763,Bodh Zaidi,Male,28-12-2022,10362,Clothing,59,51-65,Chhattisgarh,Central,1,591,COD,2
1143,Kabir Agarwal,Male,29-12-2022,10363,Home,49,36-50,Bihar,East,2,1223,COD,1
1345,Oorja Samant,Female,30-12-2022,10364,Electronics,31,18-35,Uttar Pradesh,North,5,514,Card,5
1623,Aniruddha Tyagi,Male,31-12-2022,10365,Clothing,36,36-50,Mizoram,East,1,305,Card,7
1571,Anvi Pande,Female,01-01-2023,10366,Home,35,18-35,Andaman and Nicobar Islands,South,6,1367,Wallet,10
1880,Prateek Pandey,Male,02-01-2023,10367,Electronics,24,18-35,Gujarat,West,4,699,Card,9
1001,Suhani Sharma,Female,03-01-2023,10368,Home,48,36-50,Uttar Pradesh,North,2,655,Wallet,2
1896,Mehak Khandelwal,Female,04-01-2023,10369,Clothing,22,18-35,Bihar,East,2,590,COD,8
1303,Ishita Chauhan,Female,05-01-2023,10370,Beauty,52,51-65,Jharkhand,East,7,1328,Card,7
1253,Vishnu Srivastava,Male,06-01-2023,10371,Electronics,28,18-35,Maharashtra,West,7,653,COD,2
1651,Raghav Malhotra,Male,07-01-2023,10372,Electronics,60,51-65,Puducherry,South,1,326,Wallet,5
1452,Abha Dixit,Female,08-01-2023,10373,Clothing,59,51-65,Madhya Pradesh,Central,2,1276,Card,7
1036,Shalini Sinha,Female,09-01-2023,10374,Electronics,46,36-50,Punjab,North,4,417,Wallet,3
1159,Sharvani Dev,Female,10-01-2023,10375,Home,40,36-50,Uttar Pradesh,North,1,412,Card,2
1008,Anirudh Somani,Male,11-01-2023,10376,Home,36,36-50,Delhi,North,5,873,COD,6
1232,Eshwar Naidu,Male,12-01-2023,10377,Electronics,46,36-50,Maharashtra,West,1,971,Wallet,10
1098,Amarnath Kashyap,Male,13-01-2023,10378,Clothing,54,51-65,Maharashtra,West,1,770,Wallet,6
1658,Jasleen Parashar,Female,14-01-2023,10379,Clothing,31,18-35,Nagaland,East,5,658,COD,11
1815,Bhavana Shah,Female,15-01-2023,10380,Clothing,60,51-65,Telangana,South,6,490,COD,4
1207,Sanchita Mehta,Female,16-01-2023,10381,Beauty,53,51-65,West Bengal,East,7,515,Card,1
1130,Basant Gill,Male,17-01-2023,10382,Home,58,51-65,Tamil Nadu,South,4,675,Card,5
1403,Abhyuday Ghosh,Male,18-01-2023,10383,Home,28,18-35,Bihar,East,6,733,Card,1
1151,Anuradha Dhami,Female,19-01-2023,10384,Home,28,18-35,Nagaland,East,6,1418,Card,11
1053,Siya Niyogi,Female,20-01-2023,10385,Clothing,59,51-65,Andhra Pradesh,South,6,538,Card,11
1119,Eklavya Negi,Male,21-01-2023,10386,Beauty,56,51-65,Puducherry,South,7,1138,Card,8
1672,Arnav Tomar,Male,22-01-2023,10387,Home,39,36-50,Kerala,South,3,1175,Wallet,2
1919,Yami Yadav,Female,23-01-2023,10388,Home,60,51-65,Bihar,East,7,1320,COD,9
1627,Ayana Dwivedi,Female,24-01-2023,10389,Beauty,26,18-35,Tripura,East,6,783,Card,9
1586,Indira Garg,Female,25-01-2023,10390,Electronics,30,18-35,Manipur,East,3,1372,Wallet,3
1624,Hemant Pradhan,Male,26-01-2023,10391,Home,32,18-35,Uttar Pradesh,North,5,1412,Card,6
1967,Antara Soni,Female,27-01-2023,10392,Electronics,26,18-35,Kerala,South,7,461,COD,9
1419,Nirav Patel,Male,28-01-2023,10393,Electronics,24,18-35,Odisha,East,4,1384,COD,7
1421,Sandeep Bohra,Male,29-01-2023,10394,Electronics,21,18-35,Karnataka,South,6,406,Card,4
1103,Mahendra Narayan,Male,30-01-2023,10395,Beauty,37,36-50,Madhya Pradesh,Central,2,1198,COD,3
1851,Virat Arya,Male,31-01-2023,10396,Beauty,24,18-35,Andhra Pradesh,South,5,1321,Card,2
1253,Jitesh Bhatt,Male,01-02-2023,10397,Home,36,36-50,Rajasthan,North,3,708,Card,10
1226,Rajni Raghav,Female,02-02-2023,10398,Home,47,36-50,Karnataka,South,7,766,Card,10
1111,Kishori Nigam,Female,03-02-2023,10399,Clothing,45,36-50,Chhattisgarh,Central,4,568,Wallet,1
1509,Vedant Suri,Male,04-02-2023,10400,Beauty,43,36-50,Karnataka,South,1,1330,COD,11
1472,Ritesh Gandhi,Male,05-02-2023,10401,Clothing,31,18-35,Odisha,East,4,991,COD,10
1098,Anandhan Panwar,Male,06-02-2023,10402,Clothing,32,18-35,Odisha,East,4,1226,COD,11
1152,Aman Verma,Female,07-02-2023,10403,Electronics,30,18-35,Puducherry,South,6,841,Card,1
1860,Abhinandan Jaiswal,Male,08-02-2023,10404,Home,48,36-50,Delhi,North,6,605,COD,4
1913,Jahan Subramanian,Female,09-02-2023,10405,Home,34,18-35,Andhra Pradesh,South,7,349,Card,4
1895,Barkha Lal,Female,10-02-2023,10406,Clothing,43,36-50,Uttar Pradesh,North,7,467,Card,9
1877,Aadesh Jain,Male,11-02-2023,10407,Electronics,31,18-35,Uttarakhand,North,3,1370,COD,10
1337,Aditiya Goyal,Male,12-02-2023,10408,Home,29,18-35,Gujarat,West,7,309,Card,1
1705,Sarthak Kaushik,Male,13-02-2023,10409,Electronics,60,51-65,Haryana,North,3,818,Card,11
1821,Suraj Arora,Male,14-02-2023,10410,Home,49,36-50,Uttar Pradesh,North,6,431,Wallet,4
1162,Arya Chandra,Female,15-02-2023,10411,Beauty,38,36-50,Chhattisgarh,Central,6,680,COD,3
1719,Ronak Modi,Male,16-02-2023,10412,Clothing,60,51-65,Madhya Pradesh,Central,2,878,COD,9
1956,Bishal Rathore,Male,17-02-2023,10413,Electronics,18,18-35,Tamil Nadu,South,2,1266,Card,5
1680,Rina Gupta,Female,18-02-2023,10414,Home,23,18-35,Tripura,East,5,662,Card,9
1995,Aditi Rana,Female,19-02-2023,10415,Home,54,51-65,Haryana,North,6,1389,COD,10
1160,Chiranjeev Jindal,Male,20-02-2023,10416,Clothing,19,18-35,Uttar Pradesh,North,1,1339,COD,6
1579,Arpit Trivedi,Male,21-02-2023,10417,Beauty,34,18-35,Bihar,East,2,1435,COD,11
1800,Srishti Deshmukh,Female,22-02-2023,10418,Electronics,54,51-65,Haryana,North,3,922,Wallet,9
1397,Sana Patil,Female,23-02-2023,10419,Clothing,57,51-65,Maharashtra,West,4,1361,Wallet,1
1276,Monika Vohra,Female,24-02-2023,10420,Home,47,36-50,Rajasthan,North,7,1013,Card,4
1815,Anushka Shetty,Female,25-02-2023,10421,Beauty,33,18-35,Karnataka,South,7,1343,Wallet,4
1915,Devika Narang,Female,26-02-2023,10422,Electronics,47,36-50,Bihar,East,5,643,COD,10
1503,Arindam Aggarwal,Male,27-02-2023,10423,Home,38,36-50,Puducherry,South,2,1395,COD,10
1895,Vikash Saini,Male,28-02-2023,10424,Clothing,27,18-35,Gujarat,West,4,348,Card,6
1391,Shubham Mittal,Male,01-03-2023,10425,Clothing,59,51-65,Haryana,North,4,1163,COD,10
1134,Tejas Saxena,Female,02-03-2023,10426,Electronics,54,51-65,Rajasthan,North,2,1148,Wallet,1
1194,Harshita Tandon,Female,03-03-2023,10427,Beauty,60,51-65,Maharashtra,West,1,462,COD,10
1400,Binay Joshi,Male,04-03-2023,10428,Electronics,42,36-50,Rajasthan,North,1,911,COD,5
1639,Bhakti Sen,Female,05-03-2023,10429,Electronics,38,36-50,West Bengal,East,5,1256,Card,3
1032,Bhargav Pillai,Male,06-03-2023,10430,Electronics,38,36-50,Ladakh,North,1,681,Card,1
1687,Prem Salvi,Male,07-03-2023,10431,Beauty,37,36-50,Manipur,East,5,1004,Card,6
1459,Gokul Shukla,Male,08-03-2023,10432,Home,28,18-35,Dadra and Nagar Haveli and Daman and Diu,West,3,1241,Card,3
1954,Ananya Bhatia,Female,09-03-2023,10433,Home,21,18-35,Madhya Pradesh,Central,2,815,COD,4
1882,Ashwin Dey,Male,10-03-2023,10434,Electronics,51,51-65,Chhattisgarh,Central,4,1156,Card,9
1469,Pooja Desai,Female,11-03-2023,10435,Clothing,45,36-50,Karnataka,South,5,1416,COD,2
1374,Bhavin Khanna,Male,12-03-2023,10436,Clothing,58,51-65,Uttarakhand,North,7,1407,Card,1
1021,Akhil Jha,Male,13-03-2023,10437,Home,56,51-65,Delhi,North,1,1132,Card,10
1749,Reet Das,Female,14-03-2023,10438,Beauty,41,36-50,Karnataka,South,7,756,Card,6
1669,Avantika Randhawa,Female,15-03-2023,10439,Electronics,24,18-35,Madhya Pradesh,Central,5,1056,Wallet,1
1037,Kriti Mohan,Female,16-03-2023,10440,Home,52,51-65,Tamil Nadu,South,6,493,Card,1
1229,Pratik Bhardwaj,Male,17-03-2023,10441,Electronics,33,18-35,Rajasthan,North,5,1145,Card,7
1364,Aruna Mandal,Female,18-03-2023,10442,Clothing,30,18-35,Assam,East,1,804,Wallet,2
1562,Damodar Rao,Male,19-03-2023,10443,Electronics,36,36-50,Rajasthan,North,6,977,Wallet,4
1437,Balwant Choudhary,Male,20-03-2023,10444,Electronics,28,18-35,Delhi,North,6,1073,COD,4
1775,Ravi Khan,Male,21-03-2023,10445,Clothing,40,36-50,Haryana,North,1,1104,Card,2
1282,Swara Barman,Female,22-03-2023,10446,Clothing,53,51-65,Nagaland,East,6,757,Card,6
1026,Punit Rawat,Male,23-03-2023,10447,Electronics,18,18-35,Jammu and Kashmir,North,2,978,Wallet,10
1225,Aseem Bansal,Female,24-03-2023,10448,Home,60,51-65,West Bengal,East,4,1257,Wallet,2
1276,Tejal Mukherjee,Female,25-03-2023,10449,Clothing,50,36-50,Uttar Pradesh,North,7,362,COD,8
1797,Manju Nanda,Female,26-03-2023,10450,Electronics,39,36-50,Nagaland,East,2,403,Card,4
1608,Abhay Dubey,Male,27-03-2023,10451,Home,59,51-65,Maharashtra,West,2,695,Card,1
1283,Hansika Varma,Female,28-03-2023,10452,Electronics,26,18-35,Uttar Pradesh,North,1,1004,Card,7
1878,Sandhya Kumar,Female,29-03-2023,10453,Clothing,22,18-35,West Bengal,East,1,1396,COD,6
1959,Sai Khatri,Male,30-03-2023,10454,Home,52,51-65,West Bengal,East,7,833,Card,6
1480,Brinda Basu,Female,31-03-2023,10455,Electronics,41,36-50,Chhattisgarh,Central,4,1385,Wallet,11
1452,Kunal Mishra,Male,01-04-2023,10456,Electronics,60,51-65,West Bengal,East,5,458,Card,3
1828,Samiksha Sahu,Female,02-04-2023,10457,Clothing,53,51-65,Karnataka,South,2,761,COD,10
1815,Prema Upadhyay,Female,03-04-2023,10458,Beauty,24,18-35,Karnataka,South,6,459,Card,7
1658,Rishabh Anand,Male,04-04-2023,10459,Clothing,58,51-65,Andaman and Nicobar Islands,South,4,626,COD,6
1515,Diya Datt,Female,05-04-2023,10460,Home,59,51-65,Telangana,South,2,1274,Card,10
1546,Bhavesh Mahajan,Male,06-04-2023,10461,Clothing,18,18-35,Rajasthan,North,5,1314,COD,10
1191,Ibrahim Zaveri,Male,07-04-2023,10462,Electronics,42,36-50,Kerala,South,6,1229,COD,9
1048,Shruti Ahuja,Female,08-04-2023,10463,Clothing,45,36-50,Jammu and Kashmir,North,2,888,Card,3
1511,Rashmi Vaidya,Female,09-04-2023,10464,Home,58,51-65,Assam,East,3,1175,Wallet,3
1016,Dilip Tiwari,Male,10-04-2023,10465,Electronics,42,36-50,Karnataka,South,7,989,COD,4
1171,Palak Puri,Female,11-04-2023,10466,Electronics,19,18-35,Gujarat,West,4,746,Wallet,3
1219,Ashima Dahiya,Female,12-04-2023,10467,Electronics,32,18-35,Karnataka,South,7,1211,Wallet,4
1157,Deepali Solanki,Female,13-04-2023,10468,Clothing,41,36-50,Madhya Pradesh,Central,1,1088,Wallet,6
1476,Akshara Menon,Female,14-04-2023,10469,Beauty,34,18-35,Madhya Pradesh,Central,2,888,Card,1
1045,Siddhant Malik,Male,15-04-2023,10470,Electronics,53,51-65,Madhya Pradesh,Central,6,931,Card,2
1372,Sujata Nath,Female,16-04-2023,10471,Clothing,40,36-50,Andaman and Nicobar Islands,South,6,1045,Wallet,10
1517,Kesar Kulkarni,Female,17-04-2023,10472,Electronics,52,51-65,Karnataka,South,4,1249,COD,6
1098,Kanupriya Reddy,Female,18-04-2023,10473,Beauty,19,18-35,Uttar Pradesh,North,4,1288,Card,6
1891,Minal Chaturvedi,Female,19-04-2023,10474,Electronics,20,18-35,Madhya Pradesh,Central,7,737,COD,1
1744,Zoya Sehgal,Female,20-04-2023,10475,Clothing,46,36-50,Uttar Pradesh,North,6,866,Card,6
1036,Trilok Nair,Male,21-04-2023,10476,Home,44,36-50,Madhya Pradesh,Central,6,1059,COD,11
1279,Indranil Lala,Male,22-04-2023,10477,Home,45,36-50,Tamil Nadu,South,6,1479,Wallet,9
1348,Hiral Kaur,Female,23-04-2023,10478,Clothing,43,36-50,Maharashtra,West,2,412,COD,8
1496,Abhrajit Tripathi,Male,24-04-2023,10479,Electronics,19,18-35,Assam,East,6,346,Card,10
1301,Danish Yogi,Male,25-04-2023,10480,Clothing,32,18-35,Maharashtra,West,1,1122,Card,5
1180,Anshuman Bisht,Male,26-04-2023,10481,Electronics,27,18-35,Karnataka,South,6,1462,Card,4
1606,Harsheen Prasad,Female,27-04-2023,10482,Electronics,20,18-35,Maharashtra,West,1,951,COD,6
1098,Jatin Bose,Male,28-04-2023,10483,Clothing,45,36-50,Bihar,East,2,340,Card,11
1699,Sumit Kapoor,Male,29-04-2023,10484,Electronics,44,36-50,Bihar,East,4,666,COD,5
1992,Ahan Harit,Male,30-04-2023,10485,Electronics,60,51-65,Bihar,East,1,1051,COD,6
1115,Rachana Banerjee,Female,01-05-2023,10486,Home,40,36-50,Dadra and Nagar Haveli and Daman and Diu,West,2,1058,COD,10
1190,Samar Zaidi,Male,02-05-2023,10487,Beauty,43,36-50,Chhattisgarh,Central,6,1152,Wallet,11
1252,Rohini Agarwal,Female,03-05-2023,10488,Clothing,43,36-50,Manipur,East,2,350,COD,3
1980,Bhavika Samant,Female,04-05-2023,10489,Electronics,24,18-35,Ladakh,North,6,905,Card,7
1927,Kamini Tyagi,Female,05-05-2023,10490,Electronics,28,18-35,Tamil Nadu,South,7,1155,COD,8
1982,Ashutosh Pande,Male,06-05-2023,10491,Beauty,20,18-35,Uttarakhand,North,2,1112,COD,5
1160,Roma Pandey,Female,07-05-2023,10492,Electronics,48,36-50,Uttar Pradesh,North,4,1351,Card,5
1255,Anoop Sharma,Male,08-05-2023,10493,Electronics,34,18-35,Punjab,North,1,1301,COD,4
1322,Mohan Khandelwal,Male,09-05-2023,10494,Clothing,39,36-50,Nagaland,East,7,895,Card,10
1127,Manan Chauhan,Female,10-05-2023,10495,Clothing,50,36-50,Haryana,North,4,818,Card,5
1017,Abhiram Srivastava,Male,11-05-2023,10496,Clothing,46,36-50,Manipur,East,3,875,Wallet,10
1792,Girish Malhotra,Male,12-05-2023,10497,Electronics,34,18-35,Manipur,East,6,635,Wallet,11
1734,Vishwas Dixit,Male,13-05-2023,10498,Electronics,39,36-50,Odisha,East,1,1168,COD,8
1565,Hema Sinha,Female,14-05-2023,10499,Beauty,34,18-35,West Bengal,East,4,1112,COD,5
1569,Sourav Dev,Male,15-05-2023,10500,Electronics,43,36-50,West Bengal,East,1,585,Wallet,9
1322,Abhishek Somani,Male,16-05-2023,10501,Home,56,51-65,Telangana,South,3,1149,Wallet,1
1871,Arhaan Naidu,Male,17-05-2023,10502,Home,37,36-50,Rajasthan,North,5,812,COD,7
1685,Rohan Kashyap,Female,18-05-2023,10503,Clothing,54,51-65,Gujarat,West,6,323,COD,5
1791,Aakash Parashar,Male,19-05-2023,10504,Electronics,59,51-65,Chhattisgarh,Central,6,1310,Card,4
1625,Aanya Shah,Female,20-05-2023,10505,Electronics,31,18-35,Maharashtra,West,2,367,Card,3
1287,Irfan Mehta,Male,21-05-2023,10506,Clothing,34,18-35,Odisha,East,6,636,Card,10
1942,Rishi Gill,Male,22-05-2023,10507,Beauty,37,36-50,Sikkim,East,6,564,COD,7
1853,Eesh Ghosh,Male,23-05-2023,10508,Beauty,18,18-35,West Bengal,East,4,976,Wallet,2
1662,Bani Dhami,Female,24-05-2023,10509,Electronics,44,36-50,Puducherry,South,7,1283,Wallet,5
1961,Surabhi Niyogi,Female,25-05-2023,10510,Electronics,28,18-35,Rajasthan,North,6,794,Card,2
1638,Manish Negi,Male,26-05-2023,10511,Beauty,46,36-50,West Bengal,East,6,937,COD,7
1154,Anup Tomar,Male,27-05-2023,10512,Home,57,51-65,Andaman and Nicobar Islands,South,3,917,Card,6
1489,Ekta Yadav,Female,28-05-2023,10513,Beauty,26,18-35,Telangana,South,7,514,Card,10
1385,Lipi Dwivedi,Female,29-05-2023,10514,Electronics,48,36-50,Uttar Pradesh,North,3,392,Wallet,7
1985,Tanya Garg,Female,30-05-2023,10515,Clothing,37,36-50,Ladakh,North,1,1457,COD,9
1784,Nutan Pradhan,Female,31-05-2023,10516,Home,31,18-35,Kerala,South,1,560,COD,2
1103,Achal Soni,Male,01-06-2023,10517,Home,27,18-35,Tripura,East,6,1313,Card,9
1928,Nikhil Patel,Male,02-06-2023,10518,Clothing,44,36-50,Assam,East,6,1319,Card,7
1392,Ranjana Bohra,Female,03-06-2023,10519,Electronics,39,36-50,Delhi,North,2,1071,COD,2
1810,Agastya Narayan,Male,04-06-2023,10520,Clothing,24,18-35,Kerala,South,1,1229,Card,10
1245,Ratan Arya,Male,05-06-2023,10521,Electronics,48,36-50,Kerala,South,4,1499,Card,2
1175,Soumya Bhatt,Female,06-06-2023,10522,Clothing,54,51-65,West Bengal,East,6,894,Card,4
1038,Raj Raghav,Male,07-06-2023,10523,Beauty,57,51-65,Rajasthan,North,4,576,COD,2
1476,Rhea Nigam,Female,08-06-2023,10524,Clothing,33,18-35,Haryana,North,6,397,Wallet,1
1681,Parul Suri,Female,09-06-2023,10525,Home,38,36-50,Gujarat,West,4,1260,Wallet,6
1758,Sampath Gandhi,Male,10-06-2023,10526,Electronics,57,51-65,Kerala,South,5,346,Wallet,10
1537,Avni Panwar,Female,11-06-2023,10527,Home,19,18-35,Rajasthan,North,4,417,Wallet,11
1866,Aarna Verma,Female,12-06-2023,10528,Beauty,36,36-50,Uttarakhand,North,7,678,Wallet,5
1817,Malavika Jaiswal,Female,13-06-2023,10529,Electronics,59,51-65,Andhra Pradesh,South,1,1249,COD,3
1920,Aastha Subramanian,Female,14-06-2023,10530,Electronics,27,18-35,Kerala,South,6,1083,COD,11
1407,Pankhuri Lal,Female,15-06-2023,10531,Clothing,59,51-65,Dadra and Nagar Haveli and Daman and Diu,West,1,1122,Card,1
1524,Avinandan Jain,Male,16-06-2023,10532,Electronics,45,36-50,Kerala,South,7,971,Wallet,9
1827,Adit Goyal,Male,17-06-2023,10533,Home,55,51-65,Andhra Pradesh,South,7,886,Card,8
1505,Tulika Kaushik,Female,18-06-2023,10534,Beauty,53,51-65,Assam,East,4,400,Card,6
1902,Yamini Arora,Female,19-06-2023,10535,Clothing,33,18-35,Tamil Nadu,South,3,671,Wallet,6
1824,Fatima Chandra,Female,20-06-2023,10536,Electronics,52,51-65,Meghalaya,East,3,544,Card,4
1035,Sonu Modi,Male,21-06-2023,10537,Clothing,29,18-35,Bihar,East,7,1162,Wallet,2
1684,Sapna Rathore,Female,22-06-2023,10538,Home,57,51-65,West Bengal,East,3,407,COD,4
1019,Divij Gupta,Male,23-06-2023,10539,Electronics,36,36-50,Delhi,North,6,485,Card,2
1320,Kishore Rana,Male,24-06-2023,10540,Clothing,19,18-35,Assam,East,2,1138,COD,7
1775,Vipin Jindal,Male,25-06-2023,10541,Clothing,48,36-50,Andaman and Nicobar Islands,South,5,1203,Wallet,9
1511,Ira Trivedi,Female,26-06-2023,10542,Clothing,60,51-65,West Bengal,East,4,491,Card,2
1399,Nandini Deshmukh,Female,27-06-2023,10543,Electronics,49,36-50,Rajasthan,North,2,1387,COD,9
1653,Eshika Patil,Female,28-06-2023,10544,Home,27,18-35,Tamil Nadu,South,3,591,Wallet,9
1971,Rajeev Vohra,Male,29-06-2023,10545,Electronics,38,36-50,Uttar Pradesh,North,4,778,Card,8
1882,Shailendra Shetty,Male,30-06-2023,10546,Electronics,32,18-35,Karnataka,South,2,317,Card,1
1470,Veer Narang,Male,01-07-2023,10547,Beauty,29,18-35,Telangana,South,1,1419,Card,5
1142,Digambar Aggarwal,Male,02-07-2023,10548,Home,35,18-35,Rajasthan,North,3,821,Card,10
1091,Shreyansh Saini,Male,03-07-2023,10549,Electronics,44,36-50,Odisha,East,2,304,Card,11
1353,Shreya Mittal,Female,04-07-2023,10550,Electronics,20,18-35,Gujarat,West,6,782,COD,4
1833,Gauri Saxena,Female,05-07-2023,10551,Electronics,48,36-50,Andhra Pradesh,South,1,839,Card,7
1799,Urvi Tandon,Female,06-07-2023,10552,Electronics,19,18-35,Chhattisgarh,Central,3,1242,Wallet,11
1726,Ansh Joshi,Male,07-07-2023,10553,Electronics,18,18-35,Gujarat,West,5,430,Card,8
1958,Nilesh Sen,Male,08-07-2023,10554,Electronics,53,51-65,Odisha,East,7,1378,COD,10
1853,Aamir Pillai,Male,09-07-2023,10555,Clothing,58,51-65,Punjab,North,3,1468,COD,11
1050,Pradyumn Salvi,Male,10-07-2023,10556,Home,36,36-50,Odisha,East,6,576,Wallet,8
1664,Rajiv Shukla,Male,11-07-2023,10557,Clothing,44,36-50,Andhra Pradesh,South,5,640,COD,2
1697,Neel Bhatia,Male,12-07-2023,10558,Home,56,51-65,Maharashtra,West,5,1094,Card,3
1574,Rashi Dey,Female,13-07-2023,10559,Electronics,47,36-50,Nagaland,East,5,1164,Wallet,10
1189,Arun Desai,Male,14-07-2023,10560,Beauty,21,18-35,Andhra Pradesh,South,4,1215,Card,10
1124,Pankaj Khanna,Male,15-07-2023,10561,Home,35,18-35,Karnataka,South,4,911,Card,7
1149,Balraj Jha,Male,16-07-2023,10562,Home,43,36-50,Telangana,South,7,678,Card,4
1313,Aryaman Das,Male,17-07-2023,10563,Home,32,18-35,Tamil Nadu,South,5,1448,COD,6
1569,Amrita Randhawa,Female,18-07-2023,10564,Beauty,40,36-50,Rajasthan,North,7,916,Card,8
1341,Giridhar Mohan,Male,19-07-2023,10565,Clothing,34,18-35,Gujarat,West,1,1408,COD,8
1304,Sawan Bhardwaj,Male,20-07-2023,10566,Electronics,53,51-65,West Bengal,East,5,415,COD,7
1691,Parikshit Mandal,Male,21-07-2023,10567,Clothing,23,18-35,Bihar,East,2,413,Wallet,2
1681,Ragini Rao,Female,22-07-2023,10568,Home,42,36-50,Rajasthan,North,5,886,Card,2
1837,Afreen Choudhary,Female,23-07-2023,10569,Home,30,18-35,Chhattisgarh,Central,4,363,Card,3
1782,Yash Khan,Male,24-07-2023,10570,Clothing,26,18-35,Rajasthan,North,4,1264,Card,4
1053,Vikram Barman,Male,25-07-2023,10571,Electronics,22,18-35,Uttar Pradesh,North,2,648,Card,1
1443,Meghna Rawat,Female,26-07-2023,10572,Clothing,54,51-65,Rajasthan,North,2,1456,COD,5
1612,Saurabh Bansal,Male,27-07-2023,10573,Beauty,48,36-50,Kerala,South,3,1358,COD,7
1992,Kumari Mukherjee,Female,28-07-2023,10574,Clothing,58,51-65,Gujarat,West,1,549,COD,10
1263,Vani Nanda,Female,29-07-2023,10575,Clothing,27,18-35,Chhattisgarh,Central,1,1007,Wallet,11
1052,Akash Dubey,Male,30-07-2023,10576,Electronics,49,36-50,Punjab,North,1,1144,Wallet,5
1571,Eshaan Varma,Male,31-07-2023,10577,Clothing,34,18-35,Madhya Pradesh,Central,6,1264,Card,7
1619,Anuja Kumar,Female,01-08-2023,10578,Beauty,52,51-65,Meghalaya,East,4,1291,Wallet,5
1004,Keshav Khatri,Male,02-08-2023,10579,Home,60,51-65,Telangana,South,1,359,Card,11
1102,Nikita Basu,Female,03-08-2023,10580,Home,31,18-35,Bihar,East,3,1327,COD,10
1195,Ritik Mishra,Male,04-08-2023,10581,Clothing,20,18-35,Himachal Pradesh,North,3,480,COD,8
1773,Armaan Sahu,Male,05-08-2023,10582,Clothing,39,36-50,Gujarat,West,1,1017,Wallet,7
1876,Mahima Upadhyay,Female,06-08-2023,10583,Electronics,22,18-35,Rajasthan,North,2,1112,COD,1
1991,Kanika Anand,Female,07-08-2023,10584,Home,51,51-65,Karnataka,South,3,788,COD,11
1883,Kanhaiya Datt,Male,08-08-2023,10585,Clothing,44,36-50,Assam,East,7,1085,Wallet,1
1349,Pranav Mahajan,Male,09-08-2023,10586,Clothing,51,51-65,Delhi,North,2,1170,COD,5
1046,Aanchal Zaveri,Female,10-08-2023,10587,Clothing,44,36-50,Kerala,South,7,765,COD,2
1866,Pari Ahuja,Female,11-08-2023,10588,Beauty,19,18-35,Bihar,East,4,1420,Card,9
1822,Jigna Vaidya,Female,12-08-2023,10589,Electronics,59,51-65,Assam,East,6,460,Card,2
1935,Mini Tiwari,Female,13-08-2023,10590,Home,40,36-50,Chhattisgarh,Central,3,1279,Wallet,9
1819,Mishti Puri,Female,14-08-2023,10591,Electronics,49,36-50,Assam,East,2,1269,COD,10
1655,Anoopkumar Dahiya,Male,15-08-2023,10592,Clothing,25,18-35,Meghalaya,East,7,468,COD,2
1268,Ekam Solanki,Female,16-08-2023,10593,Electronics,20,18-35,Punjab,North,1,304,Card,4
1369,Dalip Menon,Male,17-08-2023,10594,Electronics,34,18-35,West Bengal,East,7,444,Card,3
1635,Om Malik,Male,18-08-2023,10595,Clothing,48,36-50,Karnataka,South,7,763,Card,6
1105,Megha Nath,Female,19-08-2023,10596,Electronics,24,18-35,Kerala,South,4,1133,COD,4
1669,Adesh Kulkarni,Male,20-08-2023,10597,Clothing,37,36-50,Maharashtra,West,5,789,Card,9
1658,Aditya Reddy,Male,21-08-2023,10598,Beauty,34,18-35,Bihar,East,5,1257,Card,9
1656,Hitesh Chaturvedi,Male,22-08-2023,10599,Electronics,55,51-65,Andhra Pradesh,South,1,653,COD,10
1119,Avaneesh Sehgal,Male,23-08-2023,10600,Home,54,51-65,Jharkhand,East,4,997,COD,9
1830,Ketan Nair,Male,24-08-2023,10601,Clothing,39,36-50,Odisha,East,4,1322,Card,3
1786,Aaliya Lala,Female,25-08-2023,10602,Home,55,51-65,Rajasthan,North,4,971,COD,3
1603,Rajan Kaur,Male,26-08-2023,10603,Electronics,20,18-35,Karnataka,South,4,1017,Wallet,4
1057,Chirag Tripathi,Male,27-08-2023,10604,Electronics,55,51-65,Chhattisgarh,Central,5,508,COD,9
1950,Hemendra Yogi,Male,28-08-2023,10605,Electronics,47,36-50,Jharkhand,East,2,397,Wallet,6
1345,Preeti Bisht,Female,29-08-2023,10606,Electronics,53,51-65,Jharkhand,East,4,1109,Wallet,9
1740,Sanaya Prasad,Female,30-08-2023,10607,Electronics,29,18-35,Jammu and Kashmir,North,2,690,Card,8
1473,Ritu Bose,Female,31-08-2023,10608,Home,20,18-35,Uttarakhand,North,7,339,Card,7
1116,Isha Kapoor,Female,01-09-2023,10609,Beauty,26,18-35,Rajasthan,North,7,681,COD,5
1829,Aarav Harit,Male,02-09-2023,10610,Home,46,36-50,Punjab,North,4,1264,COD,9
1790,Milan Banerjee,Female,03-09-2023,10611,Home,47,36-50,Rajasthan,North,3,1178,Card,4
1126,Bankim Zaidi,Male,04-09-2023,10612,Electronics,38,36-50,West Bengal,East,6,988,Card,4
1392,Teena Agarwal,Female,05-09-2023,10613,Electronics,29,18-35,Andhra Pradesh,South,3,347,COD,8
1907,Tarini Samant,Female,06-09-2023,10614,Electronics,49,36-50,Tamil Nadu,South,7,1081,Card,4
1640,Adarsh Tyagi,Male,07-09-2023,10615,Electronics,52,51-65,Telangana,South,6,1368,Wallet,7
1057,Faisal Pande,Male,08-09-2023,10616,Clothing,38,36-50,Haryana,North,3,347,Card,4
1633,Mira Pandey,Female,09-09-2023,10617,Clothing,33,18-35,Tamil Nadu,South,4,725,Wallet,11
1512,Aradhana Sharma,Female,10-09-2023,10618,Clothing,21,18-35,Madhya Pradesh,Central,2,1477,Card,1
1750,Biren Khandelwal,Male,11-09-2023,10619,Clothing,47,36-50,Puducherry,South,6,1476,Card,10
1801,Sriharsh Chauhan,Male,12-09-2023,10620,Home,21,18-35,Jharkhand,East,5,467,Card,9
1095,Drishti Srivastava,Female,13-09-2023,10621,Home,58,51-65,Bihar,East,1,543,Wallet,4
1637,Alankar Malhotra,Male,14-09-2023,10622,Electronics,58,51-65,Arunachal Pradesh,East,6,883,Card,3
1117,Sara Dixit,Female,15-09-2023,10623,Beauty,38,36-50,Karnataka,South,6,612,COD,3
1559,Satyam Sinha,Male,16-09-2023,10624,Beauty,37,36-50,West Bengal,East,5,324,Wallet,9
1600,Leela Dev,Female,17-09-2023,10625,Electronics,47,36-50,Madhya Pradesh,Central,4,1482,COD,8
1487,Siddharth Somani,Male,18-09-2023,10626,Clothing,46,36-50,Ladakh,North,3,715,Card,10
1236,Vidhi Naidu,Female,19-09-2023,10627,Clothing,53,51-65,Andhra Pradesh,South,3,517,Wallet,7
1884,Prasanna Kashyap,Male,20-09-2023,10628,Beauty,46,36-50,Chhattisgarh,Central,7,1425,Wallet,7
1896,Shaurya Parashar,Male,21-09-2023,10629,Beauty,51,51-65,West Bengal,East,2,760,Card,4
1271,Bhaskar Shah,Male,22-09-2023,10630,Electronics,32,18-35,Odisha,East,4,1191,COD,3
1188,Bina Mehta,Female,23-09-2023,10631,Clothing,21,18-35,Uttar Pradesh,North,5,1412,Wallet,4
1998,Rupali Gill,Female,24-09-2023,10632,Clothing,37,36-50,Madhya Pradesh,Central,4,904,Wallet,6
1703,Himanshu Ghosh,Male,25-09-2023,10633,Clothing,43,36-50,Andhra Pradesh,South,4,888,Card,4
1446,Abeer Dhami,Female,26-09-2023,10634,Electronics,42,36-50,Odisha,East,3,913,Wallet,4
1580,Nandita Niyogi,Female,27-09-2023,10635,Beauty,41,36-50,Uttar Pradesh,North,5,1420,Card,2
1789,Trisha Negi,Female,28-09-2023,10636,Home,34,18-35,Maharashtra,West,1,1036,Card,7
1860,Karan Tomar,Male,29-09-2023,10637,Home,60,51-65,Tripura,East,6,367,Card,6
1246,Lopa Yadav,Female,30-09-2023,10638,Beauty,27,18-35,Telangana,South,3,1154,Card,2
1962,Dayanand Dwivedi,Male,01-10-2023,10639,Home,24,18-35,Maharashtra,West,5,739,COD,5
1075,Aishwarya Garg,Female,02-10-2023,10640,Clothing,21,18-35,Madhya Pradesh,Central,2,1272,COD,6
1153,Manav Pradhan,Male,03-10-2023,10641,Clothing,42,36-50,Assam,East,6,391,Card,5
1655,Bhavik Soni,Male,04-10-2023,10642,Electronics,54,51-65,Gujarat,West,6,1392,Card,4
1434,Param Patel,Male,05-10-2023,10643,Home,23,18-35,Telangana,South,3,912,Card,11
1996,Oviya Bohra,Female,06-10-2023,10644,Electronics,29,18-35,Bihar,East,7,1061,Wallet,11
1085,Dhruv Narayan,Male,07-10-2023,10645,Home,47,36-50,Haryana,North,2,1250,Wallet,9
1696,Nitya Arya,Female,08-10-2023,10646,Electronics,40,36-50,Telangana,South,3,1119,Card,3
1284,Prashant Bhatt,Male,09-10-2023,10647,Electronics,55,51-65,Kerala,South,4,932,Wallet,11
1973,Samarth Raghav,Male,10-10-2023,10648,Electronics,19,18-35,Telangana,South,7,933,Card,2
1219,Mukul Nigam,Male,11-10-2023,10649,Electronics,26,18-35,Delhi,North,5,1221,COD,9
1068,Amar Suri,Male,12-10-2023,10650,Home,27,18-35,Gujarat,West,2,637,Wallet,8
1046,Shantanu Gandhi,Male,13-10-2023,10651,Home,48,36-50,Andhra Pradesh,South,6,895,Card,9
1093,Dileep Panwar,Male,14-10-2023,10652,Clothing,49,36-50,Haryana,North,3,360,COD,10
1749,Pritam Verma,Male,15-10-2023,10653,Electronics,46,36-50,Bihar,East,6,313,Card,11
1957,Kirti Jaiswal,Female,16-10-2023,10654,Electronics,36,36-50,Gujarat,West,2,831,Card,3
1452,Anurag Subramanian,Male,17-10-2023,10655,Electronics,18,18-35,West Bengal,East,6,1063,COD,1
1203,Shania Lal,Female,18-10-2023,10656,Electronics,27,18-35,Maharashtra,West,3,828,Wallet,11
1911,Vishal Jain,Male,19-10-2023,10657,Beauty,31,18-35,Maharashtra,West,7,1077,COD,1
1217,Divakar Goyal,Male,20-10-2023,10658,Electronics,39,36-50,Uttar Pradesh,North,3,622,Wallet,3
1473,Dushyant Kaushik,Male,21-10-2023,10659,Clothing,58,51-65,Ladakh,North,1,824,Wallet,4
1431,Anand Arora,Male,22-10-2023,10660,Electronics,41,36-50,Kerala,South,6,321,Card,2
1340,Sahil Chandra,Male,23-10-2023,10661,Electronics,47,36-50,Gujarat,West,1,797,Card,8
1550,Deepika Modi,Female,24-10-2023,10662,Clothing,23,18-35,Karnataka,South,7,781,COD,3
1611,Eesha Rathore,Female,25-10-2023,10663,Clothing,56,51-65,Arunachal Pradesh,East,1,522,COD,4
1288,Pranay Gupta,Male,26-10-2023,10664,Electronics,34,18-35,Maharashtra,West,6,716,Card,6
1253,Ashwini Rana,Female,27-10-2023,10665,Electronics,18,18-35,Assam,East,2,782,Wallet,10
1733,Baldev Jindal,Male,28-10-2023,10666,Clothing,27,18-35,Ladakh,North,4,765,COD,6
1356,Anika Trivedi,Female,29-10-2023,10667,Electronics,26,18-35,Telangana,South,7,627,Card,2
1022,Nirbhay Deshmukh,Male,30-10-2023,10668,Electronics,57,51-65,Himachal Pradesh,North,3,1247,COD,6
1761,Shiven Patil,Male,31-10-2023,10669,Beauty,27,18-35,Himachal Pradesh,North,5,598,Card,4
1521,Rajat Vohra,Male,01-11-2023,10670,Clothing,40,36-50,Chhattisgarh,Central,7,751,COD,5
1757,Anirban Shetty,Male,02-11-2023,10671,Clothing,19,18-35,Gujarat,West,1,489,Wallet,7
1836,Simran Narang,Female,03-11-2023,10672,Clothing,46,36-50,Uttar Pradesh,North,2,1179,Wallet,7
1099,Navya Aggarwal,Female,04-11-2023,10673,Clothing,44,36-50,Karnataka,South,6,1209,Card,6
1801,Omkar Saini,Male,05-11-2023,10674,Clothing,40,36-50,Maharashtra,West,2,579,COD,10
1179,Rajeshwari Mittal,Female,06-11-2023,10675,Home,55,51-65,Andhra Pradesh,South,2,959,COD,6
1222,Hridya Saxena,Female,07-11-2023,10676,Home,37,36-50,Bihar,East,6,643,Card,6
1905,Sanjana Tandon,Female,08-11-2023,10677,Electronics,36,36-50,Karnataka,South,5,392,Card,4
1761,Ujjwal Joshi,Male,09-11-2023,10678,Clothing,40,36-50,Himachal Pradesh,North,6,482,COD,3
1658,Ridhima Sen,Female,10-11-2023,10679,Clothing,22,18-35,Andhra Pradesh,South,5,1014,COD,1
1441,Onkar Pillai,Male,11-11-2023,10680,Beauty,19,18-35,Kerala,South,6,434,Card,3
1607,Hemanth Salvi,Male,12-11-2023,10681,Clothing,23,18-35,Madhya Pradesh,Central,1,1025,Card,3
1768,Parth Shukla,Male,13-11-2023,10682,Clothing,28,18-35,Jharkhand,East,5,1342,Card,9
1324,Advika Bhatia,Female,14-11-2023,10683,Electronics,38,36-50,Telangana,South,1,1307,Card,3
1515,Ipsita Dey,Female,15-11-2023,10684,Clothing,59,51-65,Madhya Pradesh,Central,7,1457,COD,8
1015,Bhupesh Desai,Male,16-11-2023,10685,Electronics,38,36-50,Karnataka,South,5,1074,Card,8
1791,Aisha Khanna,Female,17-11-2023,10686,Electronics,40,36-50,Andhra Pradesh,South,5,863,Card,3
1335,Kaushal Jha,Male,18-11-2023,10687,Electronics,44,36-50,Bihar,East,6,1181,Wallet,10
1758,Anamika Das,Female,19-11-2023,10688,Home,22,18-35,Karnataka,South,5,574,Card,10
1257,Lakshya Randhawa,Female,20-11-2023,10689,Electronics,31,18-35,Chhattisgarh,Central,1,793,COD,6
1496,Darshan Mohan,Male,21-11-2023,10690,Clothing,29,18-35,Rajasthan,North,7,1358,Wallet,8
1987,Anupama Bhardwaj,Female,22-11-2023,10691,Beauty,55,51-65,Gujarat,West,6,556,COD,8
1895,Amisha Mandal,Female,23-11-2023,10692,Electronics,46,36-50,Chhattisgarh,Central,3,596,COD,10
1159,Snehal Rao,Female,24-11-2023,10693,Clothing,33,18-35,Rajasthan,North,7,507,Card,10
1474,Srinivas Choudhary,Male,25-11-2023,10694,Clothing,52,51-65,Kerala,South,7,510,Card,9
1851,Eshani Khan,Female,26-11-2023,10695,Electronics,25,18-35,Goa,West,1,630,COD,9
1663,Agney Barman,Male,27-11-2023,10696,Home,49,36-50,Arunachal Pradesh,East,7,1457,COD,8
1907,Vinay Rawat,Male,28-11-2023,10697,Electronics,33,18-35,Madhya Pradesh,Central,3,541,Card,7
1689,Mahi Bansal,Female,29-11-2023,10698,Clothing,45,36-50,Kerala,South,2,637,COD,10
1674,Varsha Mukherjee,Female,30-11-2023,10699,Clothing,40,36-50,Kerala,South,6,497,Wallet,3
1379,Saanvi Nanda,Female,01-12-2023,10700,Clothing,45,36-50,Gujarat,West,2,1269,Card,7
1544,Ajit Dubey,Male,02-12-2023,10701,Home,23,18-35,Assam,East,6,720,COD,4
1928,Malini Varma,Female,03-12-2023,10702,Electronics,34,18-35,Jammu and Kashmir,North,7,462,COD,2
1956,Soham Kumar,Male,04-12-2023,10703,Electronics,26,18-35,Maharashtra,West,6,620,Wallet,8
1690,Amardeep Khatri,Male,05-12-2023,10704,Home,48,36-50,Karnataka,South,1,972,Wallet,2
1426,Daksh Basu,Male,06-12-2023,10705,Clothing,32,18-35,West Bengal,East,3,1173,COD,1
1612,Atul Mishra,Male,07-12-2023,10706,Home,32,18-35,West Bengal,East,6,1033,Card,5
1267,Rohit Sahu,Male,08-12-2023,10707,Home,45,36-50,West Bengal,East,3,1113,Card,10
1834,Shriya Upadhyay,Female,09-12-2023,10708,Home,44,36-50,Karnataka,South,6,304,Card,9
1576,Abhinav Anand,Male,10-12-2023,10709,Clothing,33,18-35,Himachal Pradesh,North,3,364,COD,5
1416,Varun Datt,Male,11-12-2023,10710,Electronics,46,36-50,Maharashtra,West,2,1038,COD,11
1167,Jayesh Mahajan,Male,12-12-2023,10711,Home,44,36-50,Bihar,East,1,1432,Wallet,2
1841,Jagruti Zaveri,Female,13-12-2023,10712,Clothing,45,36-50,Odisha,East,6,1246,COD,10
1042,Ranjan Ahuja,Male,14-12-2023,10713,Electronics,36,36-50,Andhra Pradesh,South,4,715,COD,4
1555,Ayra Vaidya,Female,15-12-2023,10714,Beauty,27,18-35,Telangana,South,3,853,COD,8
1284,Meera Tiwari,Female,16-12-2023,10715,Beauty,32,18-35,Ladakh,North,3,708,Card,7
1396,Neelam Puri,Female,17-12-2023,10716,Clothing,60,51-65,Arunachal Pradesh,East,4,326,COD,5
1011,Alia Dahiya,Female,18-12-2023,10717,Electronics,46,36-50,Ladakh,North,1,559,COD,4
1606,Ahana Solanki,Female,19-12-2023,10718,Clothing,59,51-65,Maharashtra,West,3,873,Wallet,5
1301,Abhishai Menon,Male,20-12-2023,10719,Home,54,51-65,Odisha,East,1,932,Card,7
1897,Charu Malik,Female,21-12-2023,10720,Beauty,42,36-50,Goa,West,3,324,Wallet,5
1252,Hrishikesh Nath,Male,22-12-2023,10721,Electronics,41,36-50,Ladakh,North,7,763,COD,8
1498,Anugrah Kulkarni,Male,23-12-2023,10722,Electronics,59,51-65,Andaman and Nicobar Islands,South,5,1269,Card,7
1753,Lokesh Reddy,Male,24-12-2023,10723,Beauty,38,36-50,Kerala,South,7,1299,Card,7
1034,Abhilasha Chaturvedi,Female,25-12-2023,10724,Clothing,50,36-50,Assam,East,3,1265,Card,9
1726,Noor Sehgal,Female,26-12-2023,10725,Clothing,39,36-50,Puducherry,South,5,1051,COD,8
1848,Suresh Nair,Male,27-12-2023,10726,Beauty,26,18-35,Karnataka,South,6,1469,Card,8
1089,Brishti Lala,Female,28-12-2023,10727,Electronics,60,51-65,Odisha,East,1,865,Card,6
1775,Amrish Kaur,Male,29-12-2023,10728,Clothing,23,18-35,Telangana,South,3,842,Wallet,7
1604,Amitabh Tripathi,Male,30-12-2023,10729,Electronics,31,18-35,Haryana,North,2,1141,COD,8
1921,Ruchi Yogi,Female,31-12-2023,10730,Clothing,48,36-50,Andaman and Nicobar Islands,South,2,336,COD,5
1969,Amruta Bisht,Female,01-01-2024,10731,Home,30,18-35,West Bengal,East,4,1245,Card,10
1601,Mamta Prasad,Female,02-01-2024,10732,Clothing,26,18-35,Odisha,East,2,1091,COD,2
1417,Farah Bose,Female,03-01-2024,10733,Beauty,51,51-65,Rajasthan,North,5,802,Card,7
1114,Sonal Kapoor,Female,04-01-2024,10734,Clothing,38,36-50,Karnataka,South,2,607,Wallet,10
1616,Anu Harit,Female,05-01-2024,10735,Electronics,23,18-35,Uttar Pradesh,North,2,1307,Card,3
1902,Komal Banerjee,Female,06-01-2024,10736,Electronics,38,36-50,Sikkim,East,2,1066,COD,10
1195,Achint Zaidi,Male,07-01-2024,10737,Clothing,45,36-50,Uttar Pradesh,North,3,1013,COD,11
1825,Riddhi Agarwal,Female,08-01-2024,10738,Clothing,29,18-35,Maharashtra,West,4,469,COD,8
1500,Bhumika Samant,Female,09-01-2024,10739,Electronics,21,18-35,Himachal Pradesh,North,1,1188,Wallet,6
1625,Shivali Tyagi,Female,10-01-2024,10740,Clothing,57,51-65,Delhi,North,4,368,Card,11
1492,Rahul Pande,Male,11-01-2024,10741,Clothing,54,51-65,Assam,East,5,663,Card,4
1074,Archana Pandey,Female,12-01-2024,10742,Home,36,36-50,Delhi,North,3,678,COD,2
1412,Tanish Sharma,Male,13-01-2024,10743,Home,35,18-35,Jharkhand,East,6,469,COD,7
1375,Ajinkya Khandelwal,Male,14-01-2024,10744,Home,56,51-65,Uttar Pradesh,North,3,1345,Card,1
1419,Ranveer Chauhan,Male,15-01-2024,10745,Electronics,23,18-35,Himachal Pradesh,North,7,551,Card,7
1728,Jagdish Srivastava,Male,16-01-2024,10746,Electronics,21,18-35,Delhi,North,2,1361,COD,10
1276,Abhisar Malhotra,Male,17-01-2024,10747,Home,29,18-35,Madhya Pradesh,Central,2,973,Wallet,10
1760,Mishka Dixit,Female,18-01-2024,10748,Clothing,27,18-35,Tamil Nadu,South,5,819,COD,7
1675,Niharika Sinha,Female,19-01-2024,10749,Electronics,19,18-35,West Bengal,East,6,622,Wallet,10
1393,Naresh Dev,Male,20-01-2024,10750,Home,40,36-50,Jharkhand,East,7,1337,COD,3
1868,Omesh Somani,Male,21-01-2024,10751,Home,37,36-50,Gujarat,West,3,940,Card,4
1456,Kalpana Naidu,Female,22-01-2024,10752,Clothing,28,18-35,Dadra and Nagar Haveli and Daman and Diu,West,6,1310,Card,4
1919,Jahnavi Kashyap,Female,23-01-2024,10753,Electronics,58,51-65,West Bengal,East,1,798,COD,4
1191,Sachin Parashar,Male,24-01-2024,10754,Home,56,51-65,Jammu and Kashmir,North,4,983,COD,9
1738,Amol Shah,Male,25-01-2024,10755,Clothing,26,18-35,Haryana,North,3,418,COD,6
1688,Adhiraj Mehta,Male,26-01-2024,10756,Home,55,51-65,Telangana,South,6,1146,COD,10
1098,Akanksha Gill,Female,27-01-2024,10757,Home,34,18-35,Madhya Pradesh,Central,1,520,Wallet,9
1547,Brijesh Ghosh,Male,28-01-2024,10758,Home,49,36-50,West Bengal,East,1,1426,COD,4
1977,Radhika Dhami,Female,29-01-2024,10759,Clothing,38,36-50,Haryana,North,7,1380,Card,7
1998,Vishesh Niyogi,Male,30-01-2024,10760,Electronics,38,36-50,Bihar,East,7,1351,Card,10
1095,Arham Negi,Male,31-01-2024,10761,Home,56,51-65,Odisha,East,4,1086,COD,9
1663,Inaya Tomar,Female,01-02-2024,10762,Clothing,57,51-65,Kerala,South,1,1130,Wallet,10
1662,Grishma Yadav,Female,02-02-2024,10763,Home,49,36-50,Uttarakhand,North,5,1245,Card,3
1189,Dhanesh Dwivedi,Male,03-02-2024,10764,Electronics,34,18-35,Chhattisgarh,Central,1,950,Wallet,3
1735,Anuj Garg,Male,04-02-2024,10765,Electronics,41,36-50,Gujarat,West,6,852,Wallet,6
1036,Aakriti Pradhan,Female,05-02-2024,10766,Beauty,25,18-35,Sikkim,East,7,1346,COD,8
1779,Abhiraj Soni,Male,06-02-2024,10767,Home,33,18-35,Kerala,South,5,686,Card,1
1368,Jhanvi Patel,Female,07-02-2024,10768,Beauty,55,51-65,Assam,East,7,1165,Card,4
1694,Ruchika Bohra,Female,08-02-2024,10769,Home,42,36-50,Uttar Pradesh,North,7,641,Card,8
1524,Vanshika Narayan,Female,09-02-2024,10770,Clothing,46,36-50,Himachal Pradesh,North,7,1229,Card,6
1278,Amit Arya,Male,10-02-2024,10771,Home,48,36-50,Meghalaya,East,1,313,COD,2
1216,Sangeeta Bhatt,Female,11-02-2024,10772,Beauty,34,18-35,Gujarat,West,2,1196,Card,8
1866,Kajal Raghav,Female,12-02-2024,10773,Clothing,34,18-35,Andhra Pradesh,South,1,397,COD,1
1872,Naman Nigam,Male,13-02-2024,10774,Clothing,44,36-50,Gujarat,West,7,651,Card,1
1797,Priya Suri,Female,14-02-2024,10775,Electronics,58,51-65,Gujarat,West,5,1300,Card,7
1272,Vidya Gandhi,Female,15-02-2024,10776,Clothing,24,18-35,Maharashtra,West,1,505,COD,10
1880,Shagun Panwar,Female,16-02-2024,10777,Home,34,18-35,Tamil Nadu,South,7,1217,Wallet,3
1061,Chitra Verma,Female,17-02-2024,10778,Electronics,20,18-35,Gujarat,West,7,403,COD,8
1595,Ashish Jaiswal,Male,18-02-2024,10779,Electronics,39,36-50,Odisha,East,1,1410,COD,9
1879,Parag Subramanian,Male,19-02-2024,10780,Electronics,18,18-35,Gujarat,West,1,449,COD,8
1728,Alpa Lal,Female,20-02-2024,10781,Electronics,55,51-65,Himachal Pradesh,North,5,690,COD,1
1341,Kajalpreet Jain,Female,21-02-2024,10782,Electronics,25,18-35,Madhya Pradesh,Central,1,1109,Wallet,1
1396,Hemlata Goyal,Female,22-02-2024,10783,Clothing,33,18-35,Andhra Pradesh,South,4,378,Card,6
1698,Tanuja Kaushik,Female,23-02-2024,10784,Beauty,38,36-50,Uttarakhand,North,6,1496,Wallet,1
1018,Avneet Arora,Female,24-02-2024,10785,Clothing,56,51-65,Assam,East,4,749,Card,8
1176,Advik Chandra,Male,25-02-2024,10786,Electronics,51,51-65,Meghalaya,East,5,1146,Wallet,6
1611,Amarjeet Modi,Male,26-02-2024,10787,Electronics,24,18-35,Uttar Pradesh,North,2,643,Card,5
1395,Naveen Negi,Male,27-02-2024,10788,Home,53,51-65,Gujarat,West,4,522,Wallet,6
1444,Puru Tomar,Male,28-02-2024,10789,Clothing,19,18-35,Gujarat,West,7,1326,Wallet,4
1232,Arul Yadav,Male,29-02-2024,10790,Home,52,51-65,Uttarakhand,North,6,342,Card,1
1914,Priyanka Dwivedi,Female,01-03-2024,10791,Home,53,51-65,Punjab,North,3,1492,Wallet,7
1075,Advait Garg,Male,02-03-2024,10792,Home,51,51-65,Andhra Pradesh,South,6,462,Card,10
1264,Zara Pradhan,Female,03-03-2024,10793,Electronics,35,18-35,Ladakh,North,4,833,Card,9
1454,Abhinay Soni,Male,04-03-2024,10794,Home,56,51-65,Kerala,South,3,1357,Card,4
1795,Tapasya Patel,Female,05-03-2024,10795,Electronics,19,18-35,West Bengal,East,5,1478,Wallet,4
1717,Shefali Bohra,Female,06-03-2024,10796,Beauty,34,18-35,West Bengal,East,6,693,COD,9
1734,Sumedha Narayan,Female,07-03-2024,10797,Clothing,32,18-35,Puducherry,South,2,1499,COD,4
1383,Kairav Arya,Male,08-03-2024,10798,Electronics,34,18-35,Gujarat,West,3,1385,COD,10
1563,Pradeep Bhatt,Male,09-03-2024,10799,Electronics,52,51-65,Maharashtra,West,3,913,Wallet,4
1850,Sohail Raghav,Male,10-03-2024,10800,Electronics,47,36-50,Rajasthan,North,6,969,COD,8
1505,Shiv Nigam,Male,11-03-2024,10801,Home,19,18-35,Karnataka,South,4,395,Card,11
1366,Yuvika Suri,Female,12-03-2024,10802,Electronics,47,36-50,Andhra Pradesh,South,3,1010,Card,4
1143,Ojasvi Gandhi,Female,13-03-2024,10803,Clothing,48,36-50,Gujarat,West,5,659,Card,9
1884,Kavita Panwar,Female,14-03-2024,10804,Electronics,50,36-50,Maharashtra,West,6,1063,COD,11
1068,Bhuvan Verma,Male,15-03-2024,10805,Home,36,36-50,Jharkhand,East,5,1149,Card,8
1098,Shrikant Jaiswal,Male,16-03-2024,10806,Home,32,18-35,Andhra Pradesh,South,6,1359,Card,5
1395,Dakshesh Subramanian,Male,17-03-2024,10807,Home,51,51-65,Delhi,North,5,402,Wallet,9
1024,Divya Lal,Female,18-03-2024,10808,Home,52,51-65,Himachal Pradesh,North,4,873,Card,8
1947,Devendra Jain,Male,19-03-2024,10809,Electronics,18,18-35,Maharashtra,West,6,1335,COD,10
1890,Jai Goyal,Male,20-03-2024,10810,Electronics,34,18-35,Arunachal Pradesh,East,7,1448,Card,4
1468,Alisha Kaushik,Female,21-03-2024,10811,Home,18,18-35,Punjab,North,2,889,Card,4
1483,Chudamani Arora,Male,22-03-2024,10812,Clothing,25,18-35,Rajasthan,North,4,924,Card,1
1564,Prithvi Chandra,Male,23-03-2024,10813,Clothing,37,36-50,Punjab,North,5,1009,Card,4
1150,Rajendra Modi,Male,24-03-2024,10814,Electronics,39,36-50,Rajasthan,North,6,454,Wallet,8
1143,Manisha Rathore,Female,25-03-2024,10815,Electronics,41,36-50,Uttar Pradesh,North,4,1496,Card,5
1568,Rakhi Gupta,Female,26-03-2024,10816,Electronics,20,18-35,Rajasthan,North,5,867,Card,6
1038,Ayush Rana,Male,27-03-2024,10817,Beauty,56,51-65,Delhi,North,1,1356,COD,4
1108,Kamal Jindal,Male,28-03-2024,10818,Electronics,33,18-35,Meghalaya,East,1,1188,COD,5
1692,Himesh Trivedi,Male,29-03-2024,10819,Clothing,19,18-35,Karnataka,South,3,1336,COD,10
1041,Devyani Deshmukh,Female,30-03-2024,10820,Electronics,30,18-35,Mizoram,East,2,1212,Wallet,8
1185,Prabhat Patil,Male,31-03-2024,10821,Home,30,18-35,West Bengal,East,1,1023,COD,9
1934,Harleen Vohra,Female,01-04-2024,10822,Electronics,21,18-35,Jammu and Kashmir,North,7,1023,Card,3
1397,Kiran Shetty,Female,02-04-2024,10823,Beauty,43,36-50,West Bengal,East,5,966,Wallet,10
1222,Aparna Narang,Female,03-04-2024,10824,Beauty,22,18-35,Chhattisgarh,Central,4,516,COD,4
1633,Mukesh Aggarwal,Male,04-04-2024,10825,Electronics,18,18-35,West Bengal,East,6,1398,Card,1
1132,Nitin Saini,Male,05-04-2024,10826,Beauty,45,36-50,Manipur,East,4,1129,Card,11
1162,Dhananjay Mittal,Male,06-04-2024,10827,Beauty,56,51-65,Madhya Pradesh,Central,3,1266,Card,5
1214,Bimal Saxena,Male,07-04-2024,10828,Home,53,51-65,Rajasthan,North,4,952,Card,4
1732,Gajendra Tandon,Male,08-04-2024,10829,Home,51,51-65,Jammu and Kashmir,North,1,1277,Card,6
1234,Nand Joshi,Male,09-04-2024,10830,Electronics,41,36-50,Punjab,North,4,459,Card,6
1842,Sarika Sen,Female,10-04-2024,10831,Clothing,52,51-65,Assam,East,1,761,Wallet,10
1657,Shilpa Pillai,Female,11-04-2024,10832,Electronics,41,36-50,Odisha,East,1,966,Wallet,6
1750,Nakul Salvi,Male,12-04-2024,10833,Electronics,57,51-65,Gujarat,West,2,876,COD,3
1587,Ankit Shukla,Male,13-04-2024,10834,Beauty,37,36-50,Uttar Pradesh,North,3,797,Wallet,7
1008,Muskan Bhatia,Female,14-04-2024,10835,Electronics,45,36-50,Bihar,East,7,1062,Card,3
1073,Anant Dey,Male,15-04-2024,10836,Home,41,36-50,Madhya Pradesh,Central,7,366,Wallet,6
1953,Gyan Desai,Male,16-04-2024,10837,Home,46,36-50,Uttarakhand,North,5,1372,COD,10
1491,Nivedita Khanna,Female,17-04-2024,10838,Beauty,59,51-65,Gujarat,West,7,751,Card,1
1912,Vinita Jha,Female,18-04-2024,10839,Beauty,36,36-50,Madhya Pradesh,Central,1,1019,Card,8
1252,Akshay Das,Male,19-04-2024,10840,Electronics,43,36-50,Karnataka,South,6,470,Card,7
1229,Gopal Randhawa,Male,20-04-2024,10841,Electronics,20,18-35,Sikkim,East,3,1277,Card,9
1518,Aaryan Mohan,Male,21-04-2024,10842,Clothing,24,18-35,Delhi,North,5,524,Card,3
1173,Lopamudra Bhardwaj,Female,22-04-2024,10843,Electronics,42,36-50,Goa,West,7,524,Card,8
1652,Aishani Mandal,Female,23-04-2024,10844,Electronics,59,51-65,Odisha,East,7,1306,Card,2
1167,Ashita Rao,Female,24-04-2024,10845,Clothing,20,18-35,Uttar Pradesh,North,6,1202,Card,9
1169,Arijit Choudhary,Male,25-04-2024,10846,Home,27,18-35,Mizoram,East,4,1289,Wallet,1
1392,Aarti Khan,Female,26-04-2024,10847,Clothing,43,36-50,Manipur,East,3,350,Card,10
1945,Bhagat Barman,Male,27-04-2024,10848,Electronics,44,36-50,Maharashtra,West,6,1042,Card,7
1794,Vasudha Rawat,Female,28-04-2024,10849,Home,58,51-65,Uttarakhand,North,7,1206,COD,10
1633,Bipin Bansal,Male,29-04-2024,10850,Electronics,46,36-50,Haryana,North,3,453,Wallet,1
1193,Sukanya Mukherjee,Female,30-04-2024,10851,Electronics,56,51-65,Uttar Pradesh,North,3,1488,Card,6
1516,Anil Nanda,Male,01-05-2024,10852,Home,30,18-35,Karnataka,South,7,365,Wallet,1
1028,Advaith Dubey,Male,02-05-2024,10853,Clothing,22,18-35,Tamil Nadu,South,4,955,Card,4
1164,Deepak Varma,Male,03-05-2024,10854,Home,42,36-50,Maharashtra,West,4,301,Card,7
1421,Firoz Kumar,Male,04-05-2024,10855,Electronics,30,18-35,Rajasthan,North,7,660,Card,2
1338,Harshit Khatri,Male,05-05-2024,10856,Home,35,18-35,Bihar,East,3,995,COD,3
1647,Raveena Basu,Female,06-05-2024,10857,Clothing,19,18-35,Tamil Nadu,South,6,1422,Card,4
1495,Deepa Mishra,Female,07-05-2024,10858,Clothing,43,36-50,Andhra Pradesh,South,2,1101,COD,6
1364,Jaya Sahu,Female,08-05-2024,10859,Clothing,31,18-35,Telangana,South,1,507,Card,9
1832,Harit Upadhyay,Male,09-05-2024,10860,Beauty,60,51-65,Tamil Nadu,South,4,1357,COD,4
1341,Ramesh Anand,Male,10-05-2024,10861,Clothing,51,51-65,Odisha,East,7,802,Card,6
1499,Sunaina Datt,Female,11-05-2024,10862,Clothing,27,18-35,Assam,East,2,523,COD,7
1656,Rajesh Mahajan,Male,12-05-2024,10863,Beauty,53,51-65,Odisha,East,4,580,COD,4
1510,Mohini Zaveri,Female,13-05-2024,10864,Home,30,18-35,Maharashtra,West,3,646,COD,6
1326,Vaidehi Ahuja,Female,14-05-2024,10865,Clothing,27,18-35,Assam,East,7,632,Card,3
1216,Prachi Vaidya,Female,15-05-2024,10866,Home,45,36-50,Bihar,East,2,1286,Wallet,5
1300,Tejaswini Tiwari,Female,16-05-2024,10867,Clothing,45,36-50,Bihar,East,7,594,COD,11
1131,Asmita Puri,Female,17-05-2024,10868,Electronics,60,51-65,Jharkhand,East,6,720,Card,10
1803,Aahan Dahiya,Female,18-05-2024,10869,Clothing,37,36-50,Uttarakhand,North,6,420,Wallet,4
1069,Darpan Solanki,Male,19-05-2024,10870,Beauty,44,36-50,Karnataka,South,5,438,COD,7
1251,Anshul Menon,Male,20-05-2024,10871,Beauty,40,36-50,Bihar,East,1,1370,COD,6
1414,Charita Malik,Female,21-05-2024,10872,Electronics,30,18-35,Tripura,East,1,321,Card,7
1786,Sonia Nath,Female,22-05-2024,10873,Clothing,32,18-35,Gujarat,West,4,731,COD,6
1444,Badrinath Kulkarni,Male,23-05-2024,10874,Electronics,42,36-50,Bihar,East,1,674,Card,2
1875,Maitreyi Reddy,Female,24-05-2024,10875,Beauty,31,18-35,Jharkhand,East,7,328,Card,7
1181,Falguni Chaturvedi,Female,25-05-2024,10876,Beauty,53,51-65,Arunachal Pradesh,East,7,722,Card,8
1166,Ojas Sehgal,Male,26-05-2024,10877,Clothing,32,18-35,Bihar,East,5,388,COD,7
1090,Sunita Nair,Female,27-05-2024,10878,Home,36,36-50,Kerala,South,6,456,Card,4
1713,Varad Lala,Male,28-05-2024,10879,Home,35,18-35,Karnataka,South,2,548,Wallet,4
1857,Lisha Kaur,Female,29-05-2024,10880,Clothing,30,18-35,Himachal Pradesh,North,2,405,Card,5
1530,Avyukt Tripathi,Male,30-05-2024,10881,Electronics,51,51-65,Uttar Pradesh,North,6,1289,Card,9
1038,Mandeep Yogi,Male,31-05-2024,10882,Clothing,53,51-65,Madhya Pradesh,Central,3,1070,COD,5
1125,Zaid Bisht,Male,01-06-2024,10883,Home,54,51-65,Telangana,South,6,552,COD,2
1450,Devesh Prasad,Male,02-06-2024,10884,Home,22,18-35,Bihar,East,2,418,Card,5
1172,Divyansh Bose,Male,03-06-2024,10885,Clothing,55,51-65,Himachal Pradesh,North,4,592,Card,3
1652,Aaradhya Kapoor,Female,04-06-2024,10886,Beauty,29,18-35,Tamil Nadu,South,5,887,Card,10
1753,Pavitra Harit,Female,05-06-2024,10887,Electronics,42,36-50,Karnataka,South,6,918,COD,8
1219,Ajay Banerjee,Male,06-06-2024,10888,Clothing,43,36-50,Uttarakhand,North,3,1243,Card,10
1637,Jignesh Zaidi,Male,07-06-2024,10889,Home,60,51-65,Meghalaya,East,4,341,COD,10
1057,Joy Agarwal,Male,08-06-2024,10890,Home,54,51-65,Karnataka,South,6,468,COD,2
1659,Pragati Samant,Female,09-06-2024,10891,Clothing,28,18-35,Karnataka,South,4,708,Card,11
1475,Milind Tyagi,Male,10-06-2024,10892,Electronics,46,36-50,Maharashtra,West,6,938,Card,4
1455,Hriday Pande,Male,11-06-2024,10893,Electronics,39,36-50,Bihar,East,4,692,Card,5
1828,Keerthi Pandey,Female,12-06-2024,10894,Clothing,37,36-50,Maharashtra,West,7,1464,Card,4
1894,Jayant Sharma,Male,13-06-2024,10895,Clothing,40,36-50,Delhi,North,1,313,COD,5
1360,Abhimanyu Khandelwal,Male,14-06-2024,10896,Electronics,39,36-50,Punjab,North,4,1196,COD,10
1934,Madhavi Chauhan,Female,15-06-2024,10897,Home,18,18-35,Telangana,South,7,702,COD,11
1000,Vinod Srivastava,Male,16-06-2024,10898,Clothing,51,51-65,Karnataka,South,1,725,Card,4
1386,Krishnav Malhotra,Male,17-06-2024,10899,Home,21,18-35,Punjab,North,2,1476,Wallet,3
1972,Harish Dixit,Male,18-06-2024,10900,Home,60,51-65,Goa,West,1,360,Card,1
1347,Payal Sinha,Female,19-06-2024,10901,Electronics,51,51-65,Uttar Pradesh,North,4,604,Card,4
1189,Sakshi Dev,Female,20-06-2024,10902,Electronics,52,51-65,Uttar Pradesh,North,5,409,COD,9
1504,Heena Somani,Female,21-06-2024,10903,Home,52,51-65,Jharkhand,East,5,891,Wallet,1
1190,Rajveer Naidu,Male,22-06-2024,10904,Clothing,52,51-65,Andhra Pradesh,South,2,380,Card,7
1507,Jasmine Kashyap,Female,23-06-2024,10905,Home,29,18-35,Bihar,East,4,1045,COD,3
1368,Nisha Parashar,Female,24-06-2024,10906,Home,60,51-65,Himachal Pradesh,North,1,1107,Wallet,8
1408,Arjun Shah,Male,25-06-2024,10907,Home,54,51-65,Madhya Pradesh,Central,5,432,COD,6
1823,Vini Mehta,Female,26-06-2024,10908,Beauty,37,36-50,Jammu and Kashmir,North,6,924,Card,1
1928,Anish Gill,Male,27-06-2024,10909,Clothing,22,18-35,Punjab,North,3,929,Wallet,10
1933,Indrani Ghosh,Female,28-06-2024,10910,Clothing,50,36-50,Maharashtra,West,4,1257,COD,5
1116,Abhimaan Dhami,Male,29-06-2024,10911,Clothing,60,51-65,Telangana,South,7,687,COD,8
1133,Parnika Niyogi,Female,30-06-2024,10912,Electronics,18,18-35,Uttar Pradesh,North,7,1081,COD,11
1057,Khushi Negi,Female,01-07-2024,10913,Clothing,18,18-35,Chhattisgarh,Central,6,579,Wallet,3
1555,Sharmila Tomar,Female,02-07-2024,10914,Electronics,53,51-65,Haryana,North,6,1170,Card,4
1684,Aaditya Yadav,Male,03-07-2024,10915,Beauty,34,18-35,Jammu and Kashmir,North,4,830,Card,7
1671,Ankita Dwivedi,Female,04-07-2024,10916,Clothing,21,18-35,Gujarat,West,3,503,COD,11
1172,Janki Garg,Female,05-07-2024,10917,Clothing,27,18-35,Dadra and Nagar Haveli and Daman and Diu,West,5,1007,Card,6
1828,Vedika Pradhan,Female,06-07-2024,10918,Clothing,23,18-35,Bihar,East,3,1126,Card,7
1814,Hansa Soni,Female,07-07-2024,10919,Electronics,36,36-50,Haryana,North,2,881,COD,9
1148,Harendra Patel,Male,08-07-2024,10920,Electronics,26,18-35,Uttar Pradesh,North,1,716,Card,9
1079,Ahalya Bohra,Female,09-07-2024,10921,Clothing,42,36-50,Uttar Pradesh,North,1,699,COD,2
1885,Neha Narayan,Female,10-07-2024,10922,Electronics,34,18-35,Uttar Pradesh,North,6,461,Wallet,3
1212,Lalit Arya,Male,11-07-2024,10923,Clothing,30,18-35,Telangana,South,5,1275,Card,4
1202,Gurleen Bhatt,Female,12-07-2024,10924,Beauty,36,36-50,Madhya Pradesh,Central,3,868,Wallet,6
1763,Ekansh Raghav,Male,13-07-2024,10925,Beauty,32,18-35,Uttar Pradesh,North,6,315,Card,5
1228,Sarita Nigam,Female,14-07-2024,10926,Home,27,18-35,Punjab,North,4,1079,Wallet,6
1675,Jasmin Suri,Female,15-07-2024,10927,Electronics,48,36-50,Mizoram,East,6,444,Wallet,11
1226,Swati Gandhi,Female,16-07-2024,10928,Beauty,39,36-50,Delhi,North,4,304,Card,8
1658,Sharad Panwar,Male,17-07-2024,10929,Beauty,43,36-50,Madhya Pradesh,Central,4,416,Card,2
1531,Saloni Verma,Female,18-07-2024,10930,Electronics,46,36-50,Himachal Pradesh,North,2,898,Card,6
1440,Anshika Jaiswal,Female,19-07-2024,10931,Home,34,18-35,Manipur,East,2,434,Wallet,9
1401,Simranjit Subramanian,Male,20-07-2024,10932,Electronics,31,18-35,Karnataka,South,4,715,Wallet,5
1046,Anay Lal,Male,21-07-2024,10933,Home,44,36-50,Punjab,North,5,1284,Card,1
1232,Renuka Jain,Female,22-07-2024,10934,Beauty,57,51-65,Sikkim,East,2,1357,COD,8
1304,Lipika Goyal,Female,23-07-2024,10935,Electronics,43,36-50,Kerala,South,2,1238,Card,4
1525,Vibha Kaushik,Female,24-07-2024,10936,Beauty,32,18-35,West Bengal,East,1,1413,COD,8
1142,Suman Arora,Female,25-07-2024,10937,Clothing,23,18-35,Gujarat,West,6,1147,Wallet,4
1414,Tejendra Chandra,Male,26-07-2024,10938,Beauty,60,51-65,Uttar Pradesh,North,1,1368,Card,11
1512,Lavanya Modi,Female,27-07-2024,10939,Clothing,52,51-65,Uttar Pradesh,North,5,435,Wallet,8
1372,Reena Rathore,Female,28-07-2024,10940,Home,35,18-35,Jharkhand,East,2,796,Wallet,9
1565,Sonali Gupta,Female,29-07-2024,10941,Electronics,33,18-35,Andhra Pradesh,South,7,775,Wallet,5
1885,Abhijit Rana,Male,30-07-2024,10942,Electronics,29,18-35,Uttarakhand,North,2,1234,Card,5
1258,Ijaz Jindal,Male,31-07-2024,10943,Electronics,56,51-65,Telangana,South,3,1015,Card,2
1655,Neeraj Trivedi,Male,01-08-2024,10944,Beauty,45,36-50,Maharashtra,West,5,1360,Card,9
1470,Gaurav Deshmukh,Male,02-08-2024,10945,Home,19,18-35,West Bengal,East,7,416,COD,11
1952,Sameer Patil,Male,03-08-2024,10946,Beauty,53,51-65,Himachal Pradesh,North,6,974,COD,4
1970,Shikha Vohra,Female,04-08-2024,10947,Beauty,41,36-50,Rajasthan,North,6,1349,Card,3
1011,Falak Shetty,Female,05-08-2024,10948,Electronics,45,36-50,Karnataka,South,7,1236,COD,2
1329,Arushi Narang,Female,06-08-2024,10949,Clothing,38,36-50,Delhi,North,6,1475,Card,3
1735,Ram Aggarwal,Male,07-08-2024,10950,Electronics,50,36-50,Telangana,South,7,1281,Card,4
1783,Rajshree Saini,Female,08-08-2024,10951,Electronics,27,18-35,Telangana,South,5,1328,Card,9
1967,Deependra Mittal,Male,09-08-2024,10952,Electronics,45,36-50,Punjab,North,7,1389,Card,6
1357,Kishan Saxena,Male,10-08-2024,10953,Clothing,21,18-35,Nagaland,East,7,516,Card,10
1971,Aayushi Tandon,Female,11-08-2024,10954,Electronics,42,36-50,Andhra Pradesh,South,3,570,Card,5
1407,Akarsh Joshi,Male,12-08-2024,10955,Electronics,53,51-65,Manipur,East,3,1406,Wallet,9
1667,Lovish Sen,Male,13-08-2024,10956,Electronics,20,18-35,Rajasthan,North,1,442,COD,8
1372,Bhupendra Pillai,Male,14-08-2024,10957,Electronics,18,18-35,Gujarat,West,5,837,Card,6
1007,Chaitali Salvi,Female,15-08-2024,10958,Beauty,56,51-65,Gujarat,West,5,1083,COD,3
1121,Tanay Shukla,Female,16-08-2024,10959,Home,24,18-35,Uttar Pradesh,North,3,1094,COD,7
1347,Prakash Bhatia,Male,17-08-2024,10960,Beauty,44,36-50,Uttar Pradesh,North,4,1109,Card,10
1675,Anubhav Dey,Male,18-08-2024,10961,Clothing,44,36-50,Rajasthan,North,4,832,COD,6
1089,Sparsh Desai,Male,19-08-2024,10962,Electronics,22,18-35,Himachal Pradesh,North,1,586,COD,11
1647,Inder Khanna,Male,20-08-2024,10963,Home,21,18-35,Maharashtra,West,4,1206,COD,8
1697,Sneha Jha,Female,21-08-2024,10964,Electronics,39,36-50,Jammu and Kashmir,North,4,396,COD,6
1315,Ishwar Das,Male,22-08-2024,10965,Electronics,29,18-35,Madhya Pradesh,Central,4,384,COD,11
1177,Gautam Randhawa,Male,23-08-2024,10966,Electronics,34,18-35,Haryana,North,2,440,Card,10
1539,Prarthana Mohan,Female,24-08-2024,10967,Electronics,43,36-50,Nagaland,East,1,927,Wallet,4
1731,Madhuri Bhardwaj,Female,25-08-2024,10968,Electronics,32,18-35,Uttar Pradesh,North,3,589,Card,10
1868,Himani Mandal,Female,26-08-2024,10969,Clothing,57,51-65,Odisha,East,4,1415,Wallet,7
1040,Akhilraj Rao,Male,27-08-2024,10970,Home,43,36-50,Bihar,East,6,585,Card,7
1739,Mahesh Choudhary,Male,28-08-2024,10971,Electronics,19,18-35,Puducherry,South,7,1476,Card,11
1703,Gagan Khan,Male,29-08-2024,10972,Electronics,24,18-35,Punjab,North,2,895,COD,8
1922,Manpreet Barman,Female,30-08-2024,10973,Home,45,36-50,Kerala,South,4,1065,Card,2
1501,Gia Rawat,Female,31-08-2024,10974,Electronics,50,36-50,Maharashtra,West,7,491,Wallet,11
1958,Iqra Bansal,Female,01-09-2024,10975,Electronics,54,51-65,Bihar,East,7,1219,Card,6
1144,Disha Mukherjee,Female,02-09-2024,10976,Beauty,57,51-65,Gujarat,West,2,639,COD,3
1200,Anmol Nanda,Female,03-09-2024,10977,Electronics,43,36-50,Assam,East,1,609,Card,8
1928,Raman Dubey,Male,04-09-2024,10978,Electronics,31,18-35,Sikkim,East,6,1261,Card,4
1723,Anagha Varma,Female,05-09-2024,10979,Clothing,27,18-35,Goa,West,6,752,Card,4
1460,Riya Kumar,Female,06-09-2024,10980,Electronics,37,36-50,Assam,East,6,320,COD,2
1731,Aasif Khatri,Female,07-09-2024,10981,Clothing,20,18-35,Kerala,South,4,586,COD,6
1751,Shrishti Basu,Female,08-09-2024,10982,Home,60,51-65,Jharkhand,East,2,587,COD,6
1924,Ambuj Mishra,Male,09-09-2024,10983,Electronics,46,36-50,Uttarakhand,North,6,1413,Wallet,1
1908,Aravind Sahu,Male,10-09-2024,10984,Clothing,45,36-50,Karnataka,South,7,1434,COD,8
1557,Dinesh Upadhyay,Male,11-09-2024,10985,Clothing,30,18-35,West Bengal,East,7,583,Wallet,3
1546,Vineet Anand,Male,12-09-2024,10986,Electronics,50,36-50,Telangana,South,5,486,Card,1
1252,Savita Datt,Female,13-09-2024,10987,Clothing,38,36-50,Uttar Pradesh,North,5,1055,Card,10
1389,Koyal Mahajan,Female,14-09-2024,10988,Electronics,48,36-50,Uttar Pradesh,North,2,1108,Card,1
1593,Akshit Zaveri,Male,15-09-2024,10989,Clothing,34,18-35,Karnataka,South,4,1269,Card,1
1882,Vaishali Ahuja,Female,16-09-2024,10990,Electronics,18,18-35,Madhya Pradesh,Central,4,1249,COD,5
1255,Kushal Vaidya,Male,17-09-2024,10991,Clothing,41,36-50,Odisha,East,1,833,COD,5
1708,Shlok Tiwari,Male,18-09-2024,10992,Electronics,54,51-65,Odisha,East,1,770,COD,1
1814,Madhav Puri,Male,19-09-2024,10993,Home,34,18-35,Maharashtra,West,6,1212,COD,5
1920,Gayatri Dahiya,Female,20-09-2024,10994,Electronics,24,18-35,Odisha,East,3,578,Wallet,7
1449,Apurv Solanki,Male,21-09-2024,10995,Clothing,21,18-35,Delhi,North,7,1135,Wallet,5
1009,Dheeraj Menon,Male,22-09-2024,10996,Clothing,25,18-35,Kerala,South,1,1418,Card,9
1823,Vihan Malik,Female,23-09-2024,10997,Home,52,51-65,Andhra Pradesh,South,4,360,Card,4
1797,Karthik Nath,Male,24-09-2024,10998,Clothing,48,36-50,Assam,East,7,504,Card,9
1241,Kusum Kulkarni,Female,25-09-2024,10999,Home,57,51-65,Gujarat,West,3,933,Card,8
1250,Abhayank Reddy,Male,26-09-2024,11000,Home,43,36-50,Rajasthan,North,1,367,COD,1
1876,Hargun Chaturvedi,Female,27-09-2024,11001,Beauty,36,36-50,Ladakh,North,2,714,COD,4
1004,Aadi Sehgal,Female,28-09-2024,11002,Electronics,25,18-35,Andhra Pradesh,South,5,536,Card,7
1118,Mohit Nair,Male,29-09-2024,11003,Clothing,22,18-35,Gujarat,West,1,680,COD,1
1800,Lata Lala,Female,30-09-2024,11004,Home,53,51-65,Tripura,East,1,511,COD,8
1373,Sushant Kaur,Male,01-10-2024,11005,Beauty,24,18-35,Rajasthan,North,2,1424,Card,11
1064,Javed Tripathi,Male,02-10-2024,11006,Beauty,33,18-35,Kerala,South,4,936,Card,2
1145,Vivek Yogi,Male,03-10-2024,11007,Clothing,37,36-50,Haryana,North,6,998,Wallet,8
1223,Manoj Bisht,Male,04-10-2024,11008,Electronics,44,36-50,Bihar,East,2,406,COD,11
1238,Alka Prasad,Female,05-10-2024,11009,Clothing,23,18-35,Jammu and Kashmir,North,6,1353,Card,4
1176,Chitransh Bose,Male,06-10-2024,11010,Home,56,51-65,Mizoram,East,1,1490,Card,8
1778,Bhoomi Kapoor,Female,07-10-2024,11011,Clothing,38,36-50,Telangana,South,4,1400,Card,1
1852,Prabhjot Harit,Female,08-10-2024,11012,Clothing,34,18-35,Rajasthan,North,3,649,Card,5
1281,Manvi Banerjee,Female,09-10-2024,11013,Home,35,18-35,Karnataka,South,1,307,Wallet,9
1062,Laxman Zaidi,Male,10-10-2024,11014,Clothing,40,36-50,Dadra and Nagar Haveli and Daman and Diu,West,2,673,Card,7
1216,Bijay Agarwal,Male,11-10-2024,11015,Beauty,36,36-50,Maharashtra,West,3,350,Card,3
1853,Mansi Samant,Female,12-10-2024,11016,Clothing,26,18-35,Assam,East,5,718,Card,4
1826,Abhijeet Tyagi,Male,13-10-2024,11017,Electronics,33,18-35,Madhya Pradesh,Central,3,1037,COD,10
1794,Tanvi Pande,Female,14-10-2024,11018,Clothing,59,51-65,Chhattisgarh,Central,2,805,Card,7
1688,Saroja Pandey,Female,15-10-2024,11019,Home,29,18-35,Gujarat,West,7,1277,Card,6
1460,Kavya Sharma,Female,16-10-2024,11020,Electronics,22,18-35,Maharashtra,West,3,536,COD,4
1928,Sonam Khandelwal,Female,17-10-2024,11021,Electronics,29,18-35,Jharkhand,East,2,754,Card,3
1609,Akhilesh Chauhan,Male,18-10-2024,11022,Beauty,58,51-65,Haryana,North,7,1437,Card,11
1104,Krishnakant Srivastava,Male,19-10-2024,11023,Electronics,39,36-50,Himachal Pradesh,North,1,1492,Card,2
1098,Nishita Malhotra,Female,20-10-2024,11024,Clothing,25,18-35,Gujarat,West,7,784,COD,10
1510,Anuraj Dixit,Male,21-10-2024,11025,Clothing,55,51-65,Maharashtra,West,4,1298,Wallet,9
1384,Ratnesh Sinha,Male,22-10-2024,11026,Clothing,47,36-50,Uttar Pradesh,North,5,1258,Card,3
1404,Aadhya Dev,Female,23-10-2024,11027,Clothing,41,36-50,Karnataka,South,7,422,Card,7
1822,Juhi Somani,Female,24-10-2024,11028,Electronics,46,36-50,Gujarat,West,4,744,Card,1
1517,Samaira Naidu,Female,25-10-2024,11029,Clothing,60,51-65,Jharkhand,East,4,462,COD,8
1475,Krisha Kashyap,Female,26-10-2024,11030,Clothing,55,51-65,Meghalaya,East,4,786,COD,1
1976,Srikar Parashar,Male,27-10-2024,11031,Home,40,36-50,Bihar,East,7,1284,COD,2
1708,Deep Shah,Female,28-10-2024,11032,Electronics,44,36-50,Punjab,North,2,406,COD,1
1862,Iqbal Mehta,Male,29-10-2024,11033,Clothing,56,51-65,Maharashtra,West,2,662,Wallet,4
1644,Vikas Gill,Male,30-10-2024,11034,Electronics,37,36-50,Karnataka,South,5,594,Wallet,2
1869,Atreya Ghosh,Male,31-10-2024,11035,Electronics,46,36-50,West Bengal,East,2,910,COD,1
1770,Kailash Dhami,Male,01-11-2024,11036,Electronics,56,51-65,Assam,East,6,749,COD,1
1436,Ambar Niyogi,Male,02-11-2024,11037,Electronics,49,36-50,Gujarat,West,2,1051,Card,2
1022,Tanuj Negi,Male,03-11-2024,11038,Home,36,36-50,Karnataka,South,2,1332,COD,6
1996,Jogendra Tomar,Male,04-11-2024,11039,Electronics,51,51-65,West Bengal,East,2,402,COD,2
1564,Rupesh Yadav,Male,05-11-2024,11040,Beauty,52,51-65,Gujarat,West,1,943,COD,11
1676,Aniket Dwivedi,Male,06-11-2024,11041,Beauty,59,51-65,Kerala,South,5,1294,Card,2
1713,Abhiraaj Garg,Male,07-11-2024,11042,Clothing,51,51-65,Puducherry,South,6,369,COD,8
1457,Kalyan Pradhan,Male,08-11-2024,11043,Electronics,20,18-35,Jammu and Kashmir,North,2,837,COD,5
1082,Ishani Soni,Female,09-11-2024,11044,Clothing,34,18-35,Karnataka,South,5,503,COD,8
1144,Abhayanand Patel,Male,10-11-2024,11045,Home,20,18-35,West Bengal,East,3,1368,Card,8
1084,Kripal Bohra,Male,11-11-2024,11046,Clothing,47,36-50,Uttar Pradesh,North,1,456,Card,2
1077,Ishan Narayan,Male,12-11-2024,11047,Electronics,49,36-50,Himachal Pradesh,North,7,651,Card,7
1456,Binita Arya,Female,13-11-2024,11048,Clothing,48,36-50,Himachal Pradesh,North,2,1252,Wallet,9
1877,Naina Bhatt,Female,14-11-2024,11049,Home,25,18-35,Tamil Nadu,South,6,735,COD,8
1000,Supriya Raghav,Female,15-11-2024,11050,Home,34,18-35,Punjab,North,1,1181,Card,9
1050,Utkarsh Nigam,Male,16-11-2024,11051,Electronics,33,18-35,Uttar Pradesh,North,6,376,Card,8
1684,Urmila Suri,Female,17-11-2024,11052,Home,29,18-35,Chhattisgarh,Central,7,646,COD,4
1716,Ishika Gandhi,Female,18-11-2024,11053,Electronics,21,18-35,Mizoram,East,7,657,Card,10
1771,Shivani Panwar,Female,19-11-2024,11054,Electronics,49,36-50,Uttar Pradesh,North,1,971,Wallet,7
1445,Diganth Verma,Male,20-11-2024,11055,Beauty,34,18-35,Assam,East,3,1398,COD,9
1448,Ashok Jaiswal,Male,21-11-2024,11056,Electronics,47,36-50,Assam,East,5,341,Card,9
1880,Sunil Subramanian,Male,22-11-2024,11057,Electronics,36,36-50,Kerala,South,1,1117,COD,4
1487,Avika Lal,Female,23-11-2024,11058,Electronics,28,18-35,Maharashtra,West,4,526,Card,7
1799,Jitendra Jain,Male,24-11-2024,11059,Beauty,57,51-65,Maharashtra,West,7,641,Wallet,6
1033,Purav Goyal,Male,25-11-2024,11060,Home,56,51-65,Meghalaya,East,3,381,Card,3
1347,Ishaan Kaushik,Male,26-11-2024,11061,Clothing,42,36-50,Andhra Pradesh,South,7,1064,Wallet,10
1094,Sanat Arora,Male,27-11-2024,11062,Home,22,18-35,Andhra Pradesh,South,4,538,COD,6
1071,Vishakha Chandra,Female,28-11-2024,11063,Electronics,23,18-35,West Bengal,East,3,1449,Wallet,8
1550,Bharat Modi,Male,29-11-2024,11064,Clothing,45,36-50,Tamil Nadu,South,7,1366,Card,2
1153,Nandan Rathore,Male,30-11-2024,11065,Clothing,58,51-65,Maharashtra,West,4,326,Card,3
1249,Navneet Gupta,Male,01-12-2024,11066,Electronics,52,51-65,Meghalaya,East,4,504,COD,8
1673,Yogesh Rana,Male,02-12-2024,11067,Clothing,30,18-35,Haryana,North,7,715,COD,4
1437,Shivam Jindal,Male,03-12-2024,11068,Beauty,39,36-50,Uttar Pradesh,North,7,459,Card,4
1117,Rakesh Trivedi,Male,04-12-2024,11069,Electronics,59,51-65,Punjab,North,6,1448,Card,2
1770,Pranavi Deshmukh,Female,05-12-2024,11070,Electronics,37,36-50,Himachal Pradesh,North,1,747,Card,11
1890,Dev Patil,Female,06-12-2024,11071,Electronics,42,36-50,Maharashtra,West,1,865,COD,10
1305,Roshni Vohra,Female,07-12-2024,11072,Electronics,59,51-65,Telangana,South,3,1117,Card,1
1267,Geetika Shetty,Female,08-12-2024,11073,Beauty,35,18-35,West Bengal,East,5,1389,Card,7
1960,Rani Narang,Female,09-12-2024,11074,Clothing,47,36-50,Delhi,North,7,748,Card,4
1053,Farhan Aggarwal,Male,10-12-2024,11075,Clothing,22,18-35,Ladakh,North,6,308,Card,6
1235,Amey Saini,Male,11-12-2024,11076,Home,31,18-35,Uttar Pradesh,North,1,1279,Card,8
1388,Eshita Mittal,Female,12-12-2024,11077,Electronics,25,18-35,West Bengal,East,1,530,Wallet,11
1989,Shambhavi Saxena,Female,13-12-2024,11078,Clothing,34,18-35,Maharashtra,West,6,898,Card,7
1733,Avinash Tandon,Male,14-12-2024,11079,Clothing,55,51-65,Tamil Nadu,South,2,1010,Wallet,7
1762,Manas Joshi,Male,15-12-2024,11080,Clothing,33,18-35,Madhya Pradesh,Central,6,1225,Card,6
1824,Niraj Sen,Male,16-12-2024,11081,Beauty,53,51-65,Odisha,East,1,1241,Card,11
1400,Pushkar Pillai,Male,17-12-2024,11082,Home,52,51-65,West Bengal,East,5,1114,Card,4
1623,Saumya Salvi,Female,18-12-2024,11083,Clothing,50,36-50,Gujarat,West,2,1385,COD,4
1766,Harsh Shukla,Male,19-12-2024,11084,Home,39,36-50,Andhra Pradesh,South,4,393,COD,9
1302,Purnima Bhatia,Female,20-12-2024,11085,Electronics,44,36-50,Uttar Pradesh,North,6,1010,COD,11
1918,Jeevan Dey,Male,21-12-2024,11086,Electronics,33,18-35,Delhi,North,4,1398,Card,5
1206,Harsha Desai,Female,22-12-2024,11087,Electronics,53,51-65,Bihar,East,2,910,Wallet,9
1228,Navjot Khanna,Female,23-12-2024,11088,Electronics,28,18-35,Telangana,South,2,707,Wallet,11
1852,Ganesh Jha,Male,24-12-2024,11089,Clothing,50,36-50,Telangana,South,2,987,Card,9
1909,Mayank Das,Male,25-12-2024,11090,Clothing,29,18-35,Bihar,East,3,1233,COD,4
1577,Dhanashree Randhawa,Female,26-12-2024,11091,Beauty,41,36-50,Tripura,East,6,1120,COD,2
1074,Mridula Mohan,Female,27-12-2024,11092,Clothing,55,51-65,Dadra and Nagar Haveli and Daman and Diu,West,7,920,Card,2
1434,Rudraksh Bhardwaj,Male,28-12-2024,11093,Clothing,28,18-35,Uttar Pradesh,North,5,616,Card,9
1102,Tarun Mandal,Male,29-12-2024,11094,Electronics,42,36-50,Rajasthan,North,5,954,COD,9
1421,Jyoti Rao,Female,30-12-2024,11095,Electronics,54,51-65,Chhattisgarh,Central,4,1067,Wallet,3
1703,Adwait Choudhary,Male,31-12-2024,11096,Clothing,56,51-65,Gujarat,West,4,376,Card,5
1763,Swapnil Khan,Male,01-01-2025,11097,Clothing,28,18-35,Karnataka,South,7,483,COD,5
1737,Pavi Barman,Female,02-01-2025,11098,Home,47,36-50,Meghalaya,East,4,569,Wallet,2
1805,Shrey Rawat,Male,03-01-2025,11099,Electronics,26,18-35,Rajasthan,North,6,908,Card,2
1305,Jay Bansal,Male,04-01-2025,11100,Electronics,30,18-35,Tamil Nadu,South,1,1499,Card,10
1097,Uday Mukherjee,Female,05-01-2025,11101,Clothing,26,18-35,Assam,East,4,827,COD,1
1849,Indrajit Nanda,Male,06-01-2025,11102,Electronics,53,51-65,Himachal Pradesh,North,2,938,Card,2
1797,Satish Dubey,Male,07-01-2025,11103,Electronics,31,18-35,Punjab,North,4,1253,Card,11
1334,Jaideep Varma,Male,08-01-2025,11104,Home,33,18-35,Gujarat,West,2,1492,Card,7
1858,Sarvesh Kumar,Male,09-01-2025,11105,Electronics,40,36-50,Dadra and Nagar Haveli and Daman and Diu,West,3,1087,Card,1
1434,Paras Khatri,Male,10-01-2025,11106,Clothing,50,36-50,Uttar Pradesh,North,1,433,Wallet,1
1446,Krishna Basu,Female,11-01-2025,11107,Electronics,29,18-35,Sikkim,East,1,456,COD,9
1993,Chhavi Mishra,Female,12-01-2025,11108,Electronics,42,36-50,Telangana,South,7,910,Card,2
1307,Yuvraj Sahu,Male,13-01-2025,11109,Clothing,53,51-65,Mizoram,East,6,890,COD,11
1248,Rudra Upadhyay,Male,14-01-2025,11110,Home,27,18-35,Uttar Pradesh,North,6,1414,Wallet,4
1165,Anisha Anand,Female,15-01-2025,11111,Clothing,35,18-35,Tamil Nadu,South,5,951,Card,11
1480,Bhanu Datt,Male,16-01-2025,11112,Home,40,36-50,Karnataka,South,3,1320,Card,3
1983,Yashika Mahajan,Female,17-01-2025,11113,Electronics,37,36-50,Haryana,North,7,1370,Wallet,11
1334,Hina Zaveri,Female,18-01-2025,11114,Home,30,18-35,Delhi,North,6,968,Wallet,4
1541,Rekha Ahuja,Female,19-01-2025,11115,Electronics,34,18-35,Jharkhand,East,2,367,Card,11
1758,Raghavendra Vaidya,Male,20-01-2025,11116,Home,37,36-50,Karnataka,South,3,804,Card,11
1105,Karishma Tiwari,Female,21-01-2025,11117,Clothing,30,18-35,Uttar Pradesh,North,1,874,Card,7
1562,Ravindra Puri,Male,22-01-2025,11118,Beauty,30,18-35,Rajasthan,North,2,1245,Card,10
1080,Nityanand Dahiya,Male,23-01-2025,11119,Clothing,30,18-35,Karnataka,South,7,654,COD,2
1132,Anagh Solanki,Male,24-01-2025,11120,Electronics,20,18-35,Uttar Pradesh,North,7,1045,Card,2
1796,Arpita Menon,Female,25-01-2025,11121,Electronics,29,18-35,Tamil Nadu,South,3,450,Card,9
1899,Chetan Malik,Male,26-01-2025,11122,Home,25,18-35,Delhi,North,1,1432,COD,6
1137,Jayanti Nath,Female,27-01-2025,11123,Clothing,21,18-35,Nagaland,East,6,737,Wallet,11
1183,Jeevika Kulkarni,Female,28-01-2025,11124,Home,21,18-35,Telangana,South,2,553,Card,7
1400,Geeta Reddy,Female,29-01-2025,11125,Electronics,28,18-35,Uttar Pradesh,North,2,324,Card,5
1329,Roshan Chaturvedi,Male,30-01-2025,11126,Electronics,53,51-65,Chhattisgarh,Central,1,1030,Wallet,5
1784,Sahej Sehgal,Female,31-01-2025,11127,Electronics,33,18-35,Telangana,South,2,1195,COD,4
1507,Yashwant Nair,Male,01-02-2025,11128,Beauty,36,36-50,Assam,East,6,465,Card,8
1851,Bibek Lala,Male,02-02-2025,11129,Home,59,51-65,Delhi,North,6,1043,Card,7
1983,Sagar Kaur,Male,03-02-2025,11130,Beauty,48,36-50,Punjab,North,6,442,Card,10
1068,Harini Tripathi,Female,04-02-2025,11131,Electronics,33,18-35,Tripura,East,1,894,COD,2
1545,Puneet Yogi,Male,05-02-2025,11132,Clothing,58,51-65,Madhya Pradesh,Central,4,703,Card,2
1773,Buddhadev Bisht,Male,06-02-2025,11133,Home,39,36-50,Telangana,South,4,1492,Card,6
1052,Gunjan Prasad,Female,07-02-2025,11134,Electronics,24,18-35,Tamil Nadu,South,7,1474,Card,11
1449,Mihir Bose,Male,08-02-2025,11135,Home,55,51-65,Karnataka,South,7,594,Card,1
1204,Girija Kapoor,Female,09-02-2025,11136,Beauty,35,18-35,Delhi,North,2,1076,COD,7
1125,Viraj Harit,Male,10-02-2025,11137,Beauty,29,18-35,Rajasthan,North,6,593,Card,8
1746,Durga Banerjee,Female,11-02-2025,11138,Home,32,18-35,Chhattisgarh,Central,2,322,Card,10
1042,Lakhan Zaidi,Male,12-02-2025,11139,Electronics,33,18-35,Tripura,East,1,640,Wallet,8
1751,Damini Agarwal,Female,13-02-2025,11140,Electronics,35,18-35,Karnataka,South,2,709,COD,3
1970,Ashmita Samant,Female,14-02-2025,11141,Beauty,22,18-35,Delhi,North,5,374,Card,7
1882,Lekha Tyagi,Female,15-02-2025,11142,Electronics,49,36-50,Punjab,North,4,1215,COD,1
1110,Poorva Pande,Female,16-02-2025,11143,Home,33,18-35,Meghalaya,East,2,964,Card,11
1760,Pallavi Pandey,Female,17-02-2025,11144,Home,45,36-50,Kerala,South,2,1103,COD,3
1662,Kartik Sharma,Male,18-02-2025,11145,Clothing,35,18-35,Mizoram,East,3,1032,COD,6
1182,Alok Khandelwal,Male,19-02-2025,11146,Beauty,24,18-35,Assam,East,2,1411,COD,9
1847,Lina Chauhan,Female,20-02-2025,11147,Electronics,58,51-65,Maharashtra,West,5,989,COD,5
1094,Govind Srivastava,Male,21-02-2025,11148,Electronics,22,18-35,West Bengal,East,4,301,Card,5
1970,Bodh Malhotra,Male,22-02-2025,11149,Electronics,43,36-50,Andaman and Nicobar Islands,South,3,1062,COD,9
1373,Kabir Dixit,Male,23-02-2025,11150,Clothing,20,18-35,Tripura,East,1,1246,Card,9
1911,Oorja Sinha,Female,24-02-2025,11151,Electronics,56,51-65,West Bengal,East,7,372,Card,6
1519,Aniruddha Dev,Male,25-02-2025,11152,Electronics,26,18-35,Kerala,South,1,573,Wallet,5
1899,Anvi Somani,Female,26-02-2025,11153,Home,52,51-65,Maharashtra,West,4,1432,COD,10
1359,Prateek Naidu,Male,27-02-2025,11154,Beauty,39,36-50,Chhattisgarh,Central,7,917,Wallet,2
1899,Suhani Kashyap,Female,28-02-2025,11155,Electronics,58,51-65,Andhra Pradesh,South,1,306,Card,11
1695,Mehak Parashar,Female,01-03-2025,11156,Clothing,45,36-50,Manipur,East,5,573,COD,8
1280,Ishita Shah,Female,02-03-2025,11157,Beauty,26,18-35,Madhya Pradesh,Central,2,340,Card,8
1194,Vishnu Mehta,Male,03-03-2025,11158,Electronics,18,18-35,Odisha,East,4,485,COD,7
1863,Raghav Gill,Male,04-03-2025,11159,Electronics,46,36-50,Uttar Pradesh,North,7,1334,Card,8
1194,Abha Ghosh,Female,05-03-2025,11160,Electronics,53,51-65,Rajasthan,North,3,1029,Card,3
1666,Shalini Dhami,Female,06-03-2025,11161,Clothing,60,51-65,Rajasthan,North,2,550,Card,3
1092,Sharvani Niyogi,Female,07-03-2025,11162,Electronics,37,36-50,Manipur,East,1,547,COD,2
1671,Anirudh Negi,Male,08-03-2025,11163,Beauty,52,51-65,Odisha,East,1,579,Card,1
1945,Eshwar Tomar,Male,09-03-2025,11164,Clothing,57,51-65,Karnataka,South,3,588,Wallet,3
1060,Amarnath Yadav,Male,10-03-2025,11165,Clothing,24,18-35,Meghalaya,East,5,995,Card,3
1633,Jasleen Dwivedi,Female,11-03-2025,11166,Electronics,44,36-50,Manipur,East,3,660,Card,7
1050,Bhavana Garg,Female,12-03-2025,11167,Clothing,23,18-35,Nagaland,East,4,800,Card,10
1402,Sanchita Pradhan,Female,13-03-2025,11168,Home,48,36-50,Rajasthan,North,3,589,Wallet,9
1788,Basant Soni,Male,14-03-2025,11169,Home,45,36-50,Gujarat,West,1,1230,Card,1
1004,Abhyuday Patel,Male,15-03-2025,11170,Home,21,18-35,Chhattisgarh,Central,5,633,Card,8
1465,Anuradha Bohra,Female,16-03-2025,11171,Clothing,60,51-65,Odisha,East,5,1447,COD,1
1603,Siya Narayan,Female,17-03-2025,11172,Beauty,26,18-35,Rajasthan,North,6,1174,Card,3
1681,Eklavya Arya,Male,18-03-2025,11173,Home,31,18-35,Uttar Pradesh,North,3,927,COD,4
1828,Arnav Bhatt,Male,19-03-2025,11174,Home,51,51-65,Karnataka,South,4,1426,Card,11
1533,Yami Raghav,Female,20-03-2025,11175,Electronics,18,18-35,Rajasthan,North,1,1431,COD,8
1404,Ayana Nigam,Female,21-03-2025,11176,Electronics,46,36-50,Rajasthan,North,2,1386,Card,1
1837,Indira Suri,Female,22-03-2025,11177,Electronics,52,51-65,Delhi,North,5,953,COD,2
1512,Hemant Gandhi,Male,23-03-2025,11178,Home,31,18-35,West Bengal,East,3,793,COD,11
1644,Antara Panwar,Female,24-03-2025,11179,Clothing,26,18-35,Uttar Pradesh,North,6,1192,COD,5
1232,Nirav Verma,Male,25-03-2025,11180,Clothing,42,36-50,Maharashtra,West,4,845,COD,6
1523,Sandeep Jaiswal,Male,26-03-2025,11181,Beauty,57,51-65,Uttar Pradesh,North,4,1131,Wallet,5
1345,Mahendra Subramanian,Male,27-03-2025,11182,Beauty,55,51-65,Chhattisgarh,Central,7,644,Card,3
1045,Virat Lal,Male,28-03-2025,11183,Beauty,42,36-50,Madhya Pradesh,Central,1,545,Card,10
1545,Jitesh Jain,Male,29-03-2025,11184,Electronics,18,18-35,Assam,East,5,1484,COD,7
1944,Rajni Goyal,Female,30-03-2025,11185,Home,45,36-50,Uttar Pradesh,North,1,783,COD,1
1077,Kishori Kaushik,Female,31-03-2025,11186,Electronics,29,18-35,Odisha,East,6,611,Card,2
1729,Vedant Arora,Male,01-04-2025,11187,Electronics,57,51-65,Rajasthan,North,2,832,COD,11
1812,Ritesh Chandra,Male,02-04-2025,11188,Electronics,33,18-35,Punjab,North,2,952,Card,9
1922,Anandhan Modi,Male,03-04-2025,11189,Electronics,52,51-65,Assam,East,2,1480,COD,4
1072,Aman Rathore,Female,04-04-2025,11190,Clothing,30,18-35,Madhya Pradesh,Central,4,1460,Wallet,8
1793,Abhinandan Gupta,Male,05-04-2025,11191,Home,60,51-65,Bihar,East,5,605,COD,9
1248,Jahan Rana,Female,06-04-2025,11192,Electronics,43,36-50,Telangana,South,1,1157,Card,7
1046,Barkha Jindal,Female,07-04-2025,11193,Home,57,51-65,Maharashtra,West,1,401,COD,1
1120,Aadesh Trivedi,Male,08-04-2025,11194,Clothing,28,18-35,Rajasthan,North,6,1125,COD,5
1213,Aditiya Deshmukh,Male,09-04-2025,11195,Electronics,46,36-50,Goa,West,2,649,Card,6
1238,Sarthak Patil,Male,10-04-2025,11196,Clothing,58,51-65,Kerala,South,5,953,COD,11
1055,Suraj Vohra,Male,11-04-2025,11197,Electronics,44,36-50,Punjab,North,5,493,Wallet,8
1349,Arya Shetty,Female,12-04-2025,11198,Clothing,40,36-50,Uttar Pradesh,North,6,1043,Card,10
1106,Ronak Narang,Male,13-04-2025,11199,Clothing,49,36-50,Madhya Pradesh,Central,3,1442,Card,8
1830,Bishal Aggarwal,Male,14-04-2025,11200,Electronics,29,18-35,Odisha,East,5,323,Card,9
1047,Rina Saini,Female,15-04-2025,11201,Electronics,35,18-35,Uttar Pradesh,North,5,663,COD,9
1572,Aditi Mittal,Female,16-04-2025,11202,Clothing,51,51-65,West Bengal,East,1,775,Wallet,4
1336,Chiranjeev Saxena,Male,17-04-2025,11203,Beauty,24,18-35,Mizoram,East,6,525,COD,6
1025,Arpit Tandon,Male,18-04-2025,11204,Electronics,23,18-35,Andhra Pradesh,South,5,726,Card,3
1803,Srishti Joshi,Female,19-04-2025,11205,Home,24,18-35,Karnataka,South,5,1425,COD,1
1256,Sana Sen,Female,20-04-2025,11206,Home,37,36-50,Jharkhand,East,1,357,COD,6
1007,Monika Pillai,Female,21-04-2025,11207,Beauty,56,51-65,Gujarat,West,5,758,COD,1
1624,Anushka Salvi,Female,22-04-2025,11208,Home,28,18-35,Andhra Pradesh,South,1,916,Card,9
1866,Devika Shukla,Female,23-04-2025,11209,Clothing,18,18-35,Maharashtra,West,3,1062,COD,11
1252,Arindam Bhatia,Male,24-04-2025,11210,Home,51,51-65,Uttar Pradesh,North,4,1166,Card,6
1691,Vikash Dey,Male,25-04-2025,11211,Beauty,25,18-35,Telangana,South,7,1119,Card,1
1718,Shubham Desai,Male,26-04-2025,11212,Clothing,43,36-50,West Bengal,East,1,1062,COD,11
1302,Tejas Khanna,Female,27-04-2025,11213,Electronics,59,51-65,Gujarat,West,1,585,Wallet,3
1638,Harshita Jha,Female,28-04-2025,11214,Electronics,41,36-50,Bihar,East,5,838,Card,1
1055,Binay Das,Male,29-04-2025,11215,Home,30,18-35,Madhya Pradesh,Central,1,596,Wallet,2
1725,Bhakti Randhawa,Female,30-04-2025,11216,Home,29,18-35,Tamil Nadu,South,6,718,Card,6
1525,Bhargav Mohan,Male,01-05-2025,11217,Electronics,58,51-65,Punjab,North,2,1164,COD,7
1473,Prem Bhardwaj,Male,02-05-2025,11218,Clothing,46,36-50,Assam,East,2,592,Card,1
1027,Gokul Mandal,Male,03-05-2025,11219,Clothing,59,51-65,Odisha,East,3,336,Card,10
1982,Ananya Rao,Female,04-05-2025,11220,Electronics,60,51-65,Uttar Pradesh,North,1,920,COD,5
1077,Ashwin Choudhary,Male,05-05-2025,11221,Beauty,44,36-50,Punjab,North,6,1360,COD,6
1215,Pooja Khan,Female,06-05-2025,11222,Electronics,39,36-50,Madhya Pradesh,Central,5,1295,COD,4
1385,Bhavin Barman,Male,07-05-2025,11223,Electronics,32,18-35,Meghalaya,East,5,685,COD,6
1364,Akhil Rawat,Male,08-05-2025,11224,Clothing,48,36-50,West Bengal,East,7,1093,COD,5
1665,Reet Bansal,Female,09-05-2025,11225,Home,29,18-35,Telangana,South,4,876,Wallet,11
1525,Avantika Mukherjee,Female,10-05-2025,11226,Electronics,25,18-35,Arunachal Pradesh,East,3,1480,COD,7
1698,Kriti Nanda,Female,11-05-2025,11227,Home,31,18-35,Goa,West,6,668,Card,4
1311,Pratik Dubey,Male,12-05-2025,11228,Clothing,57,51-65,Sikkim,East,6,1061,Card,1
1882,Aruna Varma,Female,13-05-2025,11229,Electronics,26,18-35,Maharashtra,West,7,929,Card,2
1006,Damodar Kumar,Male,14-05-2025,11230,Electronics,21,18-35,Madhya Pradesh,Central,7,1441,COD,6
1002,Balwant Khatri,Male,15-05-2025,11231,Clothing,23,18-35,Haryana,North,5,811,Card,10
1622,Ravi Basu,Male,16-05-2025,11232,Electronics,47,36-50,Assam,East,4,450,Card,11
1918,Swara Mishra,Female,17-05-2025,11233,Beauty,55,51-65,Uttar Pradesh,North,5,413,Card,2
1749,Punit Sahu,Male,18-05-2025,11234,Home,59,51-65,Andhra Pradesh,South,4,1026,COD,5
1362,Aseem Upadhyay,Female,19-05-2025,11235,Beauty,58,51-65,Uttarakhand,North,2,850,Card,4
1750,Tejal Anand,Female,20-05-2025,11236,Electronics,43,36-50,Gujarat,West,6,834,Card,7
1507,Manju Datt,Female,21-05-2025,11237,Beauty,31,18-35,Andaman and Nicobar Islands,South,7,1050,COD,4
1273,Abhay Mahajan,Male,22-05-2025,11238,Clothing,46,36-50,Maharashtra,West,2,938,COD,7
1505,Hansika Zaveri,Female,23-05-2025,11239,Electronics,25,18-35,Andhra Pradesh,South,5,767,Card,11
1805,Sandhya Ahuja,Female,24-05-2025,11240,Electronics,33,18-35,Gujarat,West,3,1289,COD,8
1738,Sai Vaidya,Male,25-05-2025,11241,Electronics,60,51-65,Odisha,East,1,1081,Card,7
1882,Brinda Tiwari,Female,26-05-2025,11242,Home,39,36-50,Andaman and Nicobar Islands,South,3,1421,Wallet,2
1014,Kunal Puri,Male,27-05-2025,11243,Clothing,36,36-50,West Bengal,East,3,1060,Card,11
1191,Samiksha Dahiya,Female,28-05-2025,11244,Electronics,48,36-50,Haryana,North,1,1208,Wallet,1
1984,Prema Solanki,Female,29-05-2025,11245,Clothing,44,36-50,Uttar Pradesh,North,6,726,Wallet,5
1630,Rishabh Menon,Male,30-05-2025,11246,Electronics,60,51-65,Nagaland,East,2,623,COD,7
1484,Diya Malik,Female,31-05-2025,11247,Clothing,25,18-35,Maharashtra,West,2,810,Card,1
1027,Bhavesh Nath,Male,01-06-2025,11248,Clothing,43,36-50,Punjab,North,6,1094,COD,11
1713,Ibrahim Kulkarni,Male,02-06-2025,11249,Home,51,51-65,Jammu and Kashmir,North,1,1473,Card,8
1038,Shruti Reddy,Female,03-06-2025,11250,Home,34,18-35,Andhra Pradesh,South,4,657,Wallet,3
1952,Rashmi Chaturvedi,Female,04-06-2025,11251,Clothing,39,36-50,Madhya Pradesh,Central,3,1247,COD,7
1272,Dilip Sehgal,Male,05-06-2025,11252,Clothing,26,18-35,Kerala,South,5,1374,Wallet,3
1230,Palak Nair,Female,06-06-2025,11253,Clothing,40,36-50,Goa,West,2,1315,COD,4
1085,Ashima Lala,Female,07-06-2025,11254,Home,41,36-50,Uttarakhand,North,6,800,COD,8
1473,Deepali Kaur,Female,08-06-2025,11255,Electronics,21,18-35,Bihar,East,5,552,COD,2
1125,Akshara Tripathi,Female,09-06-2025,11256,Electronics,33,18-35,Maharashtra,West,7,1349,Card,6
1811,Siddhant Yogi,Male,10-06-2025,11257,Electronics,45,36-50,Chhattisgarh,Central,1,575,COD,10
1536,Sujata Bisht,Female,11-06-2025,11258,Clothing,25,18-35,Andhra Pradesh,South,5,742,COD,9
1144,Kesar Prasad,Female,12-06-2025,11259,Clothing,47,36-50,Bihar,East,5,772,Wallet,10
1524,Kanupriya Bose,Female,13-06-2025,11260,Home,45,36-50,Rajasthan,North,3,840,COD,9
1211,Minal Kapoor,Female,14-06-2025,11261,Electronics,42,36-50,Rajasthan,North,1,710,Wallet,5
1024,Zoya Harit,Female,15-06-2025,11262,Clothing,47,36-50,Tamil Nadu,South,5,422,Wallet,3
1579,Trilok Banerjee,Male,16-06-2025,11263,Home,19,18-35,Meghalaya,East,2,1495,COD,6
1393,Indranil Zaidi,Male,17-06-2025,11264,Home,44,36-50,Uttar Pradesh,North,1,1245,Card,9
1066,Hiral Agarwal,Female,18-06-2025,11265,Clothing,22,18-35,Odisha,East,2,1236,COD,6
1232,Abhrajit Samant,Male,19-06-2025,11266,Clothing,21,18-35,Delhi,North,6,705,Card,4
1108,Danish Tyagi,Male,20-06-2025,11267,Electronics,48,36-50,Uttarakhand,North,6,864,Card,11
1145,Anshuman Pande,Male,21-06-2025,11268,Beauty,20,18-35,Maharashtra,West,7,976,Card,5
1110,Harsheen Pandey,Female,22-06-2025,11269,Electronics,41,36-50,Nagaland,East,4,1001,Wallet,7
1227,Jatin Sharma,Male,23-06-2025,11270,Beauty,60,51-65,Punjab,North,6,452,Card,10
1110,Sumit Khandelwal,Male,24-06-2025,11271,Home,57,51-65,Haryana,North,5,977,COD,3
1469,Ahan Chauhan,Male,25-06-2025,11272,Clothing,27,18-35,Punjab,North,1,699,Wallet,9
1033,Rachana Srivastava,Female,26-06-2025,11273,Electronics,35,18-35,Uttar Pradesh,North,6,602,COD,1
1622,Samar Malhotra,Male,27-06-2025,11274,Clothing,19,18-35,Odisha,East,2,1235,COD,8
1775,Rohini Dixit,Female,28-06-2025,11275,Clothing,23,18-35,Delhi,North,5,1389,COD,5
1935,Bhavika Sinha,Female,29-06-2025,11276,Electronics,52,51-65,Kerala,South,6,801,Card,10
1368,Kamini Dev,Female,30-06-2025,11277,Home,59,51-65,Sikkim,East,3,686,Card,9
1747,Ashutosh Somani,Male,01-07-2025,11278,Beauty,29,18-35,Maharashtra,West,2,441,Wallet,2
1594,Roma Naidu,Female,02-07-2025,11279,Clothing,45,36-50,Dadra and Nagar Haveli and Daman and Diu,West,7,1091,Card,1
1553,Anoop Kashyap,Male,03-07-2025,11280,Home,36,36-50,Rajasthan,North,7,756,COD,10
1424,Mohan Parashar,Male,04-07-2025,11281,Electronics,48,36-50,Maharashtra,West,7,1029,COD,7
1612,Manan Shah,Female,05-07-2025,11282,Clothing,23,18-35,Bihar,East,2,1093,Card,10
1517,Abhiram Mehta,Male,06-07-2025,11283,Electronics,20,18-35,Rajasthan,North,7,826,Wallet,11
1691,Girish Gill,Male,07-07-2025,11284,Clothing,29,18-35,Andhra Pradesh,South,4,1488,COD,9
1281,Vishwas Ghosh,Male,08-07-2025,11285,Beauty,57,51-65,Punjab,North,3,937,Card,5
1319,Hema Dhami,Female,09-07-2025,11286,Home,49,36-50,Chhattisgarh,Central,4,1132,Wallet,11
1737,Sourav Niyogi,Male,10-07-2025,11287,Electronics,26,18-35,Tamil Nadu,South,6,1131,COD,4
1442,Abhishek Negi,Male,11-07-2025,11288,Clothing,21,18-35,Andhra Pradesh,South,3,575,COD,4
1951,Arhaan Tomar,Male,12-07-2025,11289,Clothing,58,51-65,Karnataka,South,2,1242,COD,8
1314,Rohan Yadav,Female,13-07-2025,11290,Clothing,55,51-65,Uttar Pradesh,North,4,845,Card,1
1876,Aakash Dwivedi,Male,14-07-2025,11291,Home,30,18-35,West Bengal,East,5,1317,COD,1
1965,Aanya Garg,Female,15-07-2025,11292,Home,38,36-50,Telangana,South,3,477,Card,8
1740,Irfan Pradhan,Male,16-07-2025,11293,Clothing,35,18-35,Telangana,South,2,651,COD,2
1376,Rishi Soni,Male,17-07-2025,11294,Clothing,41,36-50,Tamil Nadu,South,1,1014,COD,10
1288,Eesh Patel,Male,18-07-2025,11295,Electronics,29,18-35,Telangana,South,3,646,Wallet,6
1436,Bani Bohra,Female,19-07-2025,11296,Electronics,26,18-35,Tamil Nadu,South,3,326,COD,2
1661,Surabhi Narayan,Female,20-07-2025,11297,Clothing,41,36-50,Maharashtra,West,6,367,Card,5
1276,Manish Arya,Male,21-07-2025,11298,Clothing,42,36-50,Uttar Pradesh,North,5,912,Wallet,3
1709,Anup Bhatt,Male,22-07-2025,11299,Home,49,36-50,Telangana,South,6,1020,COD,7
1581,Ekta Raghav,Female,23-07-2025,11300,Home,43,36-50,Nagaland,East,7,1487,COD,9
1502,Lipi Nigam,Female,24-07-2025,11301,Electronics,38,36-50,Karnataka,South,3,1307,Card,2
1623,Tanya Suri,Female,25-07-2025,11302,Clothing,32,18-35,Tamil Nadu,South,3,1256,Wallet,7
1515,Nutan Gandhi,Female,26-07-2025,11303,Electronics,56,51-65,Kerala,South,7,1186,Wallet,8
1349,Achal Panwar,Male,27-07-2025,11304,Electronics,47,36-50,Nagaland,East,5,642,COD,10
1842,Nikhil Verma,Male,28-07-2025,11305,Home,39,36-50,Andhra Pradesh,South,5,1318,Wallet,8
1445,Ranjana Jaiswal,Female,29-07-2025,11306,Electronics,55,51-65,Uttar Pradesh,North,4,1347,Card,7
1829,Agastya Subramanian,Male,30-07-2025,11307,Clothing,59,51-65,Delhi,North,2,1484,Wallet,4
1349,Ratan Lal,Male,31-07-2025,11308,Electronics,57,51-65,Madhya Pradesh,Central,2,625,COD,4
1606,Soumya Jain,Female,01-08-2025,11309,Beauty,49,36-50,Jammu and Kashmir,North,4,485,Card,10
1663,Raj Goyal,Male,02-08-2025,11310,Clothing,49,36-50,Puducherry,South,2,630,COD,9
1822,Rhea Kaushik,Female,03-08-2025,11311,Electronics,37,36-50,Rajasthan,North,3,1289,COD,10
1136,Parul Arora,Female,04-08-2025,11312,Clothing,20,18-35,Punjab,North,4,899,Card,9
1758,Sampath Chandra,Male,05-08-2025,11313,Home,25,18-35,Arunachal Pradesh,East,4,433,Card,5
1898,Avni Modi,Female,06-08-2025,11314,Beauty,25,18-35,Himachal Pradesh,North,2,390,Card,7
1242,Aarna Rathore,Female,07-08-2025,11315,Electronics,56,51-65,Tamil Nadu,South,1,701,Card,7
1542,Malavika Gupta,Female,08-08-2025,11316,Beauty,59,51-65,Madhya Pradesh,Central,2,1223,Card,9
1039,Aastha Rana,Female,09-08-2025,11317,Beauty,59,51-65,Kerala,South,6,1119,Card,7
1228,Pankhuri Jindal,Female,10-08-2025,11318,Beauty,44,36-50,Assam,East,1,392,Card,8
1547,Avinandan Trivedi,Male,11-08-2025,11319,Clothing,57,51-65,Himachal Pradesh,North,4,660,Wallet,7
1919,Adit Deshmukh,Male,12-08-2025,11320,Clothing,55,51-65,Tamil Nadu,South,1,949,COD,11
1222,Tulika Patil,Female,13-08-2025,11321,Clothing,34,18-35,Haryana,North,3,469,Card,4
1005,Yamini Vohra,Female,14-08-2025,11322,Home,36,36-50,Maharashtra,West,5,693,Wallet,2
1321,Fatima Shetty,Female,15-08-2025,11323,Clothing,31,18-35,Karnataka,South,1,1224,COD,3
1467,Sonu Narang,Male,16-08-2025,11324,Home,25,18-35,Gujarat,West,6,1099,COD,7
1731,Sapna Aggarwal,Female,17-08-2025,11325,Clothing,28,18-35,West Bengal,East,5,441,COD,11
1074,Divij Saini,Male,18-08-2025,11326,Home,46,36-50,Kerala,South,3,1110,Card,11
1003,Kishore Mittal,Male,19-08-2025,11327,Home,59,51-65,Rajasthan,North,6,329,Card,9
1846,Vipin Saxena,Male,20-08-2025,11328,Electronics,38,36-50,Himachal Pradesh,North,7,1019,Card,11
1645,Ira Tandon,Female,21-08-2025,11329,Home,24,18-35,Puducherry,South,5,688,COD,2
1117,Nandini Joshi,Female,22-08-2025,11330,Clothing,39,36-50,Uttar Pradesh,North,7,1332,COD,7
1880,Eshika Sen,Female,23-08-2025,11331,Home,54,51-65,Haryana,North,3,331,COD,4
1605,Rajeev Pillai,Male,24-08-2025,11332,Clothing,52,51-65,Delhi,North,5,874,Card,7
1503,Shailendra Salvi,Male,25-08-2025,11333,Clothing,25,18-35,Gujarat,West,5,1087,COD,5
1997,Veer Shukla,Male,26-08-2025,11334,Beauty,32,18-35,Karnataka,South,2,338,COD,7
1946,Digambar Bhatia,Male,27-08-2025,11335,Electronics,28,18-35,Telangana,South,6,870,Wallet,6
1573,Shreyansh Dey,Male,28-08-2025,11336,Home,28,18-35,Andhra Pradesh,South,6,325,Card,2
1440,Shreya Desai,Female,29-08-2025,11337,Clothing,35,18-35,Telangana,South,1,1375,Wallet,7
1193,Gauri Khanna,Female,30-08-2025,11338,Clothing,53,51-65,Ladakh,North,7,691,Wallet,5
1846,Urvi Jha,Female,31-08-2025,11339,Electronics,55,51-65,Tamil Nadu,South,7,1227,COD,9
1714,Ansh Das,Male,01-09-2025,11340,Clothing,36,36-50,Odisha,East,6,671,COD,11
1391,Nilesh Randhawa,Male,02-09-2025,11341,Electronics,48,36-50,Maharashtra,West,6,1289,Card,1
1025,Aamir Mohan,Male,03-09-2025,11342,Electronics,47,36-50,Delhi,North,5,796,Wallet,1
1434,Pradyumn Bhardwaj,Male,04-09-2025,11343,Electronics,52,51-65,Maharashtra,West,7,912,Card,2
1172,Rajiv Mandal,Male,05-09-2025,11344,Electronics,37,36-50,Chhattisgarh,Central,4,729,COD,8
1299,Neel Rao,Male,06-09-2025,11345,Beauty,60,51-65,Rajasthan,North,2,419,Card,11
1644,Rashi Choudhary,Female,07-09-2025,11346,Beauty,23,18-35,Jammu and Kashmir,North,1,523,Card,9
1325,Arun Khan,Male,08-09-2025,11347,Clothing,20,18-35,Rajasthan,North,2,580,COD,11
1409,Pankaj Barman,Male,09-09-2025,11348,Home,45,36-50,Kerala,South,1,639,Wallet,11
1117,Balraj Rawat,Male,10-09-2025,11349,Electronics,56,51-65,Odisha,East,3,902,COD,7
1835,Aryaman Bansal,Male,11-09-2025,11350,Home,24,18-35,West Bengal,East,5,1222,Wallet,1
1786,Amrita Mukherjee,Female,12-09-2025,11351,Home,34,18-35,Maharashtra,West,6,903,COD,7
1723,Giridhar Nanda,Male,13-09-2025,11352,Beauty,35,18-35,Uttar Pradesh,North,6,408,Card,8
1224,Sawan Dubey,Male,14-09-2025,11353,Clothing,53,51-65,Andhra Pradesh,South,4,1491,Card,7
1531,Parikshit Varma,Male,15-09-2025,11354,Home,21,18-35,Maharashtra,West,7,752,COD,5
1112,Ragini Kumar,Female,16-09-2025,11355,Electronics,44,36-50,Nagaland,East,7,366,Card,7
1139,Afreen Khatri,Female,17-09-2025,11356,Beauty,31,18-35,Jharkhand,East,2,1447,COD,10
1558,Yash Basu,Male,18-09-2025,11357,Electronics,36,36-50,Tamil Nadu,South,2,1439,Card,11
1000,Vikram Mishra,Male,19-09-2025,11358,Clothing,45,36-50,Rajasthan,North,2,1311,Card,2
1089,Meghna Sahu,Female,20-09-2025,11359,Home,34,18-35,Himachal Pradesh,North,7,510,COD,9
1653,Saurabh Upadhyay,Male,21-09-2025,11360,Home,56,51-65,Bihar,East,6,442,COD,2
1319,Kumari Anand,Female,22-09-2025,11361,Electronics,20,18-35,Rajasthan,North,7,830,Card,2
1549,Vani Datt,Female,23-09-2025,11362,Beauty,24,18-35,Chhattisgarh,Central,2,1226,Card,5
1804,Akash Mahajan,Male,24-09-2025,11363,Electronics,50,36-50,Tamil Nadu,South,5,1414,Card,8
1893,Eshaan Zaveri,Male,25-09-2025,11364,Clothing,47,36-50,West Bengal,East,1,1259,Card,6
1138,Anuja Ahuja,Female,26-09-2025,11365,Electronics,41,36-50,Maharashtra,West,6,864,COD,9
1510,Keshav Vaidya,Male,27-09-2025,11366,Electronics,60,51-65,Rajasthan,North,5,839,COD,6
1867,Nikita Tiwari,Female,28-09-2025,11367,Clothing,25,18-35,Gujarat,West,3,1007,Card,5
1844,Ritik Puri,Male,29-09-2025,11368,Clothing,60,51-65,Telangana,South,5,1106,Card,1
1258,Armaan Dahiya,Male,30-09-2025,11369,Electronics,48,36-50,Punjab,North,5,1158,Card,8
1672,Mahima Solanki,Female,01-10-2025,11370,Electronics,45,36-50,Sikkim,East,3,1188,Card,3
1901,Kanika Menon,Female,02-10-2025,11371,Clothing,30,18-35,Kerala,South,5,550,COD,2
1689,Kanhaiya Malik,Male,03-10-2025,11372,Home,36,36-50,Sikkim,East,1,326,Card,7
1009,Pranav Nath,Male,04-10-2025,11373,Beauty,25,18-35,Goa,West,6,947,Card,11
1260,Aanchal Kulkarni,Female,05-10-2025,11374,Electronics,23,18-35,Assam,East,4,1308,COD,2
1918,Pari Reddy,Female,06-10-2025,11375,Clothing,34,18-35,Tripura,East,7,384,Card,1
1649,Jigna Chaturvedi,Female,07-10-2025,11376,Electronics,49,36-50,Andhra Pradesh,South,3,802,COD,11
1171,Mini Sehgal,Female,08-10-2025,11377,Electronics,28,18-35,Haryana,North,6,1144,COD,2
1897,Mishti Nair,Female,09-10-2025,11378,Home,52,51-65,Odisha,East,2,361,Card,6
1012,Anoopkumar Lala,Male,10-10-2025,11379,Clothing,32,18-35,Bihar,East,1,1122,COD,2
1167,Ekam Kaur,Female,11-10-2025,11380,Electronics,27,18-35,Uttar Pradesh,North,4,836,COD,1
1641,Dalip Tripathi,Male,12-10-2025,11381,Electronics,19,18-35,Tamil Nadu,South,1,1045,COD,1
1595,Om Yogi,Male,13-10-2025,11382,Electronics,31,18-35,Tamil Nadu,South,1,722,COD,4
1320,Megha Bisht,Female,14-10-2025,11383,Home,45,36-50,Telangana,South,2,360,Wallet,8
1318,Adesh Prasad,Male,15-10-2025,11384,Beauty,27,18-35,Delhi,North,4,1024,Wallet,6
1612,Aditya Bose,Male,16-10-2025,11385,Electronics,22,18-35,Punjab,North,7,772,COD,4
1328,Hitesh Kapoor,Male,17-10-2025,11386,Electronics,31,18-35,Gujarat,West,1,1401,Wallet,6
1784,Avaneesh Harit,Male,18-10-2025,11387,Beauty,43,36-50,Uttar Pradesh,North,2,455,Card,6
1776,Ketan Banerjee,Male,19-10-2025,11388,Beauty,23,18-35,Uttarakhand,North,3,1116,COD,9
1970,Aaliya Zaidi,Female,20-10-2025,11389,Clothing,54,51-65,Bihar,East,2,1118,Card,4
1910,Rajan Agarwal,Male,21-10-2025,11390,Electronics,25,18-35,Punjab,North,5,1057,Card,6
1919,Chirag Samant,Male,22-10-2025,11391,Electronics,21,18-35,Punjab,North,6,1360,COD,10
1549,Hemendra Tyagi,Male,23-10-2025,11392,Clothing,55,51-65,Telangana,South,2,1391,COD,1
1418,Preeti Pande,Female,24-10-2025,11393,Clothing,50,36-50,Bihar,East,2,1194,Card,7
1605,Sanaya Pandey,Female,25-10-2025,11394,Electronics,18,18-35,Himachal Pradesh,North,2,700,COD,7
1094,Ritu Sharma,Female,26-10-2025,11395,Clothing,28,18-35,Uttarakhand,North,7,1460,COD,11
1816,Isha Khandelwal,Female,27-10-2025,11396,Electronics,37,36-50,West Bengal,East,1,808,Card,1
1580,Aarav Chauhan,Male,28-10-2025,11397,Home,36,36-50,Karnataka,South,7,1380,Card,8
1317,Milan Srivastava,Female,29-10-2025,11398,Electronics,32,18-35,Jharkhand,East,4,422,Card,5
1955,Bankim Malhotra,Male,30-10-2025,11399,Electronics,38,36-50,Andaman and Nicobar Islands,South,2,604,Card,9
1235,Teena Dixit,Female,31-10-2025,11400,Clothing,34,18-35,Karnataka,South,2,1323,COD,8
1945,Tarini Sinha,Female,01-11-2025,11401,Clothing,29,18-35,Madhya Pradesh,Central,5,1299,Card,3
1333,Adarsh Dev,Male,02-11-2025,11402,Beauty,56,51-65,Karnataka,South,5,1227,Card,1
1884,Faisal Somani,Male,03-11-2025,11403,Clothing,25,18-35,Maharashtra,West,3,708,COD,3
1375,Mira Naidu,Female,04-11-2025,11404,Electronics,59,51-65,Bihar,East,3,899,COD,2
1458,Aradhana Kashyap,Female,05-11-2025,11405,Home,57,51-65,Karnataka,South,5,390,Card,2
1136,Biren Parashar,Male,06-11-2025,11406,Electronics,58,51-65,Chhattisgarh,Central,4,564,Card,11
1929,Sriharsh Shah,Male,07-11-2025,11407,Beauty,51,51-65,Odisha,East,3,473,Card,4
1587,Drishti Mehta,Female,08-11-2025,11408,Clothing,28,18-35,Jammu and Kashmir,North,6,747,COD,2
1994,Alankar Gill,Male,09-11-2025,11409,Clothing,22,18-35,Maharashtra,West,6,953,Wallet,8
1546,Sara Ghosh,Female,10-11-2025,11410,Electronics,25,18-35,Ladakh,North,4,739,COD,5
1512,Satyam Dhami,Male,11-11-2025,11411,Clothing,55,51-65,Rajasthan,North,5,559,Card,1
1295,Leela Niyogi,Female,12-11-2025,11412,Home,25,18-35,Goa,West,3,1290,COD,6
1319,Siddharth Negi,Male,13-11-2025,11413,Home,25,18-35,West Bengal,East,2,1261,Card,7
1917,Vidhi Tomar,Female,14-11-2025,11414,Electronics,18,18-35,West Bengal,East,5,865,Card,1
1571,Prasanna Yadav,Male,15-11-2025,11415,Electronics,52,51-65,Bihar,East,3,545,Card,3
1831,Shaurya Dwivedi,Male,16-11-2025,11416,Home,51,51-65,Tamil Nadu,South,4,359,COD,9
1348,Bhaskar Garg,Male,17-11-2025,11417,Beauty,53,51-65,Bihar,East,6,576,COD,7
1839,Bina Pradhan,Female,18-11-2025,11418,Electronics,43,36-50,Delhi,North,4,613,COD,4
1778,Rupali Soni,Female,19-11-2025,11419,Clothing,36,36-50,Odisha,East,3,1324,COD,6
1872,Himanshu Patel,Male,20-11-2025,11420,Electronics,41,36-50,Maharashtra,West,4,1231,Card,6
1228,Abeer Bohra,Female,21-11-2025,11421,Beauty,22,18-35,Ladakh,North,3,906,Card,3
1269,Nandita Narayan,Female,22-11-2025,11422,Electronics,45,36-50,Goa,West,3,1341,COD,2
1827,Trisha Arya,Female,23-11-2025,11423,Electronics,26,18-35,Odisha,East,4,1104,COD,5
1797,Karan Bhatt,Male,24-11-2025,11424,Home,36,36-50,Odisha,East,1,952,COD,8
1290,Lopa Raghav,Female,25-11-2025,11425,Electronics,56,51-65,Gujarat,West,2,732,Card,3
1724,Dayanand Nigam,Male,26-11-2025,11426,Clothing,53,51-65,Rajasthan,North,5,1300,COD,5
1164,Aishwarya Suri,Female,27-11-2025,11427,Clothing,19,18-35,Telangana,South,6,833,Card,3
1004,Manav Gandhi,Male,28-11-2025,11428,Electronics,40,36-50,Punjab,North,2,462,COD,7
1850,Bhavik Panwar,Male,29-11-2025,11429,Clothing,35,18-35,Rajasthan,North,5,1101,COD,6
1378,Param Verma,Male,30-11-2025,11430,Clothing,58,51-65,Meghalaya,East,5,307,Wallet,6
1077,Oviya Jaiswal,Female,01-12-2025,11431,Electronics,43,36-50,Bihar,East,6,656,Card,1
1409,Dhruv Subramanian,Male,02-12-2025,11432,Clothing,60,51-65,Rajasthan,North,2,494,COD,2
1573,Nitya Lal,Female,03-12-2025,11433,Home,51,51-65,Karnataka,South,6,454,COD,6
1131,Prashant Jain,Male,04-12-2025,11434,Home,34,18-35,Maharashtra,West,3,1010,Card,8
1600,Samarth Goyal,Male,05-12-2025,11435,Electronics,49,36-50,Uttar Pradesh,North,6,720,Card,5
1748,Mukul Kaushik,Male,06-12-2025,11436,Electronics,56,51-65,Jammu and Kashmir,North,4,1105,COD,2
1041,Amar Arora,Male,07-12-2025,11437,Electronics,26,18-35,Goa,West,1,333,Card,5
1088,Shantanu Chandra,Male,08-12-2025,11438,Clothing,29,18-35,Jharkhand,East,1,692,Card,9
1401,Dileep Modi,Male,09-12-2025,11439,Clothing,51,51-65,Kerala,South,1,934,Wallet,6
1295,Pritam Rathore,Male,10-12-2025,11440,Home,53,51-65,Bihar,East,2,1270,COD,5
1839,Kirti Gupta,Female,11-12-2025,11441,Electronics,40,36-50,Bihar,East,2,1166,Card,10
1294,Anurag Rana,Male,12-12-2025,11442,Electronics,21,18-35,Odisha,East,3,456,COD,6
1615,Shania Jindal,Female,13-12-2025,11443,Clothing,36,36-50,Uttar Pradesh,North,7,1094,COD,11
1525,Vishal Trivedi,Male,14-12-2025,11444,Home,39,36-50,Rajasthan,North,1,1044,Wallet,9
1799,Divakar Deshmukh,Male,15-12-2025,11445,Electronics,55,51-65,Gujarat,West,3,1357,COD,7
1690,Dushyant Patil,Male,16-12-2025,11446,Clothing,41,36-50,Maharashtra,West,7,1041,Wallet,10
1636,Anand Vohra,Male,17-12-2025,11447,Electronics,23,18-35,Puducherry,South,1,1125,Card,3
1421,Sahil Shetty,Male,18-12-2025,11448,Beauty,59,51-65,Punjab,North,2,1088,COD,10
1864,Deepika Narang,Female,19-12-2025,11449,Beauty,35,18-35,Gujarat,West,7,726,Card,10
1022,Eesha Aggarwal,Female,20-12-2025,11450,Electronics,49,36-50,Kerala,South,4,562,Card,5
1574,Pranay Saini,Male,21-12-2025,11451,Electronics,53,51-65,Jharkhand,East,4,1114,COD,4
1142,Ashwini Mittal,Female,22-12-2025,11452,Clothing,43,36-50,Odisha,East,4,850,Card,11
1992,Baldev Saxena,Male,23-12-2025,11453,Electronics,52,51-65,Himachal Pradesh,North,6,1487,COD,5
1664,Anika Tandon,Female,24-12-2025,11454,Home,51,51-65,Jharkhand,East,4,1076,Wallet,8
1144,Nirbhay Joshi,Male,25-12-2025,11455,Home,22,18-35,West Bengal,East,5,1283,Card,11
1224,Shiven Sen,Male,26-12-2025,11456,Home,30,18-35,Ladakh,North,1,1170,Card,6
1502,Rajat Pillai,Male,27-12-2025,11457,Home,52,51-65,Maharashtra,West,4,321,COD,4
1961,Anirban Salvi,Male,28-12-2025,11458,Clothing,19,18-35,Tamil Nadu,South,7,805,Wallet,5
1973,Simran Shukla,Female,29-12-2025,11459,Electronics,22,18-35,Gujarat,West,5,766,COD,11
1820,Navya Bhatia,Female,30-12-2025,11460,Home,49,36-50,Odisha,East,5,1450,COD,7
1615,Omkar Dey,Male,31-12-2025,11461,Clothing,40,36-50,Jharkhand,East,5,1472,Card,8
1103,Rajeshwari Desai,Female,01-01-2026,11462,Home,33,18-35,Karnataka,South,3,1087,Card,5
1946,Hridya Khanna,Female,02-01-2026,11463,Electronics,39,36-50,Sikkim,East,7,489,COD,2
1038,Sanjana Jha,Female,03-01-2026,11464,Electronics,42,36-50,West Bengal,East,3,313,Card,6
1946,Ujjwal Das,Male,04-01-2026,11465,Beauty,22,18-35,Telangana,South,5,835,Wallet,9
1197,Ridhima Randhawa,Female,05-01-2026,11466,Electronics,44,36-50,Karnataka,South,6,1364,COD,3
1645,Onkar Mohan,Male,06-01-2026,11467,Beauty,44,36-50,Maharashtra,West,4,930,COD,7
1578,Hemanth Bhardwaj,Male,07-01-2026,11468,Beauty,50,36-50,Rajasthan,North,1,495,COD,8
1390,Parth Mandal,Male,08-01-2026,11469,Home,58,51-65,Uttar Pradesh,North,7,421,COD,6
1178,Advika Rao,Female,09-01-2026,11470,Home,41,36-50,Chhattisgarh,Central,6,1275,COD,3
1967,Ipsita Choudhary,Female,10-01-2026,11471,Clothing,49,36-50,Andhra Pradesh,South,2,1053,Wallet,1
1553,Bhupesh Khan,Male,11-01-2026,11472,Beauty,55,51-65,Himachal Pradesh,North,3,992,Wallet,3
1447,Aisha Barman,Female,12-01-2026,11473,Electronics,18,18-35,Odisha,East,4,1325,Wallet,11
1499,Kaushal Rawat,Male,13-01-2026,11474,Clothing,45,36-50,Madhya Pradesh,Central,4,465,Wallet,6
1014,Anamika Bansal,Female,14-01-2026,11475,Clothing,23,18-35,Assam,East,2,458,COD,11
1622,Lakshya Mukherjee,Female,15-01-2026,11476,Clothing,51,51-65,Bihar,East,2,558,COD,4
1668,Darshan Nanda,Male,16-01-2026,11477,Clothing,18,18-35,Gujarat,West,7,1498,Card,1
1288,Anupama Dubey,Female,17-01-2026,11478,Electronics,51,51-65,Maharashtra,West,4,940,Card,6
1477,Amisha Varma,Female,18-01-2026,11479,Clothing,41,36-50,Delhi,North,2,646,Card,1
1230,Snehal Kumar,Female,19-01-2026,11480,Beauty,54,51-65,Gujarat,West,4,1247,Card,8
1922,Srinivas Khatri,Male,20-01-2026,11481,Electronics,25,18-35,Andhra Pradesh,South,6,1258,Card,3
1419,Eshani Basu,Female,21-01-2026,11482,Beauty,37,36-50,Jammu and Kashmir,North,7,1230,Card,3
1156,Agney Mishra,Male,22-01-2026,11483,Home,29,18-35,Assam,East,2,915,Wallet,1
1549,Vinay Sahu,Male,23-01-2026,11484,Home,47,36-50,Himachal Pradesh,North,6,319,Wallet,3
1440,Mahi Upadhyay,Female,24-01-2026,11485,Clothing,36,36-50,Odisha,East,6,750,Card,7
1096,Varsha Anand,Female,25-01-2026,11486,Home,26,18-35,Tamil Nadu,South,2,1074,Card,10
1996,Saanvi Datt,Female,26-01-2026,11487,Electronics,21,18-35,Puducherry,South,7,302,Wallet,8
1410,Ajit Mahajan,Male,27-01-2026,11488,Home,60,51-65,West Bengal,East,4,475,Wallet,11
1950,Malini Zaveri,Female,28-01-2026,11489,Electronics,60,51-65,Maharashtra,West,5,1417,Wallet,8
1288,Soham Ahuja,Male,29-01-2026,11490,Beauty,23,18-35,Bihar,East,4,876,Wallet,3
1253,Amardeep Vaidya,Male,30-01-2026,11491,Beauty,39,36-50,Bihar,East,1,994,Wallet,5
1195,Daksh Tiwari,Male,31-01-2026,11492,Electronics,21,18-35,Jharkhand,East,2,967,Card,1
1597,Atul Puri,Male,01-02-2026,11493,Electronics,20,18-35,Madhya Pradesh,Central,3,1200,Card,9
1833,Rohit Dahiya,Male,02-02-2026,11494,Home,44,36-50,Himachal Pradesh,North,7,727,COD,8
1521,Shriya Solanki,Female,03-02-2026,11495,Electronics,30,18-35,Andhra Pradesh,South,2,1283,Card,10
1516,Abhinav Menon,Male,04-02-2026,11496,Beauty,27,18-35,Bihar,East,1,430,Wallet,2
1634,Varun Malik,Male,05-02-2026,11497,Electronics,39,36-50,Uttar Pradesh,North,6,694,COD,10
1841,Jayesh Nath,Male,06-02-2026,11498,Electronics,28,18-35,Bihar,East,3,599,COD,1
1864,Jagruti Kulkarni,Female,07-02-2026,11499,Beauty,24,18-35,Haryana,North,3,1043,Card,4
1117,Ranjan Reddy,Male,08-02-2026,11500,Home,56,51-65,Uttar Pradesh,North,4,570,COD,9
1805,Ayra Chaturvedi,Female,09-02-2026,11501,Home,37,36-50,Goa,West,5,981,COD,8
1908,Meera Sehgal,Female,10-02-2026,11502,Electronics,32,18-35,Maharashtra,West,4,1157,Wallet,3
1158,Neelam Nair,Female,11-02-2026,11503,Home,32,18-35,Chhattisgarh,Central,7,710,Card,10
1814,Alia Lala,Female,12-02-2026,11504,Clothing,32,18-35,Uttar Pradesh,North,3,928,Wallet,6
1227,Ahana Kaur,Female,13-02-2026,11505,Clothing,21,18-35,Delhi,North,3,1089,Wallet,9
1876,Abhishai Tripathi,Male,14-02-2026,11506,Home,46,36-50,West Bengal,East,5,306,COD,10
1215,Charu Yogi,Female,15-02-2026,11507,Clothing,27,18-35,Andaman and Nicobar Islands,South,7,879,COD,8
1947,Hrishikesh Bisht,Male,16-02-2026,11508,Clothing,49,36-50,Uttar Pradesh,North,2,690,COD,10
1695,Anugrah Prasad,Male,17-02-2026,11509,Electronics,58,51-65,Tamil Nadu,South,5,1444,Card,5
1014,Lokesh Bose,Male,18-02-2026,11510,Home,31,18-35,Tamil Nadu,South,6,823,Card,9
1156,Abhilasha Kapoor,Female,19-02-2026,11511,Electronics,51,51-65,Karnataka,South,4,1219,Wallet,9
1647,Noor Harit,Female,20-02-2026,11512,Home,31,18-35,Bihar,East,2,677,COD,3
1260,Suresh Banerjee,Male,21-02-2026,11513,Electronics,59,51-65,Kerala,South,4,980,Card,8
1156,Brishti Zaidi,Female,22-02-2026,11514,Clothing,31,18-35,West Bengal,East,5,360,COD,4
1046,Amrish Agarwal,Male,23-02-2026,11515,Home,18,18-35,Uttar Pradesh,North,2,434,Card,10
1323,Amitabh Samant,Male,24-02-2026,11516,Electronics,32,18-35,Madhya Pradesh,Central,5,839,Card,7
1843,Ruchi Tyagi,Female,25-02-2026,11517,Electronics,54,51-65,Delhi,North,6,796,COD,10
1684,Amruta Pande,Female,26-02-2026,11518,Electronics,36,36-50,West Bengal,East,1,945,Card,8
1129,Mamta Pandey,Female,27-02-2026,11519,Clothing,47,36-50,Chhattisgarh,Central,3,1020,Card,7
1410,Farah Sharma,Female,28-02-2026,11520,Home,58,51-65,Rajasthan,North,7,1097,COD,5
1094,Sonal Khandelwal,Female,01-03-2026,11521,Electronics,51,51-65,Delhi,North,2,494,COD,11
1626,Anu Chauhan,Female,02-03-2026,11522,Home,57,51-65,Chhattisgarh,Central,3,809,Card,1
1754,Komal Srivastava,Female,03-03-2026,11523,Electronics,45,36-50,Madhya Pradesh,Central,1,866,Card,8
1931,Achint Malhotra,Male,04-03-2026,11524,Clothing,60,51-65,Kerala,South,2,928,Card,5
1291,Riddhi Dixit,Female,05-03-2026,11525,Beauty,25,18-35,Chhattisgarh,Central,3,1205,Card,3
1793,Bhumika Sinha,Female,06-03-2026,11526,Electronics,29,18-35,Bihar,East,3,1083,Card,2
1810,Shivali Dev,Female,07-03-2026,11527,Clothing,47,36-50,Arunachal Pradesh,East,2,672,Card,3
1282,Rahul Somani,Male,08-03-2026,11528,Electronics,33,18-35,Assam,East,3,1182,Card,9
1068,Archana Naidu,Female,09-03-2026,11529,Electronics,31,18-35,Andhra Pradesh,South,3,756,Wallet,2
1659,Tanish Kashyap,Male,10-03-2026,11530,Electronics,57,51-65,Sikkim,East,2,1225,Card,10
1010,Ajinkya Parashar,Male,11-03-2026,11531,Electronics,22,18-35,Sikkim,East,7,980,Card,1
1253,Ranveer Shah,Male,12-03-2026,11532,Clothing,18,18-35,Madhya Pradesh,Central,3,798,Card,2
1841,Jagdish Mehta,Male,13-03-2026,11533,Clothing,47,36-50,Ladakh,North,3,426,Card,2
1871,Abhisar Gill,Male,14-03-2026,11534,Clothing,29,18-35,Tamil Nadu,South,7,352,COD,11
1549,Mishka Ghosh,Female,15-03-2026,11535,Electronics,60,51-65,Maharashtra,West,4,408,Card,5
1133,Niharika Dhami,Female,16-03-2026,11536,Electronics,20,18-35,Tamil Nadu,South,6,1411,Card,1
1711,Naresh Niyogi,Male,17-03-2026,11537,Home,34,18-35,Haryana,North,4,776,Card,10
1022,Omesh Negi,Male,18-03-2026,11538,Beauty,19,18-35,Bihar,East,1,534,COD,8
1814,Kalpana Tomar,Female,19-03-2026,11539,Electronics,53,51-65,Tamil Nadu,South,4,587,Card,2
1345,Jahnavi Yadav,Female,20-03-2026,11540,Beauty,22,18-35,Meghalaya,East,4,311,COD,6
1301,Sachin Dwivedi,Male,21-03-2026,11541,Clothing,52,51-65,Uttar Pradesh,North,1,652,Card,5
1362,Amol Garg,Male,22-03-2026,11542,Clothing,28,18-35,Haryana,North,3,509,Card,2
1395,Adhiraj Pradhan,Male,23-03-2026,11543,Clothing,40,36-50,Assam,East,3,985,COD,10
1217,Akanksha Soni,Female,24-03-2026,11544,Electronics,25,18-35,Andhra Pradesh,South,4,989,COD,1
1140,Brijesh Patel,Male,25-03-2026,11545,Electronics,48,36-50,Ladakh,North,1,1281,COD,6
1615,Radhika Bohra,Female,26-03-2026,11546,Clothing,33,18-35,Madhya Pradesh,Central,3,670,Card,6
1957,Vishesh Narayan,Male,27-03-2026,11547,Electronics,27,18-35,Uttar Pradesh,North,5,492,COD,3
1209,Arham Arya,Male,28-03-2026,11548,Beauty,53,51-65,Uttarakhand,North,2,343,Card,8
1984,Inaya Bhatt,Female,29-03-2026,11549,Clothing,45,36-50,Karnataka,South,2,798,COD,9
1992,Grishma Raghav,Female,30-03-2026,11550,Electronics,28,18-35,Assam,East,6,1001,COD,3
1622,Dhanesh Nigam,Male,31-03-2026,11551,Home,31,18-35,Telangana,South,2,395,Card,9
1615,Anuj Suri,Male,01-04-2026,11552,Electronics,45,36-50,Mizoram,East,4,1400,COD,8
1827,Aakriti Gandhi,Female,02-04-2026,11553,Clothing,40,36-50,Odisha,East,2,1011,COD,5
1682,Abhiraj Panwar,Male,03-04-2026,11554,Home,58,51-65,Maharashtra,West,2,1086,Card,6
1459,Jhanvi Verma,Female,04-04-2026,11555,Beauty,51,51-65,Gujarat,West,5,859,Wallet,1
1355,Ruchika Jaiswal,Female,05-04-2026,11556,Home,45,36-50,Puducherry,South,3,1030,Wallet,5
1323,Vanshika Subramanian,Female,06-04-2026,11557,Home,24,18-35,Chhattisgarh,Central,5,507,Card,10
1132,Amit Lal,Male,07-04-2026,11558,Home,48,36-50,Andhra Pradesh,South,4,805,Wallet,10
1887,Sangeeta Jain,Female,08-04-2026,11559,Beauty,19,18-35,Rajasthan,North,2,1334,Card,7
1804,Kajal Goyal,Female,09-04-2026,11560,Electronics,26,18-35,Gujarat,West,7,1349,COD,1
1839,Naman Kaushik,Male,10-04-2026,11561,Electronics,58,51-65,Madhya Pradesh,Central,3,476,Wallet,10
1126,Priya Arora,Female,11-04-2026,11562,Electronics,26,18-35,Madhya Pradesh,Central,6,1305,COD,9
1105,Vidya Chandra,Female,12-04-2026,11563,Electronics,58,51-65,Jammu and Kashmir,North,6,986,Card,7
1603,Shagun Modi,Female,13-04-2026,11564,Home,44,36-50,Karnataka,South,2,587,Wallet,4
1798,Chitra Rathore,Female,14-04-2026,11565,Clothing,36,36-50,Madhya Pradesh,Central,2,427,Card,11
1377,Ashish Gupta,Male,15-04-2026,11566,Clothing,46,36-50,Maharashtra,West,6,1487,Card,4
1904,Parag Rana,Male,16-04-2026,11567,Electronics,42,36-50,Mizoram,East,6,410,Card,11
1050,Alpa Jindal,Female,17-04-2026,11568,Home,25,18-35,Delhi,North,7,439,Wallet,10
1028,Kajalpreet Trivedi,Female,18-04-2026,11569,Electronics,35,18-35,Bihar,East,4,1463,Wallet,7
1461,Hemlata Deshmukh,Female,19-04-2026,11570,Home,51,51-65,Karnataka,South,2,790,Card,6
1295,Tanuja Patil,Female,20-04-2026,11571,Clothing,53,51-65,Punjab,North,6,977,Wallet,3
1296,Avneet Vohra,Female,21-04-2026,11572,Electronics,21,18-35,Gujarat,West,7,684,Card,9
1725,Advik Shetty,Male,22-04-2026,11573,Electronics,52,51-65,Gujarat,West,1,1117,Wallet,6
1778,Amarjeet Narang,Male,23-04-2026,11574,Electronics,57,51-65,Dadra and Nagar Haveli and Daman and Diu,West,6,561,COD,11
1406,Naveen Arya,Male,24-04-2026,11575,Home,48,36-50,Rajasthan,North,3,852,Card,2
1768,Puru Bhatt,Male,25-04-2026,11576,Beauty,31,18-35,Nagaland,East,3,430,Card,10
1813,Arul Raghav,Male,26-04-2026,11577,Clothing,30,18-35,Uttar Pradesh,North,1,557,Card,2
1612,Priyanka Nigam,Female,27-04-2026,11578,Electronics,23,18-35,Madhya Pradesh,Central,4,1240,Card,1
1404,Advait Suri,Male,28-04-2026,11579,Clothing,50,36-50,Madhya Pradesh,Central,2,534,COD,11
1345,Zara Gandhi,Female,29-04-2026,11580,Home,52,51-65,Karnataka,South,2,425,Card,5
1621,Abhinay Panwar,Male,30-04-2026,11581,Home,22,18-35,Telangana,South,6,1013,Wallet,10
1419,Tapasya Verma,Female,01-05-2026,11582,Electronics,49,36-50,Sikkim,East,3,1042,COD,6
1181,Shefali Jaiswal,Female,02-05-2026,11583,Electronics,59,51-65,Kerala,South,4,1483,COD,3
1982,Sumedha Subramanian,Female,03-05-2026,11584,Home,33,18-35,Madhya Pradesh,Central,4,725,Card,4
1824,Kairav Lal,Male,04-05-2026,11585,Clothing,50,36-50,Punjab,North,4,440,Wallet,5
1000,Pradeep Jain,Male,05-05-2026,11586,Electronics,30,18-35,West Bengal,East,6,910,COD,4
1830,Sohail Goyal,Male,06-05-2026,11587,Electronics,48,36-50,Uttar Pradesh,North,2,796,Wallet,9
1949,Shiv Kaushik,Male,07-05-2026,11588,Clothing,37,36-50,Meghalaya,East,4,386,Wallet,3
1566,Yuvika Arora,Female,08-05-2026,11589,Beauty,58,51-65,Bihar,East,6,977,Card,5
1370,Ojasvi Chandra,Female,09-05-2026,11590,Beauty,33,18-35,Rajasthan,North,6,713,Card,7
1935,Kavita Modi,Female,10-05-2026,11591,Clothing,47,36-50,Jharkhand,East,1,1173,Wallet,7
1910,Bhuvan Rathore,Male,11-05-2026,11592,Clothing,42,36-50,Jammu and Kashmir,North,5,333,Wallet,6
1660,Shrikant Gupta,Male,12-05-2026,11593,Electronics,51,51-65,Assam,East,4,345,COD,9
1430,Dakshesh Rana,Male,13-05-2026,11594,Clothing,41,36-50,Chhattisgarh,Central,5,311,Card,7
1968,Divya Jindal,Female,14-05-2026,11595,Clothing,48,36-50,Uttar Pradesh,North,2,694,COD,11
1308,Devendra Trivedi,Male,15-05-2026,11596,Clothing,43,36-50,Bihar,East,6,444,Card,4
1136,Jai Deshmukh,Male,16-05-2026,11597,Clothing,55,51-65,Punjab,North,7,1320,Card,11
1201,Alisha Patil,Female,17-05-2026,11598,Electronics,23,18-35,Bihar,East,4,375,COD,10
1435,Chudamani Vohra,Male,18-05-2026,11599,Electronics,45,36-50,Madhya Pradesh,Central,7,1133,Card,9
1312,Prithvi Shetty,Male,19-05-2026,11600,Electronics,28,18-35,Rajasthan,North,3,662,COD,6
1116,Rajendra Narang,Male,20-05-2026,11601,Electronics,45,36-50,Madhya Pradesh,Central,2,821,Wallet,1
1665,Manisha Aggarwal,Female,21-05-2026,11602,Electronics,18,18-35,Gujarat,West,1,588,Wallet,9
1936,Rakhi Saini,Female,22-05-2026,11603,Beauty,55,51-65,Assam,East,1,1269,Wallet,11
1802,Ayush Mittal,Male,23-05-2026,11604,Clothing,51,51-65,Gujarat,West,5,1054,Wallet,7
1574,Kamal Saxena,Male,24-05-2026,11605,Clothing,48,36-50,Madhya Pradesh,Central,6,968,Card,6
1243,Himesh Tandon,Male,25-05-2026,11606,Beauty,31,18-35,Maharashtra,West,5,581,Wallet,6
1536,Devyani Joshi,Female,26-05-2026,11607,Beauty,30,18-35,Jharkhand,East,3,1296,Wallet,4
1601,Prabhat Sen,Male,27-05-2026,11608,Clothing,25,18-35,Tamil Nadu,South,3,844,Wallet,4
1074,Harleen Pillai,Female,28-05-2026,11609,Home,19,18-35,Meghalaya,East,1,1212,COD,11
1805,Kiran Salvi,Female,29-05-2026,11610,Electronics,50,36-50,Telangana,South,7,930,Card,3
1385,Aparna Shukla,Female,30-05-2026,11611,Electronics,33,18-35,Telangana,South,4,1266,Card,8
1902,Mukesh Bhatia,Male,31-05-2026,11612,Clothing,28,18-35,Uttar Pradesh,North,1,542,Card,8
1209,Nitin Dey,Male,01-06-2026,11613,Home,42,36-50,West Bengal,East,1,1086,Wallet,2
1474,Dhananjay Desai,Male,02-06-2026,11614,Home,19,18-35,Rajasthan,North,7,971,COD,5
1417,Bimal Khanna,Male,03-06-2026,11615,Electronics,25,18-35,Uttar Pradesh,North,7,990,Wallet,9
1346,Gajendra Jha,Male,04-06-2026,11616,Electronics,42,36-50,Kerala,South,3,871,COD,9
1528,Nand Das,Male,05-06-2026,11617,Clothing,45,36-50,Manipur,East,7,464,COD,7
1639,Sarika Randhawa,Female,06-06-2026,11618,Electronics,25,18-35,Tamil Nadu,South,5,816,Card,4
1938,Shilpa Mohan,Female,07-06-2026,11619,Clothing,23,18-35,Goa,West,3,1191,Card,4
1954,Nakul Bhardwaj,Male,08-06-2026,11620,Home,26,18-35,Madhya Pradesh,Central,7,1342,Card,10
1875,Ankit Mandal,Male,09-06-2026,11621,Home,40,36-50,West Bengal,East,6,1098,COD,11
1762,Muskan Rao,Female,10-06-2026,11622,Home,22,18-35,Kerala,South,3,999,Card,7
1178,Anant Choudhary,Male,11-06-2026,11623,Beauty,48,36-50,West Bengal,East,3,599,COD,3
1181,Gyan Khan,Male,12-06-2026,11624,Clothing,29,18-35,Uttar Pradesh,North,1,353,Card,3
1663,Nivedita Barman,Female,13-06-2026,11625,Home,30,18-35,Delhi,North,4,313,Wallet,5
1024,Vinita Rawat,Female,14-06-2026,11626,Clothing,46,36-50,Andaman and Nicobar Islands,South,1,494,Card,11
1966,Akshay Bansal,Male,15-06-2026,11627,Electronics,42,36-50,Madhya Pradesh,Central,2,969,COD,6
1179,Gopal Mukherjee,Male,16-06-2026,11628,Electronics,59,51-65,Karnataka,South,3,1332,Card,8
1709,Aaryan Nanda,Male,17-06-2026,11629,Electronics,35,18-35,Jharkhand,East,7,838,COD,1
1500,Lopamudra Dubey,Female,18-06-2026,11630,Clothing,59,51-65,Maharashtra,West,7,346,Card,7
1855,Aishani Varma,Female,19-06-2026,11631,Clothing,27,18-35,Madhya Pradesh,Central,7,1061,COD,8
1160,Ashita Kumar,Female,20-06-2026,11632,Home,27,18-35,Rajasthan,North,3,370,Wallet,5
1176,Arijit Khatri,Male,21-06-2026,11633,Electronics,31,18-35,Uttar Pradesh,North,7,1274,Card,10
1284,Aarti Basu,Female,22-06-2026,11634,Electronics,19,18-35,Rajasthan,North,2,1420,Card,2
1062,Bhagat Mishra,Male,23-06-2026,11635,Beauty,50,36-50,Andhra Pradesh,South,3,963,COD,4
1661,Vasudha Sahu,Female,24-06-2026,11636,Electronics,23,18-35,Tamil Nadu,South,7,1041,COD,6
1665,Bipin Upadhyay,Male,25-06-2026,11637,Clothing,44,36-50,Kerala,South,3,576,Card,9
1155,Sukanya Anand,Female,26-06-2026,11638,Clothing,35,18-35,Nagaland,East,6,610,COD,2
1881,Anil Datt,Male,27-06-2026,11639,Clothing,55,51-65,Tamil Nadu,South,3,555,Card,4
1468,Advaith Mahajan,Male,28-06-2026,11640,Electronics,32,18-35,West Bengal,East,2,1411,Card,10
1048,Deepak Zaveri,Male,29-06-2026,11641,Electronics,27,18-35,West Bengal,East,1,890,Card,5
1966,Firoz Ahuja,Male,30-06-2026,11642,Electronics,34,18-35,Karnataka,South,3,300,Wallet,8
1848,Harshit Vaidya,Male,01-07-2026,11643,Clothing,46,36-50,Maharashtra,West,4,595,COD,8
1083,Raveena Tiwari,Female,02-07-2026,11644,Clothing,44,36-50,West Bengal,East,2,704,COD,2
1360,Deepa Puri,Female,03-07-2026,11645,Electronics,45,36-50,Meghalaya,East,5,1159,Wallet,6
1688,Jaya Dahiya,Female,04-07-2026,11646,Clothing,42,36-50,Uttar Pradesh,North,6,770,Card,6
1147,Harit Solanki,Male,05-07-2026,11647,Home,44,36-50,Madhya Pradesh,Central,2,843,COD,5
1629,Ramesh Menon,Male,06-07-2026,11648,Electronics,26,18-35,Andaman and Nicobar Islands,South,1,1449,Wallet,8
1341,Sunaina Malik,Female,07-07-2026,11649,Clothing,45,36-50,Uttar Pradesh,North,7,883,Card,10
1475,Rajesh Nath,Male,08-07-2026,11650,Home,60,51-65,Punjab,North,7,1401,Card,2
1062,Mohini Kulkarni,Female,09-07-2026,11651,Electronics,51,51-65,Gujarat,West,2,729,Wallet,2
1700,Vaidehi Reddy,Female,10-07-2026,11652,Electronics,50,36-50,Meghalaya,East,5,822,Wallet,7
1359,Prachi Chaturvedi,Female,11-07-2026,11653,Clothing,59,51-65,Gujarat,West,7,1434,Card,9
1560,Tejaswini Sehgal,Female,12-07-2026,11654,Beauty,59,51-65,Rajasthan,North,6,992,Card,3
1326,Asmita Nair,Female,13-07-2026,11655,Home,46,36-50,Chhattisgarh,Central,4,476,Card,7
1768,Aahan Lala,Female,14-07-2026,11656,Clothing,36,36-50,Mizoram,East,5,428,Card,3
1735,Darpan Kaur,Male,15-07-2026,11657,Home,48,36-50,Maharashtra,West,2,1281,Card,6
1140,Anshul Tripathi,Male,16-07-2026,11658,Clothing,52,51-65,Maharashtra,West,5,754,COD,3
1989,Charita Yogi,Female,17-07-2026,11659,Clothing,25,18-35,Karnataka,South,7,1389,Wallet,1
1214,Sonia Bisht,Female,18-07-2026,11660,Clothing,19,18-35,Haryana,North,7,1065,Card,6
1434,Badrinath Prasad,Male,19-07-2026,11661,Electronics,57,51-65,Chhattisgarh,Central,2,397,Wallet,11
1890,Maitreyi Bose,Female,20-07-2026,11662,Home,34,18-35,Bihar,East,7,625,Card,3
1951,Falguni Kapoor,Female,21-07-2026,11663,Clothing,46,36-50,Goa,West,7,1051,Card,1
1722,Ojas Harit,Male,22-07-2026,11664,Clothing,29,18-35,Andhra Pradesh,South,4,1180,COD,5
1317,Sunita Banerjee,Female,23-07-2026,11665,Beauty,23,18-35,Odisha,East,4,730,Card,8
1031,Varad Zaidi,Male,24-07-2026,11666,Electronics,53,51-65,Uttar Pradesh,North,1,1169,Card,8
1669,Lisha Agarwal,Female,25-07-2026,11667,Electronics,54,51-65,Tamil Nadu,South,4,543,Wallet,8
1284,Avyukt Samant,Male,26-07-2026,11668,Electronics,33,18-35,Maharashtra,West,3,739,Card,3
1304,Mandeep Tyagi,Male,27-07-2026,11669,Home,51,51-65,Manipur,East,5,936,COD,8
1428,Zaid Pande,Male,28-07-2026,11670,Home,29,18-35,Uttar Pradesh,North,5,1163,Card,4
1476,Devesh Pandey,Male,29-07-2026,11671,Electronics,52,51-65,Nagaland,East,2,1299,Card,8
1285,Divyansh Sharma,Male,30-07-2026,11672,Home,48,36-50,Maharashtra,West,4,502,COD,3
1143,Aaradhya Khandelwal,Female,31-07-2026,11673,Clothing,49,36-50,Madhya Pradesh,Central,1,374,Wallet,3
1423,Pavitra Chauhan,Female,01-08-2026,11674,Home,47,36-50,Arunachal Pradesh,East,7,1361,Card,1
1018,Ajay Srivastava,Male,02-08-2026,11675,Clothing,35,18-35,Ladakh,North,1,1190,COD,8
1017,Jignesh Malhotra,Male,03-08-2026,11676,Clothing,57,51-65,West Bengal,East,1,1239,Wallet,8
1768,Joy Dixit,Male,04-08-2026,11677,Beauty,54,51-65,Haryana,North,6,763,COD,9
1589,Pragati Sinha,Female,05-08-2026,11678,Electronics,18,18-35,Assam,East,7,1494,Card,6
1370,Milind Dev,Male,06-08-2026,11679,Electronics,35,18-35,Maharashtra,West,3,1131,COD,2
1174,Hriday Somani,Male,07-08-2026,11680,Clothing,37,36-50,Telangana,South,4,799,COD,1
1193,Keerthi Naidu,Female,08-08-2026,11681,Beauty,43,36-50,Kerala,South,7,390,COD,8
1501,Jayant Kashyap,Male,09-08-2026,11682,Clothing,34,18-35,Dadra and Nagar Haveli and Daman and Diu,West,1,908,COD,10
1987,Abhimanyu Parashar,Male,10-08-2026,11683,Electronics,56,51-65,Assam,East,7,950,Card,4
1112,Madhavi Shah,Female,11-08-2026,11684,Electronics,21,18-35,Ladakh,North,3,1087,COD,11
1113,Vinod Mehta,Male,12-08-2026,11685,Clothing,60,51-65,Haryana,North,5,588,COD,11
1221,Krishnav Gill,Male,13-08-2026,11686,Electronics,40,36-50,Madhya Pradesh,Central,2,691,COD,7
1677,Harish Ghosh,Male,14-08-2026,11687,Home,28,18-35,West Bengal,East,4,365,Wallet,10
1946,Payal Dhami,Female,15-08-2026,11688,Beauty,58,51-65,Rajasthan,North,4,1066,Wallet,4
1830,Sakshi Niyogi,Female,16-08-2026,11689,Clothing,47,36-50,Andhra Pradesh,South,6,795,COD,1
1643,Heena Negi,Female,17-08-2026,11690,Clothing,23,18-35,Maharashtra,West,5,1113,COD,8
1896,Rajveer Tomar,Male,18-08-2026,11691,Clothing,57,51-65,Rajasthan,North,4,670,COD,10
1263,Jasmine Yadav,Female,19-08-2026,11692,Electronics,50,36-50,Andhra Pradesh,South,6,1450,COD,9
1924,Nisha Dwivedi,Female,20-08-2026,11693,Beauty,26,18-35,Jammu and Kashmir,North,6,1033,Wallet,10
1054,Arjun Garg,Male,21-08-2026,11694,Clothing,55,51-65,Maharashtra,West,6,1079,COD,9
1870,Vini Pradhan,Female,22-08-2026,11695,Clothing,44,36-50,Gujarat,West,4,1355,Card,9
1642,Anish Soni,Male,23-08-2026,11696,Home,51,51-65,Rajasthan,North,4,548,COD,11
1799,Indrani Patel,Female,24-08-2026,11697,Clothing,47,36-50,Bihar,East,4,1064,COD,11
1777,Abhimaan Bohra,Male,25-08-2026,11698,Clothing,27,18-35,Delhi,North,3,363,COD,4
1457,Parnika Narayan,Female,26-08-2026,11699,Electronics,27,18-35,Bihar,East,6,328,COD,9
1978,Khushi Arya,Female,27-08-2026,11700,Home,36,36-50,Gujarat,West,3,1019,Card,11
1877,Sharmila Bhatt,Female,28-08-2026,11701,Beauty,41,36-50,Maharashtra,West,2,1315,Card,4
1161,Aaditya Raghav,Male,29-08-2026,11702,Clothing,37,36-50,Uttar Pradesh,North,4,392,Card,2
1379,Ankita Nigam,Female,30-08-2026,11703,Beauty,26,18-35,Andhra Pradesh,South,7,759,Card,10
1992,Janki Suri,Female,31-08-2026,11704,Electronics,40,36-50,Telangana,South,5,986,Card,3
1086,Vedika Gandhi,Female,01-09-2026,11705,Clothing,25,18-35,Odisha,East,1,960,Wallet,2
1054,Hansa Panwar,Female,02-09-2026,11706,Clothing,26,18-35,Tamil Nadu,South,2,1016,Card,1
1475,Harendra Verma,Male,03-09-2026,11707,Clothing,19,18-35,Odisha,East,7,866,Wallet,11
1799,Ahalya Jaiswal,Female,04-09-2026,11708,Clothing,40,36-50,Tamil Nadu,South,1,623,Card,6
1177,Neha Subramanian,Female,05-09-2026,11709,Electronics,57,51-65,Maharashtra,West,1,998,Card,4
1390,Lalit Lal,Male,06-09-2026,11710,Electronics,20,18-35,Chhattisgarh,Central,4,689,COD,7
1348,Gurleen Jain,Female,07-09-2026,11711,Clothing,55,51-65,Tamil Nadu,South,5,712,Card,7
1007,Ekansh Goyal,Male,08-09-2026,11712,Electronics,21,18-35,Telangana,South,1,507,Wallet,10
1832,Sarita Kaushik,Female,09-09-2026,11713,Home,52,51-65,Ladakh,North,6,886,Card,1
1312,Jasmin Arora,Female,10-09-2026,11714,Electronics,30,18-35,Kerala,South,7,1297,Card,9
1758,Swati Chandra,Female,11-09-2026,11715,Electronics,41,36-50,Uttar Pradesh,North,1,593,Wallet,8
1834,Sharad Modi,Male,12-09-2026,11716,Clothing,46,36-50,Andaman and Nicobar Islands,South,2,320,Card,10
1983,Saloni Rathore,Female,13-09-2026,11717,Clothing,46,36-50,Madhya Pradesh,Central,5,857,Card,1
1982,Anshika Gupta,Female,14-09-2026,11718,Beauty,26,18-35,West Bengal,East,5,389,Card,8
1442,Simranjit Rana,Male,15-09-2026,11719,Clothing,56,51-65,Gujarat,West,1,1186,COD,5
1766,Anay Jindal,Male,16-09-2026,11720,Electronics,32,18-35,Karnataka,South,5,1121,Card,1
1327,Renuka Trivedi,Female,17-09-2026,11721,Home,25,18-35,Bihar,East,2,1365,COD,4
1053,Lipika Deshmukh,Female,18-09-2026,11722,Clothing,34,18-35,Maharashtra,West,7,610,Wallet,7
1760,Vibha Patil,Female,19-09-2026,11723,Electronics,53,51-65,Uttar Pradesh,North,2,507,Wallet,5
1238,Suman Vohra,Female,20-09-2026,11724,Clothing,51,51-65,Andaman and Nicobar Islands,South,2,365,Card,11
1228,Tejendra Shetty,Male,21-09-2026,11725,Beauty,22,18-35,Uttar Pradesh,North,6,1267,Card,3
1578,Lavanya Narang,Female,22-09-2026,11726,Clothing,47,36-50,Kerala,South,4,482,Card,11
1050,Reena Aggarwal,Female,23-09-2026,11727,Electronics,20,18-35,Gujarat,West,1,349,COD,4
1608,Sonali Saini,Female,24-09-2026,11728,Electronics,33,18-35,Uttar Pradesh,North,7,401,Card,2
1603,Abhijit Mittal,Male,25-09-2026,11729,Electronics,20,18-35,Maharashtra,West,5,778,Wallet,8
1263,Ijaz Saxena,Male,26-09-2026,11730,Clothing,21,18-35,Uttar Pradesh,North,2,452,COD,2
1417,Neeraj Tandon,Male,27-09-2026,11731,Clothing,27,18-35,Uttar Pradesh,North,1,1035,Card,11
1802,Gaurav Joshi,Male,28-09-2026,11732,Electronics,46,36-50,Assam,East,7,618,COD,6
1095,Sameer Sen,Male,29-09-2026,11733,Beauty,51,51-65,Rajasthan,North,7,444,Card,7
1087,Shikha Pillai,Female,30-09-2026,11734,Home,50,36-50,Delhi,North,1,1465,Card,7
1077,Falak Salvi,Female,01-10-2026,11735,Clothing,35,18-35,Andhra Pradesh,South,4,948,Card,1
1287,Arushi Shukla,Female,02-10-2026,11736,Home,52,51-65,Punjab,North,6,432,Card,8
1119,Ram Bhatia,Male,03-10-2026,11737,Electronics,41,36-50,Gujarat,West,5,616,COD,9
1813,Rajshree Dey,Female,04-10-2026,11738,Clothing,56,51-65,Jammu and Kashmir,North,6,1492,COD,7
1490,Deependra Desai,Male,05-10-2026,11739,Clothing,44,36-50,Karnataka,South,7,859,Card,8
1911,Kishan Khanna,Male,06-10-2026,11740,Home,54,51-65,Uttar Pradesh,North,5,334,Wallet,4
1451,Aayushi Jha,Female,07-10-2026,11741,Home,38,36-50,Madhya Pradesh,Central,7,502,Card,8
1499,Akarsh Das,Male,08-10-2026,11742,Electronics,40,36-50,Punjab,North,2,323,Card,3
1164,Lovish Randhawa,Male,09-10-2026,11743,Beauty,29,18-35,Jharkhand,East,2,330,Card,1
1181,Bhupendra Mohan,Male,10-10-2026,11744,Electronics,41,36-50,Dadra and Nagar Haveli and Daman and Diu,West,1,925,COD,8
1468,Chaitali Bhardwaj,Female,11-10-2026,11745,Beauty,25,18-35,Himachal Pradesh,North,5,374,Wallet,11
1909,Tanay Mandal,Female,12-10-2026,11746,Beauty,40,36-50,West Bengal,East,5,1217,COD,6
1734,Prakash Rao,Male,13-10-2026,11747,Electronics,41,36-50,Telangana,South,7,1172,Wallet,9
1822,Anubhav Choudhary,Male,14-10-2026,11748,Home,35,18-35,Bihar,East,6,1224,Card,3
1943,Sparsh Khan,Male,15-10-2026,11749,Electronics,39,36-50,Maharashtra,West,2,794,Card,8
1977,Inder Barman,Male,16-10-2026,11750,Clothing,55,51-65,Tamil Nadu,South,3,625,COD,9
1006,Sneha Rawat,Female,17-10-2026,11751,Clothing,23,18-35,Andaman and Nicobar Islands,South,1,369,COD,9
1329,Ishwar Bansal,Male,18-10-2026,11752,Clothing,28,18-35,Punjab,North,5,1306,Card,7
1774,Gautam Mukherjee,Male,19-10-2026,11753,Beauty,57,51-65,West Bengal,East,4,582,Wallet,11
1672,Prarthana Nanda,Female,20-10-2026,11754,Home,18,18-35,Andhra Pradesh,South,4,958,Card,10
1150,Madhuri Dubey,Female,21-10-2026,11755,Clothing,24,18-35,Chhattisgarh,Central,3,352,Card,3
1084,Himani Varma,Female,22-10-2026,11756,Home,22,18-35,Puducherry,South,2,1057,COD,3
1146,Akhilraj Kumar,Male,23-10-2026,11757,Beauty,47,36-50,Tripura,East,2,1077,COD,2
1623,Mahesh Khatri,Male,24-10-2026,11758,Electronics,28,18-35,Kerala,South,2,1146,Card,1
1380,Gagan Basu,Male,25-10-2026,11759,Beauty,22,18-35,Uttar Pradesh,North,6,1080,Card,2
1914,Manpreet Mishra,Female,26-10-2026,11760,Electronics,49,36-50,Jharkhand,East,7,696,COD,5
1547,Gia Sahu,Female,27-10-2026,11761,Home,52,51-65,Himachal Pradesh,North,4,1301,COD,1
1284,Iqra Upadhyay,Female,28-10-2026,11762,Electronics,33,18-35,Uttar Pradesh,North,2,898,COD,10
1699,Disha Anand,Female,29-10-2026,11763,Electronics,29,18-35,Madhya Pradesh,Central,4,408,COD,4
1081,Anmol Datt,Female,30-10-2026,11764,Clothing,21,18-35,Arunachal Pradesh,East,3,652,Card,11
1513,Raman Mahajan,Male,31-10-2026,11765,Clothing,27,18-35,Karnataka,South,1,814,Wallet,10
1896,Anagha Zaveri,Female,01-11-2026,11766,Clothing,27,18-35,Dadra and Nagar Haveli and Daman and Diu,West,7,560,Wallet,10
1814,Riya Ahuja,Female,02-11-2026,11767,Electronics,57,51-65,Uttar Pradesh,North,6,1392,Card,1
1708,Aasif Vaidya,Female,03-11-2026,11768,Clothing,43,36-50,Assam,East,5,1295,Card,10
1915,Shrishti Tiwari,Female,04-11-2026,11769,Beauty,39,36-50,Madhya Pradesh,Central,3,1120,Card,8
1522,Ambuj Puri,Male,05-11-2026,11770,Clothing,47,36-50,West Bengal,East,7,918,COD,5
1745,Aravind Dahiya,Male,06-11-2026,11771,Electronics,27,18-35,Gujarat,West,4,990,Wallet,10
1385,Dinesh Solanki,Male,07-11-2026,11772,Clothing,18,18-35,Odisha,East,3,1471,COD,4
1706,Vineet Menon,Male,08-11-2026,11773,Electronics,52,51-65,Odisha,East,5,1150,Wallet,3
1470,Savita Malik,Female,09-11-2026,11774,Home,50,36-50,Karnataka,South,7,704,Card,9
1118,Koyal Nath,Female,10-11-2026,11775,Home,44,36-50,Maharashtra,West,6,315,COD,6
1395,Akshit Kulkarni,Male,11-11-2026,11776,Clothing,42,36-50,Maharashtra,West,1,550,Card,1
1531,Vaishali Reddy,Female,12-11-2026,11777,Clothing,43,36-50,West Bengal,East,5,1375,Card,8
1260,Kushal Chaturvedi,Male,13-11-2026,11778,Home,58,51-65,Manipur,East,7,1205,COD,10
1804,Shlok Sehgal,Male,14-11-2026,11779,Clothing,35,18-35,Chhattisgarh,Central,6,836,Card,2
1933,Madhav Nair,Male,15-11-2026,11780,Home,36,36-50,Tripura,East,4,636,COD,9
1255,Gayatri Lala,Female,16-11-2026,11781,Clothing,29,18-35,Punjab,North,5,838,COD,11
1733,Apurv Kaur,Male,17-11-2026,11782,Home,37,36-50,Uttar Pradesh,North,3,341,Wallet,7
1904,Dheeraj Tripathi,Male,18-11-2026,11783,Clothing,47,36-50,Karnataka,South,2,479,Card,3
1225,Vihan Yogi,Female,19-11-2026,11784,Clothing,54,51-65,Punjab,North,3,850,COD,4
1052,Karthik Bisht,Male,20-11-2026,11785,Beauty,57,51-65,Madhya Pradesh,Central,4,829,Wallet,3
1939,Kusum Prasad,Female,21-11-2026,11786,Clothing,20,18-35,Chhattisgarh,Central,7,1458,Wallet,6
1866,Abhayank Bose,Male,22-11-2026,11787,Clothing,25,18-35,Kerala,South,1,1282,COD,9
1499,Hargun Kapoor,Female,23-11-2026,11788,Electronics,46,36-50,Madhya Pradesh,Central,5,767,COD,10
1505,Aadi Harit,Female,24-11-2026,11789,Clothing,31,18-35,Andhra Pradesh,South,7,1367,Card,9
1853,Mohit Banerjee,Male,25-11-2026,11790,Clothing,52,51-65,Haryana,North,1,858,COD,1
1363,Lata Zaidi,Female,26-11-2026,11791,Electronics,31,18-35,Uttar Pradesh,North,4,1272,COD,10
1279,Sushant Agarwal,Male,27-11-2026,11792,Electronics,54,51-65,Bihar,East,5,1283,COD,6
1592,Javed Samant,Male,28-11-2026,11793,Clothing,24,18-35,Arunachal Pradesh,East,6,382,COD,1
1713,Vivek Tyagi,Male,29-11-2026,11794,Home,45,36-50,Karnataka,South,6,466,Card,11
1157,Manoj Pande,Male,30-11-2026,11795,Clothing,40,36-50,Jharkhand,East,7,1469,Card,4
1631,Alka Pandey,Female,01-12-2026,11796,Electronics,44,36-50,Bihar,East,3,349,COD,7
1058,Chitransh Sharma,Male,02-12-2026,11797,Home,27,18-35,Madhya Pradesh,Central,7,813,Card,4
1726,Bhoomi Khandelwal,Female,03-12-2026,11798,Electronics,34,18-35,Chhattisgarh,Central,3,1299,Card,9
1127,Prabhjot Chauhan,Female,04-12-2026,11799,Clothing,51,51-65,West Bengal,East,4,1434,Card,10
1735,Manvi Srivastava,Female,05-12-2026,11800,Electronics,52,51-65,Maharashtra,West,6,419,Card,5
1720,Laxman Malhotra,Male,06-12-2026,11801,Electronics,40,36-50,Goa,West,5,1430,Wallet,9
1881,Bijay Dixit,Male,07-12-2026,11802,Electronics,26,18-35,Rajasthan,North,6,1055,COD,1
1114,Mansi Sinha,Female,08-12-2026,11803,Clothing,46,36-50,Kerala,South,3,750,Card,4
1208,Abhijeet Dev,Male,09-12-2026,11804,Electronics,47,36-50,Telangana,South,7,675,COD,7
1525,Tanvi Somani,Female,10-12-2026,11805,Clothing,43,36-50,Rajasthan,North,4,509,Card,2
1520,Saroja Naidu,Female,11-12-2026,11806,Clothing,57,51-65,West Bengal,East,6,864,COD,9
1551,Kavya Kashyap,Female,12-12-2026,11807,Clothing,47,36-50,Rajasthan,North,4,948,Card,3
1961,Sonam Parashar,Female,13-12-2026,11808,Clothing,60,51-65,Karnataka,South,6,1436,Wallet,4
1236,Akhilesh Shah,Male,14-12-2026,11809,Home,47,36-50,Delhi,North,7,1119,Card,4
1280,Krishnakant Mehta,Male,15-12-2026,11810,Electronics,46,36-50,Odisha,East,1,812,COD,8
1358,Nishita Gill,Female,16-12-2026,11811,Clothing,28,18-35,Rajasthan,North,7,1105,Wallet,2
1200,Anuraj Ghosh,Male,17-12-2026,11812,Electronics,51,51-65,Karnataka,South,6,1007,Wallet,5
1757,Ratnesh Dhami,Male,18-12-2026,11813,Electronics,23,18-35,Rajasthan,North,3,374,Card,2
1277,Aadhya Niyogi,Female,19-12-2026,11814,Clothing,31,18-35,Himachal Pradesh,North,7,654,COD,6
1234,Juhi Negi,Female,20-12-2026,11815,Clothing,18,18-35,Karnataka,South,5,939,Card,9
1493,Samaira Tomar,Female,21-12-2026,11816,Beauty,29,18-35,Madhya Pradesh,Central,3,651,COD,9
1003,Krisha Yadav,Female,22-12-2026,11817,Clothing,58,51-65,Telangana,South,3,1498,Card,1
1665,Srikar Dwivedi,Male,23-12-2026,11818,Beauty,53,51-65,Karnataka,South,3,1091,Wallet,4
1441,Deep Garg,Female,24-12-2026,11819,Electronics,37,36-50,Jammu and Kashmir,North,4,1301,Card,4
1028,Iqbal Pradhan,Male,25-12-2026,11820,Electronics,36,36-50,Himachal Pradesh,North,2,553,COD,1
1108,Vikas Soni,Male,26-12-2026,11821,Electronics,55,51-65,Maharashtra,West,2,1124,COD,10
1609,Atreya Patel,Male,27-12-2026,11822,Electronics,60,51-65,Maharashtra,West,1,619,Wallet,2
1726,Kailash Bohra,Male,28-12-2026,11823,Clothing,57,51-65,Madhya Pradesh,Central,3,965,COD,6
1804,Ambar Narayan,Male,29-12-2026,11824,Clothing,51,51-65,Himachal Pradesh,North,2,585,Card,10
1074,Tanuj Arya,Male,30-12-2026,11825,Electronics,54,51-65,Dadra and Nagar Haveli and Daman and Diu,West,1,885,Card,3
1837,Jogendra Bhatt,Male,31-12-2026,11826,Beauty,51,51-65,Maharashtra,West,4,1131,Card,9
1145,Rupesh Raghav,Male,01-01-2027,11827,Home,23,18-35,Tamil Nadu,South,3,784,COD,3
1127,Aniket Nigam,Male,02-01-2027,11828,Electronics,46,36-50,Jammu and Kashmir,North,5,474,COD,3
1852,Abhiraaj Suri,Male,03-01-2027,11829,Electronics,37,36-50,Delhi,North,4,308,COD,9
1041,Kalyan Gandhi,Male,04-01-2027,11830,Electronics,22,18-35,Nagaland,East,1,1115,Card,3
1355,Ishani Panwar,Female,05-01-2027,11831,Electronics,49,36-50,Andhra Pradesh,South,4,616,COD,6
1040,Abhayanand Verma,Male,06-01-2027,11832,Electronics,53,51-65,Delhi,North,5,1074,COD,6
1933,Kripal Jaiswal,Male,07-01-2027,11833,Clothing,47,36-50,Gujarat,West,4,1102,Wallet,1
1033,Ishan Subramanian,Male,08-01-2027,11834,Electronics,58,51-65,Uttarakhand,North,1,893,COD,7
1016,Binita Lal,Female,09-01-2027,11835,Clothing,42,36-50,Uttar Pradesh,North,5,561,Card,9
1676,Naina Jain,Female,10-01-2027,11836,Beauty,35,18-35,Uttar Pradesh,North,5,706,Card,9
1152,Supriya Goyal,Female,11-01-2027,11837,Home,55,51-65,Odisha,East,4,1498,Card,9
1997,Utkarsh Kaushik,Male,12-01-2027,11838,Beauty,60,51-65,Puducherry,South,5,741,COD,2
1377,Urmila Arora,Female,13-01-2027,11839,Electronics,42,36-50,Dadra and Nagar Haveli and Daman and Diu,West,7,530,COD,1
1587,Ishika Chandra,Female,14-01-2027,11840,Clothing,55,51-65,Karnataka,South,4,1162,Card,6
1598,Shivani Modi,Female,15-01-2027,11841,Clothing,41,36-50,Andhra Pradesh,South,3,458,Card,6
1628,Diganth Rathore,Male,16-01-2027,11842,Electronics,56,51-65,Uttar Pradesh,North,5,889,Card,4
1873,Ashok Gupta,Male,17-01-2027,11843,Electronics,28,18-35,Puducherry,South,4,676,Wallet,8
1341,Sunil Rana,Male,18-01-2027,11844,Home,25,18-35,Chhattisgarh,Central,3,1437,Card,5
1980,Avika Jindal,Female,19-01-2027,11845,Clothing,42,36-50,Madhya Pradesh,Central,5,716,Card,7
1026,Jitendra Trivedi,Male,20-01-2027,11846,Clothing,32,18-35,Goa,West,3,680,Card,9
1824,Purav Deshmukh,Male,21-01-2027,11847,Clothing,37,36-50,Gujarat,West,6,641,Card,1
1286,Ishaan Patil,Male,22-01-2027,11848,Clothing,56,51-65,Uttar Pradesh,North,5,724,COD,9
1645,Sanat Vohra,Male,23-01-2027,11849,Electronics,19,18-35,Assam,East,6,451,Wallet,4
1730,Vishakha Shetty,Female,24-01-2027,11850,Electronics,51,51-65,Uttarakhand,North,1,620,Card,7
1167,Bharat Narang,Male,25-01-2027,11851,Electronics,27,18-35,Maharashtra,West,1,1340,COD,11
1609,Nandan Aggarwal,Male,26-01-2027,11852,Electronics,30,18-35,Madhya Pradesh,Central,4,1121,Card,4
1267,Navneet Saini,Male,27-01-2027,11853,Beauty,37,36-50,Odisha,East,2,956,Wallet,4
1748,Yogesh Mittal,Male,28-01-2027,11854,Clothing,30,18-35,Telangana,South,6,654,Card,4
1820,Shivam Saxena,Male,29-01-2027,11855,Home,34,18-35,Bihar,East,6,408,Card,6
1454,Rakesh Tandon,Male,30-01-2027,11856,Electronics,51,51-65,Delhi,North,1,842,COD,5
1905,Pranavi Joshi,Female,31-01-2027,11857,Clothing,39,36-50,Madhya Pradesh,Central,6,685,Card,2
1684,Dev Sen,Female,01-02-2027,11858,Electronics,43,36-50,Puducherry,South,2,830,Card,9
1400,Roshni Pillai,Female,02-02-2027,11859,Electronics,40,36-50,Madhya Pradesh,Central,3,811,COD,11
1921,Geetika Salvi,Female,03-02-2027,11860,Electronics,51,51-65,Bihar,East,3,1382,COD,6
1980,Rani Shukla,Female,04-02-2027,11861,Home,44,36-50,Uttar Pradesh,North,2,1447,COD,10
1475,Farhan Bhatia,Male,05-02-2027,11862,Home,57,51-65,Gujarat,West,6,387,COD,6
1701,Amey Dey,Male,06-02-2027,11863,Clothing,55,51-65,Kerala,South,6,1444,COD,9
1633,Eshita Desai,Female,07-02-2027,11864,Clothing,37,36-50,Rajasthan,North,6,591,COD,1
1557,Shambhavi Khanna,Female,08-02-2027,11865,Beauty,50,36-50,Telangana,South,7,1265,COD,7
1575,Avinash Jha,Male,09-02-2027,11866,Electronics,30,18-35,Karnataka,South,4,1175,COD,3
1129,Manas Das,Male,10-02-2027,11867,Electronics,46,36-50,Telangana,South,5,712,Card,4
1821,Niraj Randhawa,Male,11-02-2027,11868,Electronics,56,51-65,Odisha,East,2,523,Card,1
1362,Pushkar Mohan,Male,12-02-2027,11869,Home,28,18-35,Punjab,North,2,600,Card,3
1704,Saumya Bhardwaj,Female,13-02-2027,11870,Beauty,19,18-35,Punjab,North,7,311,Card,7
1818,Harsh Mandal,Male,14-02-2027,11871,Electronics,28,18-35,Jammu and Kashmir,North,2,1163,COD,6
1692,Purnima Rao,Female,15-02-2027,11872,Beauty,36,36-50,Telangana,South,2,1025,Card,1
1291,Jeevan Choudhary,Male,16-02-2027,11873,Home,22,18-35,Odisha,East,7,873,Card,9
1370,Harsha Khan,Female,17-02-2027,11874,Electronics,34,18-35,Jammu and Kashmir,North,2,462,Card,4
1793,Navjot Barman,Female,18-02-2027,11875,Clothing,20,18-35,Punjab,North,6,1062,Card,7
1028,Ganesh Rawat,Male,19-02-2027,11876,Clothing,31,18-35,Andhra Pradesh,South,7,313,COD,4
1148,Mayank Bansal,Male,20-02-2027,11877,Beauty,32,18-35,Tamil Nadu,South,4,1045,COD,7
1778,Dhanashree Mukherjee,Female,21-02-2027,11878,Electronics,34,18-35,Uttar Pradesh,North,1,1488,COD,5
1295,Mridula Nanda,Female,22-02-2027,11879,Home,57,51-65,Andhra Pradesh,South,6,1155,Card,1
1010,Rudraksh Dubey,Male,23-02-2027,11880,Electronics,24,18-35,Tamil Nadu,South,6,578,Wallet,4
1511,Tarun Varma,Male,24-02-2027,11881,Home,19,18-35,Nagaland,East,5,1182,Wallet,3
1675,Jyoti Kumar,Female,25-02-2027,11882,Clothing,38,36-50,West Bengal,East,7,804,COD,6
1112,Adwait Khatri,Male,26-02-2027,11883,Clothing,46,36-50,Uttar Pradesh,North,1,771,Wallet,6
1186,Swapnil Basu,Male,27-02-2027,11884,Home,47,36-50,West Bengal,East,2,1197,COD,1
1806,Pavi Mishra,Female,28-02-2027,11885,Home,32,18-35,Tamil Nadu,South,1,940,Wallet,11
1743,Shrey Sahu,Male,01-03-2027,11886,Beauty,39,36-50,Karnataka,South,4,1161,Wallet,2
1226,Jay Upadhyay,Male,02-03-2027,11887,Electronics,22,18-35,Delhi,North,3,834,Wallet,2
1309,Uday Anand,Female,03-03-2027,11888,Home,42,36-50,Karnataka,South,6,919,COD,10
1097,Indrajit Datt,Male,04-03-2027,11889,Electronics,47,36-50,Chhattisgarh,Central,7,688,COD,4
1054,Satish Mahajan,Male,05-03-2027,11890,Clothing,52,51-65,Tamil Nadu,South,7,1063,COD,9
1622,Jaideep Zaveri,Male,06-03-2027,11891,Clothing,26,18-35,Telangana,South,1,318,Card,11
1663,Sarvesh Ahuja,Male,07-03-2027,11892,Clothing,37,36-50,Gujarat,West,5,452,Card,2
1757,Paras Vaidya,Male,08-03-2027,11893,Clothing,49,36-50,Kerala,South,4,526,Wallet,11
1405,Krishna Tiwari,Female,09-03-2027,11894,Beauty,18,18-35,Himachal Pradesh,North,3,1063,Card,8
1068,Chhavi Puri,Female,10-03-2027,11895,Electronics,37,36-50,Bihar,East,4,521,COD,11
1311,Yuvraj Dahiya,Male,11-03-2027,11896,Home,32,18-35,Maharashtra,West,7,1384,Card,1
1288,Rudra Solanki,Male,12-03-2027,11897,Clothing,21,18-35,Delhi,North,2,797,Card,8
1761,Anisha Menon,Female,13-03-2027,11898,Electronics,54,51-65,Jammu and Kashmir,North,3,1480,Wallet,3
1547,Bhanu Malik,Male,14-03-2027,11899,Electronics,60,51-65,Rajasthan,North,7,402,Wallet,5
1750,Yashika Nath,Female,15-03-2027,11900,Beauty,40,36-50,West Bengal,East,5,634,COD,1
1147,Hina Kulkarni,Female,16-03-2027,11901,Beauty,35,18-35,Telangana,South,3,1249,Card,1
1466,Rekha Reddy,Female,17-03-2027,11902,Beauty,20,18-35,Haryana,North,7,1084,COD,6
1738,Raghavendra Chaturvedi,Male,18-03-2027,11903,Beauty,58,51-65,Jharkhand,East,5,604,Card,3
1243,Karishma Sehgal,Female,19-03-2027,11904,Electronics,21,18-35,Uttar Pradesh,North,2,356,Card,8
1490,Ravindra Nair,Male,20-03-2027,11905,Clothing,46,36-50,Gujarat,West,5,930,Card,4
1848,Nityanand Lala,Male,21-03-2027,11906,Home,31,18-35,Uttar Pradesh,North,4,352,COD,6
1957,Anagh Kaur,Male,22-03-2027,11907,Clothing,52,51-65,Maharashtra,West,1,520,Card,10
1506,Arpita Tripathi,Female,23-03-2027,11908,Clothing,47,36-50,Andhra Pradesh,South,4,1418,COD,9
1364,Chetan Yogi,Male,24-03-2027,11909,Clothing,42,36-50,Maharashtra,West,7,525,Card,8
1481,Jayanti Bisht,Female,25-03-2027,11910,Clothing,18,18-35,Telangana,South,7,725,Card,4
1200,Jeevika Prasad,Female,26-03-2027,11911,Clothing,27,18-35,Kerala,South,6,591,Card,10
1153,Geeta Bose,Female,27-03-2027,11912,Electronics,40,36-50,Karnataka,South,4,341,Wallet,8
1449,Roshan Kapoor,Male,28-03-2027,11913,Clothing,33,18-35,Maharashtra,West,3,968,COD,7
1500,Sahej Harit,Female,29-03-2027,11914,Clothing,23,18-35,Gujarat,West,2,594,Card,5
1072,Yashwant Banerjee,Male,30-03-2027,11915,Clothing,50,36-50,Jharkhand,East,6,829,COD,7
1712,Bibek Zaidi,Male,31-03-2027,11916,Electronics,32,18-35,Ladakh,North,6,332,Wallet,7
1295,Sagar Agarwal,Male,01-04-2027,11917,Home,34,18-35,Delhi,North,6,417,COD,10
1016,Harini Samant,Female,02-04-2027,11918,Electronics,42,36-50,Delhi,North,7,1374,COD,2
1640,Puneet Tyagi,Male,03-04-2027,11919,Clothing,24,18-35,Telangana,South,1,478,Card,7
1216,Buddhadev Pande,Male,04-04-2027,11920,Home,32,18-35,Uttar Pradesh,North,5,479,COD,3
1060,Gunjan Pandey,Female,05-04-2027,11921,Clothing,36,36-50,Andhra Pradesh,South,3,1399,COD,8
1938,Mihir Sharma,Male,06-04-2027,11922,Electronics,35,18-35,Karnataka,South,7,749,COD,8
1615,Girija Khandelwal,Female,07-04-2027,11923,Home,29,18-35,Telangana,South,2,344,Wallet,9
1041,Viraj Chauhan,Male,08-04-2027,11924,Clothing,26,18-35,Odisha,East,7,1252,Card,11
1024,Durga Srivastava,Female,09-04-2027,11925,Home,32,18-35,Andhra Pradesh,South,1,713,Card,4
1038,Lakhan Malhotra,Male,10-04-2027,11926,Home,21,18-35,Jammu and Kashmir,North,7,776,Wallet,10
1802,Damini Dixit,Female,11-04-2027,11927,Clothing,54,51-65,Odisha,East,7,946,COD,3
1130,Ashmita Sinha,Female,12-04-2027,11928,Clothing,19,18-35,Odisha,East,4,1079,Card,9
1497,Lekha Dev,Female,13-04-2027,11929,Electronics,46,36-50,Ladakh,North,2,1417,Card,9
1228,Poorva Somani,Female,14-04-2027,11930,Electronics,25,18-35,Assam,East,6,764,Wallet,2
1107,Pallavi Naidu,Female,15-04-2027,11931,Clothing,54,51-65,Rajasthan,North,2,728,Card,6
1171,Kartik Kashyap,Male,16-04-2027,11932,Clothing,36,36-50,Rajasthan,North,2,1106,Card,3
1434,Alok Parashar,Male,17-04-2027,11933,Clothing,26,18-35,Uttarakhand,North,4,392,Card,5
1477,Lina Shah,Female,18-04-2027,11934,Electronics,44,36-50,Maharashtra,West,5,463,Wallet,2
1101,Govind Mehta,Male,19-04-2027,11935,Electronics,22,18-35,Haryana,North,7,1315,Wallet,4
1865,Bodh Gill,Male,20-04-2027,11936,Clothing,39,36-50,Kerala,South,3,633,COD,11
1523,Kabir Ghosh,Male,21-04-2027,11937,Electronics,30,18-35,Karnataka,South,6,1222,COD,3
1274,Oorja Dhami,Female,22-04-2027,11938,Home,51,51-65,Jharkhand,East,5,725,Card,2
1612,Aniruddha Niyogi,Male,23-04-2027,11939,Electronics,54,51-65,Uttar Pradesh,North,1,366,Card,6
1043,Anvi Negi,Female,24-04-2027,11940,Clothing,59,51-65,Ladakh,North,7,689,Wallet,11
1954,Prateek Tomar,Male,25-04-2027,11941,Beauty,57,51-65,West Bengal,East,6,1442,Card,3
1816,Suhani Yadav,Female,26-04-2027,11942,Electronics,44,36-50,Meghalaya,East,3,874,COD,4
1956,Mehak Dwivedi,Female,27-04-2027,11943,Clothing,40,36-50,Manipur,East,7,387,COD,6
1016,Ishita Garg,Female,28-04-2027,11944,Electronics,55,51-65,Gujarat,West,1,399,Card,5
1329,Vishnu Pradhan,Male,29-04-2027,11945,Clothing,35,18-35,Ladakh,North,4,1239,COD,4
1568,Raghav Soni,Male,30-04-2027,11946,Clothing,46,36-50,Jharkhand,East,5,1490,COD,4
1822,Abha Patel,Female,01-05-2027,11947,Clothing,50,36-50,Delhi,North,7,627,COD,2
1496,Shalini Bohra,Female,02-05-2027,11948,Clothing,47,36-50,Tripura,East,6,1437,Card,10
1814,Sharvani Narayan,Female,03-05-2027,11949,Beauty,42,36-50,Manipur,East,2,987,Card,4
1011,Anirudh Arya,Male,04-05-2027,11950,Electronics,51,51-65,Tamil Nadu,South,3,974,COD,8
1317,Eshwar Bhatt,Male,05-05-2027,11951,Electronics,54,51-65,Andhra Pradesh,South,7,1408,Wallet,5
1591,Amarnath Raghav,Male,06-05-2027,11952,Beauty,41,36-50,Uttar Pradesh,North,6,1073,Card,11
1215,Jasleen Nigam,Female,07-05-2027,11953,Clothing,50,36-50,Punjab,North,2,332,Wallet,10
1338,Bhavana Suri,Female,08-05-2027,11954,Beauty,30,18-35,Madhya Pradesh,Central,6,1134,COD,10
1775,Sanchita Gandhi,Female,09-05-2027,11955,Clothing,26,18-35,Haryana,North,7,538,Wallet,8
1990,Basant Panwar,Male,10-05-2027,11956,Home,60,51-65,Andhra Pradesh,South,1,1045,Card,6
1660,Abhyuday Verma,Male,11-05-2027,11957,Clothing,20,18-35,Jharkhand,East,2,1367,Card,10
1080,Anuradha Jaiswal,Female,12-05-2027,11958,Home,51,51-65,Kerala,South,2,317,Card,5
1726,Siya Subramanian,Female,13-05-2027,11959,Beauty,48,36-50,Delhi,North,6,1024,Card,4
1484,Eklavya Lal,Male,14-05-2027,11960,Clothing,42,36-50,Odisha,East,4,1076,Wallet,10
1373,Arnav Jain,Male,15-05-2027,11961,Electronics,47,36-50,Rajasthan,North,7,1203,Card,9
1975,Yami Goyal,Female,16-05-2027,11962,Electronics,59,51-65,Tamil Nadu,South,4,522,COD,10
1709,Ayana Kaushik,Female,17-05-2027,11963,Electronics,37,36-50,Uttar Pradesh,North,5,828,Card,5
1199,Indira Arora,Female,18-05-2027,11964,Electronics,59,51-65,Andhra Pradesh,South,1,950,COD,10
1536,Hemant Chandra,Male,19-05-2027,11965,Electronics,37,36-50,Jharkhand,East,4,793,Card,11
1465,Antara Modi,Female,20-05-2027,11966,Clothing,29,18-35,Odisha,East,6,1071,Card,6
1088,Nirav Rathore,Male,21-05-2027,11967,Clothing,27,18-35,West Bengal,East,7,689,Card,7
1267,Sandeep Gupta,Male,22-05-2027,11968,Clothing,54,51-65,Uttar Pradesh,North,4,1236,COD,11
1654,Mahendra Rana,Male,23-05-2027,11969,Clothing,39,36-50,Karnataka,South,5,1442,Card,11
1570,Virat Jindal,Male,24-05-2027,11970,Electronics,22,18-35,Karnataka,South,3,1082,Card,1
1921,Jitesh Trivedi,Male,25-05-2027,11971,Electronics,24,18-35,Assam,East,5,440,Card,9
1488,Rajni Deshmukh,Female,26-05-2027,11972,Electronics,37,36-50,Delhi,North,2,559,Wallet,8
1876,Kishori Patil,Female,27-05-2027,11973,Clothing,49,36-50,Madhya Pradesh,Central,7,884,COD,11
1537,Vedant Vohra,Male,28-05-2027,11974,Electronics,21,18-35,Uttarakhand,North,2,868,COD,5
1046,Ritesh Shetty,Male,29-05-2027,11975,Electronics,35,18-35,Himachal Pradesh,North,4,1383,COD,3
1287,Anandhan Narang,Male,30-05-2027,11976,Clothing,49,36-50,Chhattisgarh,Central,4,1069,Card,5
1777,Aman Aggarwal,Female,31-05-2027,11977,Home,57,51-65,Mizoram,East,5,1440,COD,5
1015,Abhinandan Saini,Male,01-06-2027,11978,Electronics,27,18-35,Delhi,North,5,1070,Card,9
1710,Jahan Mittal,Female,02-06-2027,11979,Clothing,23,18-35,Telangana,South,6,975,Card,7
1400,Barkha Saxena,Female,03-06-2027,11980,Home,18,18-35,Haryana,North,1,384,COD,2
1918,Aadesh Tandon,Male,04-06-2027,11981,Home,44,36-50,Himachal Pradesh,North,6,1283,COD,5
1793,Aditiya Joshi,Male,05-06-2027,11982,Beauty,31,18-35,Madhya Pradesh,Central,2,1046,Card,9
1980,Sarthak Sen,Male,06-06-2027,11983,Electronics,42,36-50,West Bengal,East,6,552,Card,11
1085,Suraj Pillai,Male,07-06-2027,11984,Electronics,19,18-35,Ladakh,North,5,1441,COD,2
1249,Arya Salvi,Female,08-06-2027,11985,Beauty,33,18-35,Rajasthan,North,7,349,COD,8
1390,Ronak Shukla,Male,09-06-2027,11986,Clothing,55,51-65,Ladakh,North,6,876,Card,3
1781,Bishal Bhatia,Male,10-06-2027,11987,Clothing,52,51-65,Jammu and Kashmir,North,3,1297,Card,4
1334,Rina Dey,Female,11-06-2027,11988,Home,59,51-65,Andhra Pradesh,South,1,789,Wallet,2
1628,Aditi Desai,Female,12-06-2027,11989,Home,44,36-50,Rajasthan,North,5,1394,COD,9
1518,Chiranjeev Khanna,Male,13-06-2027,11990,Beauty,47,36-50,Uttar Pradesh,North,7,316,Wallet,6
1136,Arpit Jha,Male,14-06-2027,11991,Beauty,24,18-35,Rajasthan,North,4,392,Card,9
1882,Srishti Das,Female,15-06-2027,11992,Home,22,18-35,Uttar Pradesh,North,6,1181,COD,11
1687,Sana Randhawa,Female,16-06-2027,11993,Electronics,44,36-50,Uttar Pradesh,North,5,1208,Card,8
1839,Monika Mohan,Female,17-06-2027,11994,Beauty,20,18-35,Telangana,South,4,1055,COD,9
1497,Anushka Bhardwaj,Female,18-06-2027,11995,Electronics,41,36-50,West Bengal,East,4,1297,Card,5
1826,Devika Mandal,Female,19-06-2027,11996,Electronics,31,18-35,Mizoram,East,2,1251,Card,6
1726,Arindam Rao,Male,20-06-2027,11997,Beauty,38,36-50,Telangana,South,2,1253,Card,7
1476,Vikash Choudhary,Male,21-06-2027,11998,Electronics,60,51-65,Goa,West,7,1359,COD,5
1593,Shubham Khan,Male,22-06-2027,11999,Electronics,39,36-50,Uttarakhand,North,5,781,COD,1
1222,Tejas Barman,Female,23-06-2027,12000,Electronics,59,51-65,Haryana,North,7,307,COD,9
1989,Harshita Rawat,Female,24-06-2027,12001,Beauty,27,18-35,Rajasthan,North,5,736,Wallet,2
1371,Binay Bansal,Male,25-06-2027,12002,Clothing,31,18-35,Bihar,East,3,1031,COD,7
1934,Bhakti Mukherjee,Female,26-06-2027,12003,Home,60,51-65,Uttar Pradesh,North,1,867,COD,8
1994,Bhargav Nanda,Male,27-06-2027,12004,Electronics,51,51-65,Haryana,North,1,711,Wallet,8
1401,Prem Dubey,Male,28-06-2027,12005,Home,47,36-50,Telangana,South,5,1446,COD,1
1442,Gokul Varma,Male,29-06-2027,12006,Home,23,18-35,Assam,East,2,1255,Card,10
1489,Ananya Kumar,Female,30-06-2027,12007,Electronics,18,18-35,Tamil Nadu,South,6,1321,Wallet,7
1614,Ashwin Khatri,Male,01-07-2027,12008,Clothing,35,18-35,Andaman and Nicobar Islands,South,7,964,Card,9
1272,Pooja Basu,Female,02-07-2027,12009,Electronics,48,36-50,Delhi,North,3,1376,COD,11
1525,Bhavin Mishra,Male,03-07-2027,12010,Beauty,56,51-65,Rajasthan,North,1,950,Card,11
1158,Akhil Sahu,Male,04-07-2027,12011,Clothing,33,18-35,Bihar,East,5,1399,COD,3
1151,Reet Upadhyay,Female,05-07-2027,12012,Beauty,53,51-65,Punjab,North,2,1000,COD,8
1994,Avantika Anand,Female,06-07-2027,12013,Electronics,55,51-65,Jharkhand,East,2,433,Card,8
1619,Kriti Datt,Female,07-07-2027,12014,Home,58,51-65,Uttar Pradesh,North,2,1425,COD,9
1187,Pratik Mahajan,Male,08-07-2027,12015,Home,49,36-50,Jharkhand,East,7,905,COD,8
1812,Aruna Zaveri,Female,09-07-2027,12016,Home,20,18-35,Maharashtra,West,6,1393,Card,5
1097,Damodar Ahuja,Male,10-07-2027,12017,Beauty,56,51-65,Andhra Pradesh,South,4,463,Card,5
1130,Balwant Vaidya,Male,11-07-2027,12018,Clothing,55,51-65,Tamil Nadu,South,7,467,Card,3
1804,Ravi Tiwari,Male,12-07-2027,12019,Electronics,44,36-50,Tamil Nadu,South,6,1353,Wallet,6
1170,Swara Puri,Female,13-07-2027,12020,Home,45,36-50,Bihar,East,2,799,COD,10
1935,Punit Dahiya,Male,14-07-2027,12021,Home,53,51-65,Puducherry,South,5,1109,Wallet,3
1985,Aseem Solanki,Female,15-07-2027,12022,Clothing,53,51-65,Rajasthan,North,3,1060,Card,2
1182,Tejal Menon,Female,16-07-2027,12023,Electronics,35,18-35,Uttar Pradesh,North,6,464,Card,7
1982,Manju Malik,Female,17-07-2027,12024,Clothing,57,51-65,Maharashtra,West,5,1319,Card,10
1363,Abhay Nath,Male,18-07-2027,12025,Electronics,40,36-50,Kerala,South,7,1304,Card,3
1038,Hansika Kulkarni,Female,19-07-2027,12026,Clothing,54,51-65,Bihar,East,7,801,COD,4
1526,Sandhya Reddy,Female,20-07-2027,12027,Clothing,55,51-65,Maharashtra,West,2,1312,Wallet,11
1887,Sai Chaturvedi,Male,21-07-2027,12028,Home,45,36-50,Maharashtra,West,3,1250,Card,10
1496,Brinda Sehgal,Female,22-07-2027,12029,Electronics,29,18-35,Rajasthan,North,1,639,Wallet,8
1515,Kunal Nair,Male,23-07-2027,12030,Clothing,43,36-50,Uttar Pradesh,North,1,908,Card,1
1348,Samiksha Lala,Female,24-07-2027,12031,Electronics,40,36-50,Assam,East,7,1346,Wallet,9
1981,Prema Kaur,Female,25-07-2027,12032,Electronics,57,51-65,Rajasthan,North,5,915,Card,6
1920,Rishabh Tripathi,Male,26-07-2027,12033,Home,35,18-35,Kerala,South,3,808,Wallet,2
1396,Diya Yogi,Female,27-07-2027,12034,Beauty,60,51-65,Madhya Pradesh,Central,5,815,Card,3
1721,Bhavesh Bisht,Male,28-07-2027,12035,Clothing,56,51-65,Uttarakhand,North,3,1474,Wallet,5
1160,Ibrahim Prasad,Male,29-07-2027,12036,Home,19,18-35,Himachal Pradesh,North,3,355,Card,11
1015,Shruti Bose,Female,30-07-2027,12037,Beauty,20,18-35,Karnataka,South,7,434,Card,6
1492,Rashmi Kapoor,Female,31-07-2027,12038,Home,23,18-35,Haryana,North,5,497,COD,9
1425,Dilip Harit,Male,01-08-2027,12039,Electronics,32,18-35,Odisha,East,7,594,Card,2
1107,Palak Banerjee,Female,02-08-2027,12040,Beauty,27,18-35,Bihar,East,3,535,COD,5
1893,Ashima Zaidi,Female,03-08-2027,12041,Clothing,42,36-50,Gujarat,West,6,1436,Wallet,7
1449,Deepali Agarwal,Female,04-08-2027,12042,Electronics,25,18-35,Chhattisgarh,Central,2,966,COD,11
1310,Akshara Samant,Female,05-08-2027,12043,Electronics,40,36-50,Dadra and Nagar Haveli and Daman and Diu,West,3,423,COD,11
1738,Siddhant Tyagi,Male,06-08-2027,12044,Clothing,31,18-35,Haryana,North,6,475,Card,7
1169,Sujata Pande,Female,07-08-2027,12045,Electronics,41,36-50,Odisha,East,3,555,COD,4
1545,Kesar Pandey,Female,08-08-2027,12046,Electronics,44,36-50,Bihar,East,6,942,COD,3
1413,Kanupriya Sharma,Female,09-08-2027,12047,Electronics,20,18-35,West Bengal,East,5,365,Wallet,8
1250,Minal Khandelwal,Female,10-08-2027,12048,Home,47,36-50,Uttar Pradesh,North,1,607,Card,2
1758,Zoya Chauhan,Female,11-08-2027,12049,Beauty,43,36-50,Karnataka,South,4,425,COD,5
1780,Trilok Srivastava,Male,12-08-2027,12050,Electronics,53,51-65,Uttarakhand,North,3,520,Card,10
1140,Indranil Malhotra,Male,13-08-2027,12051,Beauty,36,36-50,Uttar Pradesh,North,4,633,Card,5
1273,Hiral Dixit,Female,14-08-2027,12052,Beauty,45,36-50,Odisha,East,3,1305,Card,1
1415,Abhrajit Sinha,Male,15-08-2027,12053,Home,37,36-50,Gujarat,West,5,490,Card,7
1607,Danish Dev,Male,16-08-2027,12054,Electronics,42,36-50,Maharashtra,West,5,981,Card,4
1738,Anshuman Somani,Male,17-08-2027,12055,Home,41,36-50,Kerala,South,6,529,Card,10
1890,Harsheen Naidu,Female,18-08-2027,12056,Beauty,33,18-35,Odisha,East,3,707,Wallet,2
1038,Jatin Kashyap,Male,19-08-2027,12057,Home,57,51-65,Haryana,North,5,1189,Card,8
1813,Sumit Parashar,Male,20-08-2027,12058,Electronics,52,51-65,Madhya Pradesh,Central,5,441,Wallet,4
1028,Ahan Shah,Male,21-08-2027,12059,Clothing,29,18-35,Punjab,North,3,1380,Card,1
1957,Rachana Mehta,Female,22-08-2027,12060,Clothing,39,36-50,Assam,East,6,1403,Card,8
1476,Samar Gill,Male,23-08-2027,12061,Clothing,47,36-50,Nagaland,East,6,1147,COD,11
1317,Rohini Ghosh,Female,24-08-2027,12062,Electronics,35,18-35,Andhra Pradesh,South,6,590,COD,7
1244,Bhavika Dhami,Female,25-08-2027,12063,Electronics,19,18-35,Gujarat,West,6,746,COD,3
1747,Kamini Niyogi,Female,26-08-2027,12064,Home,48,36-50,Odisha,East,1,773,COD,3
1696,Ashutosh Negi,Male,27-08-2027,12065,Beauty,49,36-50,Gujarat,West,3,1092,Card,7
1271,Roma Tomar,Female,28-08-2027,12066,Electronics,58,51-65,Haryana,North,7,1165,COD,2
1439,Anoop Yadav,Male,29-08-2027,12067,Beauty,21,18-35,Andhra Pradesh,South,1,330,COD,5
1747,Mohan Dwivedi,Male,30-08-2027,12068,Electronics,48,36-50,Chhattisgarh,Central,5,1299,Card,7
1238,Manan Garg,Female,31-08-2027,12069,Home,22,18-35,Assam,East,1,701,Wallet,6
1376,Abhiram Pradhan,Male,01-09-2027,12070,Home,36,36-50,Telangana,South,7,1387,COD,10
1265,Girish Soni,Male,02-09-2027,12071,Home,19,18-35,Goa,West,7,1026,Card,7
1925,Vishwas Patel,Male,03-09-2027,12072,Beauty,38,36-50,Madhya Pradesh,Central,7,801,Wallet,2
1920,Hema Bohra,Female,04-09-2027,12073,Electronics,27,18-35,Uttar Pradesh,North,6,721,Wallet,7
1358,Sourav Narayan,Male,05-09-2027,12074,Beauty,55,51-65,Andaman and Nicobar Islands,South,5,1030,COD,2
1339,Abhishek Arya,Male,06-09-2027,12075,Electronics,48,36-50,Telangana,South,1,732,Card,7
1388,Arhaan Bhatt,Male,07-09-2027,12076,Home,57,51-65,Rajasthan,North,1,1364,Wallet,8
1576,Rohan Raghav,Female,08-09-2027,12077,Home,46,36-50,Andhra Pradesh,South,3,611,Card,10
1989,Aakash Nigam,Male,09-09-2027,12078,Home,53,51-65,Odisha,East,1,311,Card,8
1688,Aanya Suri,Female,10-09-2027,12079,Electronics,28,18-35,Meghalaya,East,5,756,Card,5
1002,Irfan Gandhi,Male,11-09-2027,12080,Beauty,35,18-35,Mizoram,East,6,589,COD,7
1428,Rishi Panwar,Male,12-09-2027,12081,Electronics,32,18-35,Tamil Nadu,South,3,728,Wallet,11
1141,Eesh Verma,Male,13-09-2027,12082,Electronics,41,36-50,Punjab,North,1,748,COD,8
1375,Bani Jaiswal,Female,14-09-2027,12083,Home,22,18-35,Assam,East,3,478,Wallet,4
1669,Surabhi Subramanian,Female,15-09-2027,12084,Clothing,25,18-35,Punjab,North,4,1321,Card,2
1323,Manish Lal,Male,16-09-2027,12085,Home,23,18-35,Rajasthan,North,3,932,Card,7
1145,Anup Jain,Male,17-09-2027,12086,Clothing,47,36-50,Goa,West,7,1312,COD,1
1957,Ekta Goyal,Female,18-09-2027,12087,Electronics,28,18-35,Bihar,East,6,947,Wallet,2
1292,Lipi Kaushik,Female,19-09-2027,12088,Home,25,18-35,Kerala,South,7,1485,COD,10
1664,Tanya Arora,Female,20-09-2027,12089,Clothing,29,18-35,Tripura,East,4,1403,Card,7
1431,Nutan Chandra,Female,21-09-2027,12090,Electronics,28,18-35,Delhi,North,7,673,Card,10
1704,Achal Modi,Male,22-09-2027,12091,Home,29,18-35,Odisha,East,4,956,Card,1
1948,Nikhil Rathore,Male,23-09-2027,12092,Clothing,53,51-65,Andhra Pradesh,South,3,1410,Card,7
1974,Ranjana Gupta,Female,24-09-2027,12093,Clothing,43,36-50,Telangana,South,5,728,Card,5
1584,Agastya Rana,Male,25-09-2027,12094,Clothing,41,36-50,Maharashtra,West,6,462,Wallet,11
1398,Ratan Jindal,Male,26-09-2027,12095,Home,52,51-65,Kerala,South,5,1481,COD,3
1816,Soumya Trivedi,Female,27-09-2027,12096,Home,30,18-35,Madhya Pradesh,Central,6,680,COD,11
1888,Raj Deshmukh,Male,28-09-2027,12097,Home,50,36-50,Gujarat,West,6,886,Card,2
1343,Rhea Patil,Female,29-09-2027,12098,Electronics,35,18-35,Ladakh,North,7,1324,Card,7
1963,Parul Vohra,Female,30-09-2027,12099,Home,53,51-65,Rajasthan,North,7,1418,COD,9
1139,Sampath Shetty,Male,01-10-2027,12100,Home,51,51-65,Puducherry,South,5,809,Wallet,9
1186,Avni Narang,Female,02-10-2027,12101,Home,55,51-65,Delhi,North,2,1369,COD,10
1804,Aarna Aggarwal,Female,03-10-2027,12102,Clothing,18,18-35,Assam,East,4,639,Wallet,10
1060,Malavika Saini,Female,04-10-2027,12103,Beauty,53,51-65,Rajasthan,North,7,511,Wallet,8
1996,Aastha Mittal,Female,05-10-2027,12104,Home,35,18-35,Uttarakhand,North,7,1047,Card,2
1938,Pankhuri Saxena,Female,06-10-2027,12105,Electronics,50,36-50,West Bengal,East,7,923,Card,1
1379,Avinandan Tandon,Male,07-10-2027,12106,Clothing,28,18-35,Andhra Pradesh,South,3,520,COD,8
1709,Adit Joshi,Male,08-10-2027,12107,Beauty,50,36-50,Gujarat,West,5,991,Card,2
1806,Tulika Sen,Female,09-10-2027,12108,Electronics,36,36-50,Himachal Pradesh,North,5,582,Card,4
1439,Yamini Pillai,Female,10-10-2027,12109,Beauty,57,51-65,Gujarat,West,7,450,Card,4
1318,Fatima Salvi,Female,11-10-2027,12110,Home,44,36-50,Haryana,North,3,508,Card,2
1301,Sonu Shukla,Male,12-10-2027,12111,Clothing,46,36-50,Jharkhand,East,7,534,Wallet,4
1343,Sapna Bhatia,Female,13-10-2027,12112,Electronics,41,36-50,Uttar Pradesh,North,4,992,Card,7
1010,Divij Dey,Male,14-10-2027,12113,Electronics,28,18-35,Tamil Nadu,South,3,372,Card,6
1061,Kishore Desai,Male,15-10-2027,12114,Beauty,37,36-50,Delhi,North,7,883,COD,10
1844,Vipin Khanna,Male,16-10-2027,12115,Electronics,57,51-65,Nagaland,East,6,466,COD,6
1225,Ira Jha,Female,17-10-2027,12116,Home,47,36-50,Chhattisgarh,Central,2,940,COD,4
1152,Nandini Das,Female,18-10-2027,12117,Clothing,38,36-50,Maharashtra,West,6,823,Wallet,2
1710,Eshika Randhawa,Female,19-10-2027,12118,Electronics,20,18-35,Jharkhand,East,2,610,COD,5
1563,Rajeev Mohan,Male,20-10-2027,12119,Electronics,33,18-35,Madhya Pradesh,Central,3,597,COD,11
1771,Shailendra Bhardwaj,Male,21-10-2027,12120,Clothing,25,18-35,Maharashtra,West,6,1165,Card,3
1570,Veer Mandal,Male,22-10-2027,12121,Beauty,33,18-35,West Bengal,East,4,561,COD,3
1583,Digambar Rao,Male,23-10-2027,12122,Clothing,18,18-35,Karnataka,South,6,722,COD,4
1659,Shreyansh Choudhary,Male,24-10-2027,12123,Clothing,18,18-35,Tamil Nadu,South,5,1062,Wallet,11
1860,Shreya Khan,Female,25-10-2027,12124,Electronics,38,36-50,Assam,East,2,1135,Wallet,11
1574,Gauri Barman,Female,26-10-2027,12125,Clothing,54,51-65,Maharashtra,West,2,1109,COD,5
1309,Urvi Rawat,Female,27-10-2027,12126,Clothing,44,36-50,Kerala,South,7,1200,COD,11
1884,Ansh Bansal,Male,28-10-2027,12127,Beauty,43,36-50,Andhra Pradesh,South,4,710,Card,2
1242,Nilesh Mukherjee,Male,29-10-2027,12128,Clothing,57,51-65,Andhra Pradesh,South,2,730,Card,6
1492,Aamir Nanda,Male,30-10-2027,12129,Clothing,52,51-65,Nagaland,East,2,333,Card,6
1365,Pradyumn Dubey,Male,31-10-2027,12130,Electronics,22,18-35,Bihar,East,7,317,Card,8
1329,Rajiv Varma,Male,01-11-2027,12131,Beauty,22,18-35,West Bengal,East,4,352,Card,2
1106,Neel Kumar,Male,02-11-2027,12132,Electronics,31,18-35,Assam,East,6,388,Card,8
1225,Rashi Khatri,Female,03-11-2027,12133,Electronics,56,51-65,Andhra Pradesh,South,3,689,COD,8
1824,Arun Basu,Male,04-11-2027,12134,Home,60,51-65,Haryana,North,6,896,COD,4
1217,Pankaj Mishra,Male,05-11-2027,12135,Clothing,26,18-35,Jharkhand,East,5,1096,COD,7
1936,Balraj Sahu,Male,06-11-2027,12136,Clothing,58,51-65,Mizoram,East,5,1105,COD,7
1752,Aryaman Upadhyay,Male,07-11-2027,12137,Clothing,52,51-65,Jammu and Kashmir,North,2,529,Card,1
1505,Amrita Anand,Female,08-11-2027,12138,Home,36,36-50,Punjab,North,5,367,Wallet,1
1258,Giridhar Datt,Male,09-11-2027,12139,Electronics,42,36-50,Uttar Pradesh,North,3,630,Card,8
1887,Sawan Mahajan,Male,10-11-2027,12140,Home,38,36-50,Karnataka,South,2,1425,Wallet,11
1773,Parikshit Zaveri,Male,11-11-2027,12141,Clothing,36,36-50,Delhi,North,7,1388,Card,1
1516,Ragini Ahuja,Female,12-11-2027,12142,Clothing,44,36-50,Sikkim,East,5,726,COD,3
1772,Afreen Vaidya,Female,13-11-2027,12143,Clothing,21,18-35,Manipur,East,7,1260,Card,6
1053,Yash Tiwari,Male,14-11-2027,12144,Electronics,58,51-65,Manipur,East,1,1160,Card,8
1046,Vikram Puri,Male,15-11-2027,12145,Home,58,51-65,Assam,East,1,1385,Card,5
1726,Meghna Dahiya,Female,16-11-2027,12146,Clothing,48,36-50,Gujarat,West,1,779,COD,5
1688,Saurabh Solanki,Male,17-11-2027,12147,Electronics,33,18-35,Uttar Pradesh,North,7,649,Card,4
1520,Kumari Menon,Female,18-11-2027,12148,Clothing,41,36-50,Arunachal Pradesh,East,1,1275,COD,4
1098,Vani Malik,Female,19-11-2027,12149,Beauty,40,36-50,Madhya Pradesh,Central,6,882,Card,7
1019,Akash Nath,Male,20-11-2027,12150,Clothing,48,36-50,Madhya Pradesh,Central,1,825,Card,6
1889,Eshaan Kulkarni,Male,21-11-2027,12151,Beauty,32,18-35,Andhra Pradesh,South,2,1166,Wallet,8
1752,Anuja Reddy,Female,22-11-2027,12152,Electronics,22,18-35,Jharkhand,East,4,589,Wallet,11
1572,Keshav Chaturvedi,Male,23-11-2027,12153,Electronics,30,18-35,Tamil Nadu,South,6,1299,COD,6
1890,Nikita Sehgal,Female,24-11-2027,12154,Electronics,33,18-35,Karnataka,South,4,397,Card,11
1489,Ritik Nair,Male,25-11-2027,12155,Clothing,29,18-35,Chhattisgarh,Central,2,1105,Card,10
1418,Armaan Lala,Male,26-11-2027,12156,Electronics,36,36-50,Bihar,East,2,1494,Wallet,7
1689,Mahima Kaur,Female,27-11-2027,12157,Electronics,23,18-35,Assam,East,3,1356,Card,10
1849,Kanika Tripathi,Female,28-11-2027,12158,Beauty,48,36-50,Karnataka,South,6,358,Wallet,10
1061,Kanhaiya Yogi,Male,29-11-2027,12159,Home,32,18-35,Karnataka,South,4,769,Card,5
1144,Pranav Bisht,Male,30-11-2027,12160,Home,45,36-50,Maharashtra,West,1,599,Wallet,6
1215,Aanchal Prasad,Female,01-12-2027,12161,Electronics,40,36-50,Uttarakhand,North,2,1431,Card,1
1002,Pari Bose,Female,02-12-2027,12162,Electronics,33,18-35,Ladakh,North,1,602,Card,3
1159,Jigna Kapoor,Female,03-12-2027,12163,Electronics,32,18-35,Madhya Pradesh,Central,4,1350,COD,8
1738,Mini Harit,Female,04-12-2027,12164,Home,21,18-35,Uttarakhand,North,7,1376,Wallet,3
1997,Mishti Banerjee,Female,05-12-2027,12165,Beauty,35,18-35,Delhi,North,6,740,Wallet,1
1780,Anoopkumar Zaidi,Male,06-12-2027,12166,Clothing,60,51-65,Bihar,East,5,1012,COD,3
1119,Ekam Agarwal,Female,07-12-2027,12167,Electronics,37,36-50,Bihar,East,7,1176,COD,4
1892,Dalip Samant,Male,08-12-2027,12168,Clothing,45,36-50,Telangana,South,7,485,COD,8
1088,Om Tyagi,Male,09-12-2027,12169,Electronics,51,51-65,Uttar Pradesh,North,5,706,COD,9
1328,Megha Pande,Female,10-12-2027,12170,Clothing,43,36-50,Gujarat,West,2,574,Wallet,4
1579,Adesh Pandey,Male,11-12-2027,12171,Clothing,48,36-50,Uttarakhand,North,3,816,COD,7
1909,Aditya Sharma,Male,12-12-2027,12172,Home,27,18-35,Andaman and Nicobar Islands,South,1,1164,COD,1
1356,Hitesh Khandelwal,Male,13-12-2027,12173,Electronics,41,36-50,Bihar,East,2,1172,COD,9
1609,Avaneesh Chauhan,Male,14-12-2027,12174,Electronics,54,51-65,Gujarat,West,3,574,COD,11
1266,Ketan Srivastava,Male,15-12-2027,12175,Beauty,36,36-50,Maharashtra,West,1,355,Wallet,4
1616,Aaliya Malhotra,Female,16-12-2027,12176,Electronics,18,18-35,Jharkhand,East,4,1319,Card,9
1951,Rajan Dixit,Male,17-12-2027,12177,Electronics,53,51-65,Haryana,North,7,721,Card,3
1322,Chirag Sinha,Male,18-12-2027,12178,Electronics,43,36-50,Jharkhand,East,7,1465,COD,11
1634,Hemendra Dev,Male,19-12-2027,12179,Electronics,37,36-50,Punjab,North,5,758,Card,5
1987,Preeti Somani,Female,20-12-2027,12180,Clothing,40,36-50,Karnataka,South,3,403,COD,1
1540,Sanaya Naidu,Female,21-12-2027,12181,Home,55,51-65,Haryana,North,1,549,Wallet,11
1648,Ritu Kashyap,Female,22-12-2027,12182,Electronics,28,18-35,Uttar Pradesh,North,2,1070,COD,3
1194,Isha Parashar,Female,23-12-2027,12183,Clothing,31,18-35,Uttar Pradesh,North,1,818,Wallet,5
1920,Aarav Shah,Male,24-12-2027,12184,Home,51,51-65,Andhra Pradesh,South,2,1456,Card,6
1737,Milan Mehta,Female,25-12-2027,12185,Clothing,22,18-35,Madhya Pradesh,Central,7,1006,Wallet,8
1331,Bankim Gill,Male,26-12-2027,12186,Beauty,36,36-50,Uttarakhand,North,5,436,COD,1
1169,Teena Ghosh,Female,27-12-2027,12187,Beauty,43,36-50,Madhya Pradesh,Central,5,687,Card,3
1520,Tarini Dhami,Female,28-12-2027,12188,Electronics,54,51-65,Punjab,North,1,686,COD,1
1462,Adarsh Niyogi,Male,29-12-2027,12189,Home,30,18-35,Maharashtra,West,1,463,Wallet,5
1039,Faisal Negi,Male,30-12-2027,12190,Clothing,45,36-50,Kerala,South,2,994,Card,8
1536,Mira Tomar,Female,31-12-2027,12191,Beauty,35,18-35,Bihar,East,2,738,COD,4
1260,Aradhana Yadav,Female,01-01-2028,12192,Clothing,22,18-35,Karnataka,South,3,566,Wallet,11
1394,Biren Dwivedi,Male,02-01-2028,12193,Beauty,49,36-50,Karnataka,South,7,949,Card,9
1954,Sriharsh Garg,Male,03-01-2028,12194,Home,45,36-50,Bihar,East,3,891,COD,6
1225,Drishti Pradhan,Female,04-01-2028,12195,Electronics,52,51-65,Uttar Pradesh,North,3,517,COD,6
1983,Alankar Soni,Male,05-01-2028,12196,Clothing,21,18-35,Tamil Nadu,South,1,1056,Card,11
1123,Sara Patel,Female,06-01-2028,12197,Beauty,48,36-50,Jammu and Kashmir,North,6,574,COD,5
1974,Satyam Bohra,Male,07-01-2028,12198,Beauty,25,18-35,Karnataka,South,6,1218,Card,10
1037,Leela Narayan,Female,08-01-2028,12199,Electronics,27,18-35,Haryana,North,6,1210,COD,5
1327,Siddharth Arya,Male,09-01-2028,12200,Home,18,18-35,Ladakh,North,6,624,Card,11
1250,Vidhi Bhatt,Female,10-01-2028,12201,Electronics,43,36-50,Tamil Nadu,South,3,503,Card,7
1900,Prasanna Raghav,Male,11-01-2028,12202,Electronics,52,51-65,Jammu and Kashmir,North,1,1299,COD,8
1175,Shaurya Nigam,Male,12-01-2028,12203,Clothing,37,36-50,Uttar Pradesh,North,6,853,Card,7
1601,Bhaskar Suri,Male,13-01-2028,12204,Electronics,33,18-35,Gujarat,West,5,762,Card,1
1913,Bina Gandhi,Female,14-01-2028,12205,Home,22,18-35,Bihar,East,4,1130,Wallet,1
1453,Rupali Panwar,Female,15-01-2028,12206,Electronics,35,18-35,Madhya Pradesh,Central,5,1208,Wallet,10
1036,Himanshu Verma,Male,16-01-2028,12207,Home,58,51-65,Karnataka,South,1,335,Wallet,6
1315,Abeer Jaiswal,Female,17-01-2028,12208,Electronics,36,36-50,Tripura,East,1,461,COD,3
1687,Nandita Subramanian,Female,18-01-2028,12209,Electronics,49,36-50,Uttar Pradesh,North,4,1114,Wallet,9
1972,Trisha Lal,Female,19-01-2028,12210,Electronics,22,18-35,Nagaland,East,2,1136,Wallet,11
1795,Karan Jain,Male,20-01-2028,12211,Electronics,41,36-50,Rajasthan,North,2,1445,Card,7
1964,Lopa Goyal,Female,21-01-2028,12212,Electronics,25,18-35,Bihar,East,2,983,Card,2
1972,Dayanand Kaushik,Male,22-01-2028,12213,Electronics,49,36-50,Tamil Nadu,South,3,661,Card,3
1592,Aishwarya Arora,Female,23-01-2028,12214,Clothing,19,18-35,Delhi,North,2,1171,COD,8
1113,Manav Chandra,Male,24-01-2028,12215,Electronics,42,36-50,Uttar Pradesh,North,7,1316,Wallet,1
1039,Bhavik Modi,Male,25-01-2028,12216,Clothing,57,51-65,Kerala,South,3,1169,COD,5
1300,Param Rathore,Male,26-01-2028,12217,Clothing,27,18-35,Uttar Pradesh,North,3,392,COD,10
1223,Oviya Gupta,Female,27-01-2028,12218,Beauty,21,18-35,Gujarat,West,2,679,Card,1
1317,Dhruv Rana,Male,28-01-2028,12219,Beauty,36,36-50,Andhra Pradesh,South,2,1185,Card,9
1348,Nitya Jindal,Female,29-01-2028,12220,Clothing,43,36-50,Ladakh,North,4,1205,COD,7
1114,Prashant Trivedi,Male,30-01-2028,12221,Electronics,55,51-65,Bihar,East,6,1492,Wallet,5
1697,Samarth Deshmukh,Male,31-01-2028,12222,Electronics,52,51-65,Odisha,East,4,453,Card,6
1322,Mukul Patil,Male,01-02-2028,12223,Beauty,33,18-35,Haryana,North,3,1466,Wallet,11
1567,Amar Vohra,Male,02-02-2028,12224,Electronics,48,36-50,Himachal Pradesh,North,4,726,Card,3
1039,Shantanu Shetty,Male,03-02-2028,12225,Electronics,54,51-65,Manipur,East,3,1214,COD,3
1865,Dileep Narang,Male,04-02-2028,12226,Electronics,52,51-65,Uttarakhand,North,1,776,COD,7
1039,Pritam Aggarwal,Male,05-02-2028,12227,Electronics,19,18-35,Assam,East,3,1364,Wallet,7
1858,Kirti Saini,Female,06-02-2028,12228,Electronics,60,51-65,Odisha,East,3,1106,Card,7
1972,Anurag Mittal,Male,07-02-2028,12229,Home,25,18-35,Goa,West,4,912,Card,2
1748,Shania Saxena,Female,08-02-2028,12230,Electronics,47,36-50,Karnataka,South,6,981,Card,2
1288,Vishal Tandon,Male,09-02-2028,12231,Clothing,43,36-50,Ladakh,North,1,665,Wallet,11
1261,Divakar Joshi,Male,10-02-2028,12232,Electronics,19,18-35,Odisha,East,5,739,Card,5
1215,Dushyant Sen,Male,11-02-2028,12233,Electronics,34,18-35,Telangana,South,5,1419,Card,4
1146,Anand Pillai,Male,12-02-2028,12234,Beauty,59,51-65,Puducherry,South,6,1313,COD,7
1335,Sahil Salvi,Male,13-02-2028,12235,Electronics,60,51-65,Himachal Pradesh,North,5,1054,COD,3
1167,Deepika Shukla,Female,14-02-2028,12236,Home,59,51-65,Bihar,East,1,1145,Wallet,5
1091,Eesha Bhatia,Female,15-02-2028,12237,Clothing,40,36-50,Gujarat,West,2,1041,Wallet,2
1352,Pranay Dey,Male,16-02-2028,12238,Electronics,35,18-35,Odisha,East,1,632,COD,1
1570,Ashwini Desai,Female,17-02-2028,12239,Beauty,30,18-35,Haryana,North,4,1492,Wallet,9
1570,Baldev Khanna,Male,18-02-2028,12240,Electronics,36,36-50,Goa,West,7,889,COD,4
1815,Anika Jha,Female,19-02-2028,12241,Beauty,57,51-65,Karnataka,South,3,950,Card,8
1680,Nirbhay Das,Male,20-02-2028,12242,Electronics,19,18-35,Gujarat,West,3,1428,Wallet,7
1780,Shiven Randhawa,Male,21-02-2028,12243,Beauty,38,36-50,Assam,East,4,1300,COD,1
1362,Rajat Mohan,Male,22-02-2028,12244,Electronics,27,18-35,Kerala,South,4,1362,Card,10
1556,Anirban Bhardwaj,Male,23-02-2028,12245,Clothing,32,18-35,West Bengal,East,7,673,COD,11
1344,Simran Mandal,Female,24-02-2028,12246,Home,26,18-35,Tripura,East,7,439,Card,7
1692,Navya Rao,Female,25-02-2028,12247,Beauty,20,18-35,Uttar Pradesh,North,3,851,Card,2
1169,Omkar Choudhary,Male,26-02-2028,12248,Beauty,52,51-65,Assam,East,7,1307,COD,3
1355,Rajeshwari Khan,Female,27-02-2028,12249,Home,57,51-65,Tamil Nadu,South,7,453,Wallet,1
1190,Hridya Barman,Female,28-02-2028,12250,Beauty,56,51-65,Chhattisgarh,Central,7,443,COD,7
1666,Sanjana Rawat,Female,29-02-2028,12251,Electronics,34,18-35,Telangana,South,6,1429,Card,3
1421,Ujjwal Bansal,Male,01-03-2028,12252,Electronics,51,51-65,Sikkim,East,2,851,Wallet,6
1699,Ridhima Mukherjee,Female,02-03-2028,12253,Electronics,58,51-65,Karnataka,South,7,1458,Card,7
1006,Onkar Nanda,Male,03-03-2028,12254,Clothing,55,51-65,Bihar,East,2,1205,Card,3
1132,Hemanth Dubey,Male,04-03-2028,12255,Clothing,39,36-50,Uttar Pradesh,North,2,699,Card,2
1746,Parth Varma,Male,05-03-2028,12256,Clothing,47,36-50,Jammu and Kashmir,North,4,1370,Card,9
1556,Advika Kumar,Female,06-03-2028,12257,Electronics,39,36-50,Kerala,South,7,1353,Card,9
1825,Ipsita Khatri,Female,07-03-2028,12258,Home,39,36-50,Telangana,South,3,757,COD,7
1760,Bhupesh Basu,Male,08-03-2028,12259,Electronics,45,36-50,Tamil Nadu,South,6,336,Wallet,5
1030,Aisha Mishra,Female,09-03-2028,12260,Electronics,54,51-65,Chhattisgarh,Central,3,629,Wallet,4
1534,Kaushal Sahu,Male,10-03-2028,12261,Clothing,30,18-35,Jharkhand,East,7,571,Wallet,4
1425,Anamika Upadhyay,Female,11-03-2028,12262,Home,58,51-65,Gujarat,West,3,585,COD,1
1393,Lakshya Anand,Female,12-03-2028,12263,Home,26,18-35,Karnataka,South,7,597,COD,4
1671,Darshan Datt,Male,13-03-2028,12264,Clothing,46,36-50,Manipur,East,6,623,Wallet,7
1362,Anupama Mahajan,Female,14-03-2028,12265,Electronics,38,36-50,Gujarat,West,1,759,COD,5
1436,Amisha Zaveri,Female,15-03-2028,12266,Clothing,38,36-50,Delhi,North,6,790,COD,9
1669,Snehal Ahuja,Female,16-03-2028,12267,Electronics,42,36-50,Karnataka,South,1,448,COD,4
1550,Srinivas Vaidya,Male,17-03-2028,12268,Clothing,33,18-35,Bihar,East,5,931,Card,11
1926,Eshani Tiwari,Female,18-03-2028,12269,Clothing,50,36-50,Himachal Pradesh,North,1,1211,COD,3
1081,Agney Puri,Male,19-03-2028,12270,Electronics,43,36-50,Gujarat,West,2,697,COD,6
1355,Vinay Dahiya,Male,20-03-2028,12271,Electronics,39,36-50,Maharashtra,West,2,1486,COD,4
1257,Mahi Solanki,Female,21-03-2028,12272,Beauty,45,36-50,Jammu and Kashmir,North,6,1427,Card,11
1717,Varsha Menon,Female,22-03-2028,12273,Beauty,58,51-65,Chhattisgarh,Central,2,1222,COD,2
1588,Saanvi Malik,Female,23-03-2028,12274,Clothing,34,18-35,Uttarakhand,North,2,516,Wallet,5
1988,Ajit Nath,Male,24-03-2028,12275,Electronics,30,18-35,West Bengal,East,5,1405,Wallet,4
1523,Malini Kulkarni,Female,25-03-2028,12276,Electronics,22,18-35,Manipur,East,2,1003,Card,5
1294,Soham Reddy,Male,26-03-2028,12277,Clothing,24,18-35,Uttar Pradesh,North,4,618,Card,9
1961,Amardeep Chaturvedi,Male,27-03-2028,12278,Beauty,18,18-35,Uttar Pradesh,North,4,654,COD,4
1223,Daksh Sehgal,Male,28-03-2028,12279,Electronics,52,51-65,Uttar Pradesh,North,4,367,Card,6
1524,Atul Nair,Male,29-03-2028,12280,Home,29,18-35,Maharashtra,West,1,674,Card,4
1045,Rohit Lala,Male,30-03-2028,12281,Electronics,49,36-50,Maharashtra,West,6,666,Card,1
1666,Shriya Kaur,Female,31-03-2028,12282,Beauty,31,18-35,Madhya Pradesh,Central,6,685,Wallet,2
1112,Abhinav Tripathi,Male,01-04-2028,12283,Clothing,22,18-35,Himachal Pradesh,North,3,1026,COD,6
1232,Varun Yogi,Male,02-04-2028,12284,Home,40,36-50,Jharkhand,East,5,806,COD,8
1016,Jayesh Bisht,Male,03-04-2028,12285,Electronics,28,18-35,Punjab,North,4,555,COD,9
1359,Jagruti Prasad,Female,04-04-2028,12286,Clothing,59,51-65,Madhya Pradesh,Central,4,730,COD,4
1222,Ranjan Bose,Male,05-04-2028,12287,Electronics,41,36-50,Delhi,North,2,411,Card,6
1865,Ayra Kapoor,Female,06-04-2028,12288,Electronics,22,18-35,Madhya Pradesh,Central,4,433,COD,3
1699,Meera Harit,Female,07-04-2028,12289,Beauty,45,36-50,Maharashtra,West,2,1261,Card,9
1447,Neelam Banerjee,Female,08-04-2028,12290,Beauty,35,18-35,Puducherry,South,2,987,COD,8
1855,Alia Zaidi,Female,09-04-2028,12291,Beauty,29,18-35,Odisha,East,3,1370,Card,1
1364,Ahana Agarwal,Female,10-04-2028,12292,Clothing,28,18-35,Assam,East,1,688,COD,2
1674,Abhishai Samant,Male,11-04-2028,12293,Home,43,36-50,Kerala,South,2,883,COD,10
1325,Charu Tyagi,Female,12-04-2028,12294,Electronics,50,36-50,Rajasthan,North,2,536,Card,9
1466,Hrishikesh Pande,Male,13-04-2028,12295,Electronics,40,36-50,Himachal Pradesh,North,6,1489,Card,10
1413,Anugrah Pandey,Male,14-04-2028,12296,Electronics,25,18-35,Madhya Pradesh,Central,3,1327,Card,3
1454,Lokesh Sharma,Male,15-04-2028,12297,Clothing,36,36-50,Himachal Pradesh,North,2,983,COD,3
1585,Abhilasha Khandelwal,Female,16-04-2028,12298,Clothing,25,18-35,Kerala,South,5,1429,Card,10
1232,Noor Chauhan,Female,17-04-2028,12299,Electronics,39,36-50,Andhra Pradesh,South,1,1069,Card,9
1223,Suresh Srivastava,Male,18-04-2028,12300,Clothing,34,18-35,Gujarat,West,5,1067,COD,3
1993,Brishti Malhotra,Female,19-04-2028,12301,Home,31,18-35,Chhattisgarh,Central,4,580,COD,10
1830,Amrish Dixit,Male,20-04-2028,12302,Clothing,49,36-50,Rajasthan,North,1,1073,Card,11
1411,Amitabh Sinha,Male,21-04-2028,12303,Electronics,28,18-35,Meghalaya,East,4,797,COD,5
1571,Ruchi Dev,Female,22-04-2028,12304,Electronics,50,36-50,Karnataka,South,6,423,Wallet,6
1334,Amruta Somani,Female,23-04-2028,12305,Electronics,43,36-50,Jharkhand,East,7,1306,Wallet,3
1221,Mamta Naidu,Female,24-04-2028,12306,Electronics,37,36-50,Rajasthan,North,7,1151,Card,10
1036,Farah Kashyap,Female,25-04-2028,12307,Clothing,26,18-35,Dadra and Nagar Haveli and Daman and Diu,West,7,628,Wallet,8
1988,Sonal Parashar,Female,26-04-2028,12308,Clothing,27,18-35,Gujarat,West,2,764,COD,2
1277,Anu Shah,Female,27-04-2028,12309,Home,32,18-35,Jharkhand,East,3,1206,Wallet,6
1195,Komal Mehta,Female,28-04-2028,12310,Clothing,42,36-50,Maharashtra,West,5,331,COD,2
1915,Achint Gill,Male,29-04-2028,12311,Home,56,51-65,Gujarat,West,4,1297,COD,9
1863,Riddhi Ghosh,Female,30-04-2028,12312,Electronics,54,51-65,Chhattisgarh,Central,2,1357,COD,6
1483,Bhumika Dhami,Female,01-05-2028,12313,Clothing,26,18-35,Jammu and Kashmir,North,7,1287,COD,9
1241,Shivali Niyogi,Female,02-05-2028,12314,Home,48,36-50,Madhya Pradesh,Central,5,871,COD,4
1323,Rahul Negi,Male,03-05-2028,12315,Electronics,41,36-50,Andhra Pradesh,South,5,824,Card,3
1730,Archana Tomar,Female,04-05-2028,12316,Electronics,47,36-50,Madhya Pradesh,Central,6,1327,Card,2
1191,Tanish Yadav,Male,05-05-2028,12317,Beauty,40,36-50,Kerala,South,6,488,Card,8
1016,Ajinkya Dwivedi,Male,06-05-2028,12318,Electronics,40,36-50,Uttarakhand,North,7,728,Wallet,4
1523,Ranveer Garg,Male,07-05-2028,12319,Home,37,36-50,Odisha,East,4,1371,COD,2
1917,Jagdish Pradhan,Male,08-05-2028,12320,Electronics,32,18-35,Uttar Pradesh,North,7,515,COD,11
1400,Abhisar Soni,Male,09-05-2028,12321,Home,58,51-65,Uttar Pradesh,North,7,634,COD,9
1905,Mishka Patel,Female,10-05-2028,12322,Electronics,26,18-35,Rajasthan,North,2,711,Card,8
1885,Niharika Bohra,Female,11-05-2028,12323,Electronics,52,51-65,Kerala,South,3,301,Card,5
1704,Naresh Narayan,Male,12-05-2028,12324,Clothing,22,18-35,Kerala,South,7,965,COD,8
1021,Omesh Arya,Male,13-05-2028,12325,Electronics,49,36-50,Uttar Pradesh,North,4,629,Wallet,5
1473,Kalpana Bhatt,Female,14-05-2028,12326,Clothing,34,18-35,Delhi,North,5,807,Card,7
1119,Jahnavi Raghav,Female,15-05-2028,12327,Electronics,53,51-65,Uttar Pradesh,North,5,518,Card,5
1209,Sachin Nigam,Male,16-05-2028,12328,Electronics,54,51-65,Delhi,North,1,1132,Card,5
1305,Amol Suri,Male,17-05-2028,12329,Electronics,23,18-35,Bihar,East,7,1118,Card,4
1269,Adhiraj Gandhi,Male,18-05-2028,12330,Electronics,29,18-35,Uttar Pradesh,North,2,1264,Card,5
1703,Akanksha Panwar,Female,19-05-2028,12331,Beauty,24,18-35,Andhra Pradesh,South,1,319,COD,7
1686,Brijesh Verma,Male,20-05-2028,12332,Electronics,25,18-35,Odisha,East,6,456,Card,3
1284,Radhika Jaiswal,Female,21-05-2028,12333,Clothing,56,51-65,Dadra and Nagar Haveli and Daman and Diu,West,3,1351,Card,4
1715,Vishesh Subramanian,Male,22-05-2028,12334,Electronics,32,18-35,Puducherry,South,4,741,COD,8
1675,Arham Lal,Male,23-05-2028,12335,Electronics,43,36-50,Uttar Pradesh,North,7,1146,Wallet,6
1762,Inaya Jain,Female,24-05-2028,12336,Beauty,52,51-65,Dadra and Nagar Haveli and Daman and Diu,West,5,565,Card,8
1226,Grishma Goyal,Female,25-05-2028,12337,Electronics,45,36-50,Karnataka,South,2,895,COD,11
1947,Dhanesh Kaushik,Male,26-05-2028,12338,Beauty,36,36-50,Jharkhand,East,5,370,Card,2
1380,Anuj Arora,Male,27-05-2028,12339,Electronics,23,18-35,Chhattisgarh,Central,7,1027,Wallet,9
1459,Aakriti Chandra,Female,28-05-2028,12340,Home,24,18-35,Gujarat,West,6,435,COD,7
1006,Abhiraj Modi,Male,29-05-2028,12341,Clothing,18,18-35,Andaman and Nicobar Islands,South,1,1237,Wallet,5
1028,Jhanvi Rathore,Female,30-05-2028,12342,Beauty,37,36-50,Meghalaya,East,7,1247,Card,11
1906,Ruchika Gupta,Female,31-05-2028,12343,Clothing,52,51-65,Ladakh,North,1,1032,COD,7
1032,Vanshika Rana,Female,01-06-2028,12344,Clothing,40,36-50,Karnataka,South,4,726,COD,2
1645,Amit Jindal,Male,02-06-2028,12345,Electronics,43,36-50,Rajasthan,North,2,600,Card,11
1878,Sangeeta Trivedi,Female,03-06-2028,12346,Electronics,54,51-65,Assam,East,6,1130,Card,4
1078,Kajal Deshmukh,Female,04-06-2028,12347,Beauty,46,36-50,Kerala,South,2,491,COD,7
1927,Naman Patil,Male,05-06-2028,12348,Electronics,33,18-35,Tamil Nadu,South,4,984,COD,2
1946,Priya Vohra,Female,06-06-2028,12349,Clothing,36,36-50,Madhya Pradesh,Central,6,841,Card,8
1458,Vidya Shetty,Female,07-06-2028,12350,Home,56,51-65,Odisha,East,6,988,COD,10
1569,Shagun Narang,Female,08-06-2028,12351,Electronics,24,18-35,Haryana,North,1,473,Card,10
1982,Chitra Aggarwal,Female,09-06-2028,12352,Beauty,41,36-50,Haryana,North,1,579,Card,11
1537,Ashish Saini,Male,10-06-2028,12353,Home,56,51-65,Bihar,East,1,683,COD,5
1481,Parag Mittal,Male,11-06-2028,12354,Clothing,36,36-50,Bihar,East,5,893,Card,5
1429,Alpa Saxena,Female,12-06-2028,12355,Beauty,54,51-65,Uttar Pradesh,North,3,989,Card,8
1737,Kajalpreet Tandon,Female,13-06-2028,12356,Electronics,27,18-35,Jharkhand,East,7,1023,Card,1
1284,Hemlata Joshi,Female,14-06-2028,12357,Electronics,37,36-50,Uttar Pradesh,North,1,676,COD,6
1515,Tanuja Sen,Female,15-06-2028,12358,Clothing,35,18-35,Maharashtra,West,3,1389,COD,2
1976,Avneet Pillai,Female,16-06-2028,12359,Electronics,25,18-35,Uttarakhand,North,3,612,Wallet,1
1098,Advik Salvi,Male,17-06-2028,12360,Home,30,18-35,Maharashtra,West,2,1199,Card,7
1396,Amarjeet Shukla,Male,18-06-2028,12361,Beauty,21,18-35,Karnataka,South,4,1028,COD,4
1488,Naveen Lal,Male,19-06-2028,12362,Clothing,27,18-35,Uttarakhand,North,5,898,Card,1
1038,Puru Jain,Male,20-06-2028,12363,Electronics,25,18-35,Rajasthan,North,3,1196,COD,10
1270,Arul Goyal,Male,21-06-2028,12364,Beauty,54,51-65,Uttarakhand,North,7,1484,COD,11
1886,Priyanka Kaushik,Female,22-06-2028,12365,Clothing,57,51-65,West Bengal,East,5,947,Card,11
1796,Advait Arora,Male,23-06-2028,12366,Clothing,51,51-65,Rajasthan,North,2,1383,COD,6
1156,Zara Chandra,Female,24-06-2028,12367,Clothing,46,36-50,Assam,East,1,1122,Card,10
1074,Abhinay Modi,Male,25-06-2028,12368,Beauty,21,18-35,Karnataka,South,6,1185,Card,6
1883,Tapasya Rathore,Female,26-06-2028,12369,Clothing,47,36-50,Maharashtra,West,3,506,Card,3
1799,Shefali Gupta,Female,27-06-2028,12370,Home,40,36-50,Uttar Pradesh,North,4,1066,COD,6
1129,Sumedha Rana,Female,28-06-2028,12371,Home,29,18-35,Maharashtra,West,6,613,COD,10
1686,Kairav Jindal,Male,29-06-2028,12372,Electronics,29,18-35,Rajasthan,North,2,1286,Card,9
1973,Pradeep Trivedi,Male,30-06-2028,12373,Clothing,29,18-35,West Bengal,East,5,1152,Card,6
1083,Sohail Deshmukh,Male,01-07-2028,12374,Home,58,51-65,Jharkhand,East,7,555,Card,1
1021,Shiv Patil,Male,02-07-2028,12375,Clothing,41,36-50,West Bengal,East,1,704,Card,10
1458,Yuvika Vohra,Female,03-07-2028,12376,Home,36,36-50,Tamil Nadu,South,5,713,COD,6
1538,Ojasvi Shetty,Female,04-07-2028,12377,Beauty,42,36-50,Madhya Pradesh,Central,4,881,COD,8
1706,Kavita Narang,Female,05-07-2028,12378,Clothing,43,36-50,Haryana,North,3,1049,Card,7
1848,Bhuvan Aggarwal,Male,06-07-2028,12379,Home,41,36-50,Uttar Pradesh,North,4,959,Card,8
1381,Shrikant Saini,Male,07-07-2028,12380,Home,46,36-50,Jammu and Kashmir,North,5,302,Wallet,11
1747,Dakshesh Mittal,Male,08-07-2028,12381,Home,46,36-50,Tamil Nadu,South,5,804,Card,8
1439,Divya Saxena,Female,09-07-2028,12382,Clothing,50,36-50,Maharashtra,West,6,845,Card,9
1603,Devendra Tandon,Male,10-07-2028,12383,Electronics,58,51-65,Karnataka,South,4,1240,COD,3
1988,Jai Joshi,Male,11-07-2028,12384,Clothing,57,51-65,Gujarat,West,4,1492,COD,7
1020,Alisha Sen,Female,12-07-2028,12385,Home,38,36-50,Jammu and Kashmir,North,4,1413,COD,6
1302,Chudamani Pillai,Male,13-07-2028,12386,Clothing,30,18-35,Madhya Pradesh,Central,1,480,Wallet,2
1975,Prithvi Salvi,Male,14-07-2028,12387,Home,59,51-65,Kerala,South,7,502,Card,5
1868,Rajendra Shukla,Male,15-07-2028,12388,Clothing,37,36-50,Rajasthan,North,5,1488,COD,3
1954,Manisha Bhatia,Female,16-07-2028,12389,Clothing,47,36-50,Andhra Pradesh,South,2,994,Card,11
1083,Rakhi Dey,Female,17-07-2028,12390,Electronics,52,51-65,Jharkhand,East,1,1293,COD,5
1773,Ayush Desai,Male,18-07-2028,12391,Home,43,36-50,Sikkim,East,1,1494,Wallet,11
1658,Kamal Khanna,Male,19-07-2028,12392,Clothing,40,36-50,Uttar Pradesh,North,1,930,COD,9
1952,Himesh Jha,Male,20-07-2028,12393,Electronics,27,18-35,West Bengal,East,6,1068,COD,8
1452,Devyani Das,Female,21-07-2028,12394,Electronics,45,36-50,Kerala,South,7,719,Wallet,9
1386,Prabhat Randhawa,Male,22-07-2028,12395,Home,49,36-50,Uttar Pradesh,North,7,1186,Card,9
1506,Harleen Mohan,Female,23-07-2028,12396,Clothing,44,36-50,Telangana,South,2,1004,COD,11
1256,Kiran Bhardwaj,Female,24-07-2028,12397,Electronics,19,18-35,West Bengal,East,4,589,Wallet,8
1569,Aparna Mandal,Female,25-07-2028,12398,Beauty,46,36-50,Andaman and Nicobar Islands,South,6,653,COD,8
1891,Mukesh Rao,Male,26-07-2028,12399,Home,55,51-65,Gujarat,West,5,851,Card,11
1933,Nitin Choudhary,Male,27-07-2028,12400,Beauty,42,36-50,Assam,East,3,1483,Card,11
1526,Dhananjay Khan,Male,28-07-2028,12401,Clothing,52,51-65,Delhi,North,6,1280,Card,6
1161,Bimal Barman,Male,29-07-2028,12402,Clothing,40,36-50,Uttar Pradesh,North,3,943,Card,6
1956,Gajendra Rawat,Male,30-07-2028,12403,Beauty,50,36-50,Dadra and Nagar Haveli and Daman and Diu,West,5,978,COD,6
1162,Nand Bansal,Male,31-07-2028,12404,Clothing,54,51-65,West Bengal,East,2,924,Card,10
1831,Sarika Mukherjee,Female,01-08-2028,12405,Home,22,18-35,Maharashtra,West,7,1432,Card,6
1792,Shilpa Nanda,Female,02-08-2028,12406,Electronics,45,36-50,Tamil Nadu,South,3,1436,Card,11
1791,Nakul Dubey,Male,03-08-2028,12407,Clothing,41,36-50,Delhi,North,1,860,COD,9
1523,Ankit Varma,Male,04-08-2028,12408,Electronics,58,51-65,Jharkhand,East,6,598,COD,10
1785,Muskan Kumar,Female,05-08-2028,12409,Electronics,47,36-50,Gujarat,West,3,1414,COD,1
1270,Anant Khatri,Male,06-08-2028,12410,Electronics,57,51-65,Manipur,East,5,978,Card,10
1491,Gyan Basu,Male,07-08-2028,12411,Electronics,22,18-35,Rajasthan,North,7,741,Card,6
1207,Nivedita Mishra,Female,08-08-2028,12412,Beauty,28,18-35,Haryana,North,1,1373,Card,8
1538,Vinita Sahu,Female,09-08-2028,12413,Electronics,46,36-50,Karnataka,South,3,300,Card,1
1583,Akshay Upadhyay,Male,10-08-2028,12414,Home,42,36-50,Andhra Pradesh,South,7,779,Card,11
1059,Gopal Anand,Male,11-08-2028,12415,Home,26,18-35,Gujarat,West,5,337,COD,11
1429,Aaryan Datt,Male,12-08-2028,12416,Clothing,49,36-50,Tamil Nadu,South,2,945,Card,6
1984,Lopamudra Mahajan,Female,13-08-2028,12417,Electronics,35,18-35,Uttar Pradesh,North,5,933,Wallet,9
1656,Aishani Zaveri,Female,14-08-2028,12418,Home,18,18-35,Odisha,East,2,1294,COD,6
1604,Ashita Ahuja,Female,15-08-2028,12419,Clothing,32,18-35,Chhattisgarh,Central,7,1010,Card,2
1308,Arijit Vaidya,Male,16-08-2028,12420,Home,18,18-35,Madhya Pradesh,Central,7,1448,COD,1
1519,Aarti Tiwari,Female,17-08-2028,12421,Home,24,18-35,Maharashtra,West,1,910,COD,4
1590,Bhagat Puri,Male,18-08-2028,12422,Beauty,36,36-50,West Bengal,East,5,1320,COD,6
1026,Vasudha Dahiya,Female,19-08-2028,12423,Clothing,50,36-50,Maharashtra,West,4,1394,Wallet,10
1685,Bipin Solanki,Male,20-08-2028,12424,Electronics,34,18-35,Delhi,North,6,993,Card,10
1561,Sukanya Menon,Female,21-08-2028,12425,Clothing,49,36-50,Uttarakhand,North,4,1112,Wallet,9
1198,Anil Malik,Male,22-08-2028,12426,Electronics,20,18-35,Andaman and Nicobar Islands,South,4,892,Card,5
1386,Advaith Nath,Male,23-08-2028,12427,Beauty,31,18-35,Chhattisgarh,Central,4,1018,Wallet,7
1348,Deepak Kulkarni,Male,24-08-2028,12428,Electronics,36,36-50,Uttar Pradesh,North,6,710,Card,6
1959,Firoz Reddy,Male,25-08-2028,12429,Electronics,49,36-50,Punjab,North,4,578,Card,6
1939,Harshit Chaturvedi,Male,26-08-2028,12430,Home,52,51-65,Himachal Pradesh,North,2,1158,COD,9
1692,Raveena Sehgal,Female,27-08-2028,12431,Clothing,19,18-35,West Bengal,East,5,591,Card,5
1535,Deepa Nair,Female,28-08-2028,12432,Clothing,35,18-35,Uttar Pradesh,North,7,498,Card,2
1827,Jaya Lala,Female,29-08-2028,12433,Clothing,56,51-65,Puducherry,South,1,1452,Card,8
1377,Harit Kaur,Male,30-08-2028,12434,Beauty,54,51-65,Uttarakhand,North,4,791,COD,11
1898,Ramesh Tripathi,Male,31-08-2028,12435,Electronics,22,18-35,Delhi,North,7,641,Wallet,3
1915,Sunaina Yogi,Female,01-09-2028,12436,Beauty,20,18-35,Kerala,South,4,814,COD,9
1557,Rajesh Bisht,Male,02-09-2028,12437,Electronics,49,36-50,Madhya Pradesh,Central,1,1210,Wallet,5
1526,Mohini Prasad,Female,03-09-2028,12438,Home,50,36-50,Puducherry,South,1,1325,COD,1
1152,Vaidehi Bose,Female,04-09-2028,12439,Home,41,36-50,Rajasthan,North,4,324,Card,4
1733,Prachi Kapoor,Female,05-09-2028,12440,Electronics,46,36-50,Telangana,South,2,790,Card,9
1205,Tejaswini Harit,Female,06-09-2028,12441,Clothing,35,18-35,Rajasthan,North,7,1295,COD,1
1454,Asmita Banerjee,Female,07-09-2028,12442,Electronics,55,51-65,Uttarakhand,North,1,565,Card,8
1272,Aahan Zaidi,Female,08-09-2028,12443,Home,55,51-65,Jammu and Kashmir,North,5,1168,Card,8
1893,Darpan Agarwal,Male,09-09-2028,12444,Clothing,44,36-50,Kerala,South,7,1063,COD,9
1235,Anshul Samant,Male,10-09-2028,12445,Clothing,24,18-35,Bihar,East,5,964,COD,9
1851,Charita Tyagi,Female,11-09-2028,12446,Electronics,60,51-65,Jharkhand,East,7,460,Card,6
1739,Sonia Pande,Female,12-09-2028,12447,Electronics,24,18-35,Haryana,North,2,548,Wallet,5
1520,Badrinath Pandey,Male,13-09-2028,12448,Electronics,37,36-50,Karnataka,South,6,1364,COD,7
1677,Maitreyi Sharma,Female,14-09-2028,12449,Electronics,50,36-50,Himachal Pradesh,North,3,674,COD,9
1943,Falguni Khandelwal,Female,15-09-2028,12450,Clothing,39,36-50,Uttar Pradesh,North,2,1271,Wallet,5
1955,Ojas Chauhan,Male,16-09-2028,12451,Beauty,36,36-50,Delhi,North,4,703,Card,3
1830,Sunita Srivastava,Female,17-09-2028,12452,Home,29,18-35,Assam,East,3,888,COD,9
1725,Varad Malhotra,Male,18-09-2028,12453,Clothing,53,51-65,Maharashtra,West,4,926,Wallet,10
1500,Lisha Dixit,Female,19-09-2028,12454,Beauty,57,51-65,Assam,East,5,1411,COD,1
1116,Avyukt Sinha,Male,20-09-2028,12455,Home,19,18-35,Karnataka,South,1,1385,COD,1
1385,Mandeep Dev,Male,21-09-2028,12456,Beauty,33,18-35,Telangana,South,7,1467,Card,10
1343,Zaid Somani,Male,22-09-2028,12457,Clothing,58,51-65,Maharashtra,West,4,332,COD,11
1583,Devesh Naidu,Male,23-09-2028,12458,Electronics,42,36-50,Maharashtra,West,5,1184,Card,4
1394,Divyansh Kashyap,Male,24-09-2028,12459,Electronics,33,18-35,Nagaland,East,2,1460,Wallet,2
1063,Aaradhya Parashar,Female,25-09-2028,12460,Home,49,36-50,Karnataka,South,4,863,Wallet,7
1716,Pavitra Shah,Female,26-09-2028,12461,Electronics,27,18-35,Punjab,North,5,1494,Wallet,2
1720,Ajay Mehta,Male,27-09-2028,12462,Electronics,29,18-35,Punjab,North,1,1455,COD,7
1071,Jignesh Gill,Male,28-09-2028,12463,Clothing,20,18-35,Delhi,North,7,1080,Card,8
1788,Joy Ghosh,Male,29-09-2028,12464,Clothing,54,51-65,Puducherry,South,4,742,Card,11
1273,Pragati Dhami,Female,30-09-2028,12465,Clothing,38,36-50,Telangana,South,6,720,Wallet,8
1989,Milind Niyogi,Male,01-10-2028,12466,Electronics,26,18-35,Jammu and Kashmir,North,5,702,Card,3
1319,Hriday Negi,Male,02-10-2028,12467,Clothing,44,36-50,Uttar Pradesh,North,4,337,Card,9
1337,Keerthi Tomar,Female,03-10-2028,12468,Clothing,58,51-65,Andhra Pradesh,South,1,860,COD,10
1365,Jayant Yadav,Male,04-10-2028,12469,Beauty,52,51-65,Tamil Nadu,South,7,1294,Card,10
1494,Abhimanyu Dwivedi,Male,05-10-2028,12470,Home,41,36-50,Jammu and Kashmir,North,4,399,COD,10
1606,Madhavi Garg,Female,06-10-2028,12471,Beauty,35,18-35,Maharashtra,West,4,1212,COD,6
1165,Vinod Pradhan,Male,07-10-2028,12472,Home,46,36-50,Ladakh,North,7,331,COD,4
1543,Krishnav Soni,Male,08-10-2028,12473,Clothing,20,18-35,Maharashtra,West,6,1497,Wallet,8
1010,Harish Patel,Male,09-10-2028,12474,Electronics,31,18-35,Uttar Pradesh,North,5,1136,Card,4
1300,Payal Bohra,Female,10-10-2028,12475,Home,33,18-35,Maharashtra,West,3,1019,Card,4
1728,Sakshi Narayan,Female,11-10-2028,12476,Clothing,43,36-50,Sikkim,East,7,403,Card,11
1800,Heena Arya,Female,12-10-2028,12477,Clothing,32,18-35,Madhya Pradesh,Central,4,1369,Wallet,8
1101,Rajveer Bhatt,Male,13-10-2028,12478,Clothing,59,51-65,Rajasthan,North,3,925,Card,4
1424,Jasmine Raghav,Female,14-10-2028,12479,Clothing,37,36-50,Karnataka,South,2,640,Card,1
1391,Nisha Nigam,Female,15-10-2028,12480,Electronics,39,36-50,Assam,East,4,1411,COD,6
1778,Arjun Suri,Male,16-10-2028,12481,Clothing,32,18-35,Assam,East,3,536,Card,8
1213,Vini Gandhi,Female,17-10-2028,12482,Electronics,50,36-50,Goa,West,2,1190,Wallet,3
1690,Anish Panwar,Male,18-10-2028,12483,Home,24,18-35,Assam,East,6,1085,Wallet,2
1087,Indrani Verma,Female,19-10-2028,12484,Electronics,50,36-50,Jharkhand,East,5,501,COD,6
1552,Abhimaan Jaiswal,Male,20-10-2028,12485,Electronics,29,18-35,Madhya Pradesh,Central,4,553,COD,1
1400,Parnika Subramanian,Female,21-10-2028,12486,Clothing,29,18-35,Kerala,South,5,559,Card,11
1587,Khushi Lal,Female,22-10-2028,12487,Home,25,18-35,Kerala,South,2,575,COD,5
1888,Sharmila Jain,Female,23-10-2028,12488,Clothing,21,18-35,Andhra Pradesh,South,5,480,COD,6
1045,Aaditya Goyal,Male,24-10-2028,12489,Electronics,23,18-35,Assam,East,5,1221,Card,8
1671,Ankita Kaushik,Female,25-10-2028,12490,Clothing,33,18-35,Tamil Nadu,South,7,869,Card,7
1462,Janki Arora,Female,26-10-2028,12491,Electronics,18,18-35,Karnataka,South,1,1160,Wallet,6
1591,Vedika Chandra,Female,27-10-2028,12492,Beauty,26,18-35,Uttarakhand,North,2,409,Card,2
1309,Hansa Modi,Female,28-10-2028,12493,Beauty,29,18-35,Mizoram,East,5,1236,COD,8
1085,Harendra Rathore,Male,29-10-2028,12494,Clothing,19,18-35,Gujarat,West,3,1278,Card,8
1091,Ahalya Gupta,Female,30-10-2028,12495,Electronics,34,18-35,Delhi,North,2,1023,Card,11
1659,Neha Rana,Female,31-10-2028,12496,Home,49,36-50,Andhra Pradesh,South,1,1492,Wallet,5
1672,Lalit Jindal,Male,01-11-2028,12497,Electronics,41,36-50,Telangana,South,4,912,Card,3
1713,Gurleen Trivedi,Female,02-11-2028,12498,Clothing,28,18-35,Gujarat,West,6,648,COD,11
1935,Ekansh Deshmukh,Male,03-11-2028,12499,Electronics,42,36-50,Delhi,North,5,480,Card,8
1927,Sarita Patil,Female,04-11-2028,12500,Beauty,58,51-65,Haryana,North,3,737,Card,5
1241,Jasmin Vohra,Female,05-11-2028,12501,Electronics,50,36-50,Himachal Pradesh,North,1,700,Wallet,3
1864,Swati Shetty,Female,06-11-2028,12502,Clothing,49,36-50,Manipur,East,2,487,COD,9
1001,Sharad Narang,Male,07-11-2028,12503,Home,23,18-35,Delhi,North,6,458,Wallet,9
1224,Saloni Aggarwal,Female,08-11-2028,12504,Clothing,41,36-50,Bihar,East,6,1002,Wallet,7
1800,Anshika Saini,Female,09-11-2028,12505,Electronics,41,36-50,Assam,East,5,325,Wallet,8
1744,Simranjit Mittal,Male,10-11-2028,12506,Beauty,31,18-35,Rajasthan,North,1,1290,Wallet,5
1972,Anay Saxena,Male,11-11-2028,12507,Clothing,59,51-65,Maharashtra,West,1,1312,Card,5
1925,Renuka Tandon,Female,12-11-2028,12508,Clothing,18,18-35,Uttar Pradesh,North,3,1301,Wallet,5
1928,Lipika Joshi,Female,13-11-2028,12509,Electronics,46,36-50,Maharashtra,West,4,1117,Card,2
1588,Vibha Sen,Female,14-11-2028,12510,Clothing,38,36-50,Himachal Pradesh,North,4,861,Card,3
1115,Suman Pillai,Female,15-11-2028,12511,Clothing,31,18-35,Andhra Pradesh,South,7,1429,Card,8
1665,Tejendra Salvi,Male,16-11-2028,12512,Electronics,50,36-50,Bihar,East,4,1332,Card,6
1917,Lavanya Shukla,Female,17-11-2028,12513,Electronics,44,36-50,Jharkhand,East,7,1163,COD,9
1102,Reena Bhatia,Female,18-11-2028,12514,Home,36,36-50,Andhra Pradesh,South,6,1446,Card,7
1193,Sonali Dey,Female,19-11-2028,12515,Electronics,20,18-35,Ladakh,North,6,812,Card,6
1165,Abhijit Desai,Male,20-11-2028,12516,Electronics,46,36-50,Karnataka,South,2,1203,COD,11
1870,Ijaz Khanna,Male,21-11-2028,12517,Clothing,52,51-65,Madhya Pradesh,Central,6,984,Card,4
1089,Neeraj Jha,Male,22-11-2028,12518,Home,48,36-50,Kerala,South,6,1039,COD,7
1685,Gaurav Das,Male,23-11-2028,12519,Electronics,60,51-65,Uttarakhand,North,1,546,Card,4
1121,Sameer Randhawa,Male,24-11-2028,12520,Clothing,51,51-65,Puducherry,South,2,1462,Card,7
1142,Shikha Mohan,Female,25-11-2028,12521,Electronics,52,51-65,Uttar Pradesh,North,1,1217,Card,5
1993,Falak Bhardwaj,Female,26-11-2028,12522,Electronics,26,18-35,Dadra and Nagar Haveli and Daman and Diu,West,3,367,Card,2
1105,Arushi Mandal,Female,27-11-2028,12523,Electronics,29,18-35,Bihar,East,7,1452,COD,7
1886,Ram Rao,Male,28-11-2028,12524,Home,51,51-65,Odisha,East,7,1474,COD,8
1427,Rajshree Choudhary,Female,29-11-2028,12525,Electronics,45,36-50,Puducherry,South,3,513,Card,10
1304,Deependra Khan,Male,30-11-2028,12526,Electronics,49,36-50,West Bengal,East,7,1021,Card,11
1871,Kishan Barman,Male,01-12-2028,12527,Clothing,26,18-35,Karnataka,South,2,650,Card,2
1970,Aayushi Rawat,Female,02-12-2028,12528,Home,59,51-65,Maharashtra,West,2,884,Wallet,6
1316,Akarsh Bansal,Male,03-12-2028,12529,Electronics,31,18-35,Punjab,North,6,1302,Card,4
1962,Lovish Mukherjee,Male,04-12-2028,12530,Clothing,29,18-35,Gujarat,West,7,414,Wallet,5
1634,Bhupendra Nanda,Male,05-12-2028,12531,Electronics,27,18-35,Uttar Pradesh,North,3,1191,COD,1
1901,Chaitali Dubey,Female,06-12-2028,12532,Clothing,20,18-35,Kerala,South,5,451,Card,6
1008,Tanay Varma,Female,07-12-2028,12533,Clothing,46,36-50,Madhya Pradesh,Central,4,902,Wallet,11
1773,Prakash Kumar,Male,08-12-2028,12534,Clothing,31,18-35,Gujarat,West,6,1106,COD,8
1072,Anubhav Khatri,Male,09-12-2028,12535,Electronics,36,36-50,Sikkim,East,4,975,COD,2
1358,Sparsh Basu,Male,10-12-2028,12536,Electronics,58,51-65,Bihar,East,3,866,Card,1
1222,Inder Mishra,Male,11-12-2028,12537,Electronics,22,18-35,Jammu and Kashmir,North,7,1172,COD,9
1415,Sneha Sahu,Female,12-12-2028,12538,Clothing,39,36-50,Andaman and Nicobar Islands,South,7,1179,Card,2
1552,Ishwar Upadhyay,Male,13-12-2028,12539,Electronics,34,18-35,Uttar Pradesh,North,4,1337,Card,8
1369,Gautam Anand,Male,14-12-2028,12540,Home,34,18-35,Karnataka,South,5,416,Wallet,5
1715,Prarthana Datt,Female,15-12-2028,12541,Beauty,52,51-65,Mizoram,East,7,1113,Wallet,2
1263,Madhuri Mahajan,Female,16-12-2028,12542,Beauty,33,18-35,Uttar Pradesh,North,5,1470,Card,5
1839,Himani Zaveri,Female,17-12-2028,12543,Beauty,31,18-35,West Bengal,East,1,794,COD,9
1689,Akhilraj Ahuja,Male,18-12-2028,12544,Clothing,33,18-35,Tamil Nadu,South,2,1466,COD,6
1859,Mahesh Vaidya,Male,19-12-2028,12545,Home,24,18-35,Maharashtra,West,4,467,Card,3
1317,Gagan Tiwari,Male,20-12-2028,12546,Electronics,24,18-35,Odisha,East,7,895,Card,8
1083,Manpreet Puri,Female,21-12-2028,12547,Clothing,29,18-35,West Bengal,East,5,902,Card,1
1317,Gia Dahiya,Female,22-12-2028,12548,Clothing,60,51-65,Punjab,North,7,1218,COD,9
1110,Iqra Solanki,Female,23-12-2028,12549,Clothing,44,36-50,Bihar,East,2,1102,Wallet,9
1250,Disha Menon,Female,24-12-2028,12550,Home,47,36-50,Maharashtra,West,2,1252,Card,4
1382,Anmol Malik,Female,25-12-2028,12551,Electronics,42,36-50,Maharashtra,West,1,543,COD,8
1006,Raman Nath,Male,26-12-2028,12552,Electronics,44,36-50,Tamil Nadu,South,2,1046,COD,11
1458,Anagha Kulkarni,Female,27-12-2028,12553,Beauty,43,36-50,Mizoram,East,2,1078,COD,11
1083,Riya Reddy,Female,28-12-2028,12554,Electronics,21,18-35,Kerala,South,6,1344,Card,3
1207,Aasif Chaturvedi,Female,29-12-2028,12555,Clothing,32,18-35,Maharashtra,West,3,955,COD,6
1899,Shrishti Sehgal,Female,30-12-2028,12556,Beauty,52,51-65,Delhi,North,7,480,Wallet,10
1389,Ambuj Nair,Male,31-12-2028,12557,Clothing,27,18-35,Punjab,North,1,1116,Card,10
1313,Aravind Lala,Male,01-01-2029,12558,Clothing,29,18-35,Gujarat,West,1,1438,Card,8
1021,Dinesh Kaur,Male,02-01-2029,12559,Electronics,53,51-65,Chhattisgarh,Central,4,1159,Wallet,11
1409,Vineet Tripathi,Male,03-01-2029,12560,Electronics,55,51-65,Sikkim,East,2,1387,Card,9
1894,Savita Yogi,Female,04-01-2029,12561,Beauty,43,36-50,Tamil Nadu,South,4,1208,Wallet,8
1514,Koyal Bisht,Female,05-01-2029,12562,Clothing,53,51-65,Chhattisgarh,Central,6,601,Card,9
1126,Akshit Prasad,Male,06-01-2029,12563,Clothing,20,18-35,Telangana,South,5,1301,Card,4
1808,Vaishali Bose,Female,07-01-2029,12564,Electronics,41,36-50,Dadra and Nagar Haveli and Daman and Diu,West,2,592,Card,10
1699,Kushal Kapoor,Male,08-01-2029,12565,Electronics,31,18-35,Delhi,North,5,747,Card,1
1873,Shlok Harit,Male,09-01-2029,12566,Beauty,57,51-65,Delhi,North,3,1499,Card,7
1013,Madhav Banerjee,Male,10-01-2029,12567,Clothing,60,51-65,Gujarat,West,6,1334,COD,11
1970,Gayatri Zaidi,Female,11-01-2029,12568,Clothing,47,36-50,Rajasthan,North,2,928,Card,10
1977,Apurv Agarwal,Male,12-01-2029,12569,Electronics,50,36-50,Nagaland,East,4,757,Wallet,4
1011,Dheeraj Samant,Male,13-01-2029,12570,Home,47,36-50,Gujarat,West,4,1421,COD,1
1086,Vihan Tyagi,Female,14-01-2029,12571,Beauty,34,18-35,Kerala,South,2,1020,COD,3
1523,Karthik Pande,Male,15-01-2029,12572,Clothing,40,36-50,Nagaland,East,7,1098,Card,7
1908,Kusum Pandey,Female,16-01-2029,12573,Electronics,25,18-35,Jammu and Kashmir,North,4,899,COD,11
1536,Abhayank Sharma,Male,17-01-2029,12574,Clothing,28,18-35,Karnataka,South,7,1467,COD,3
1300,Hargun Khandelwal,Female,18-01-2029,12575,Home,57,51-65,Odisha,East,2,1303,Card,1
1242,Aadi Chauhan,Female,19-01-2029,12576,Clothing,40,36-50,Bihar,East,1,854,Wallet,7
1121,Mohit Srivastava,Male,20-01-2029,12577,Beauty,39,36-50,Haryana,North,4,409,Card,8
1146,Lata Malhotra,Female,21-01-2029,12578,Clothing,46,36-50,West Bengal,East,7,868,Card,5
1566,Sushant Dixit,Male,22-01-2029,12579,Beauty,26,18-35,Assam,East,2,1346,COD,6
1749,Javed Sinha,Male,23-01-2029,12580,Clothing,45,36-50,Arunachal Pradesh,East,2,430,COD,3
1355,Vivek Dev,Male,24-01-2029,12581,Electronics,56,51-65,Chhattisgarh,Central,7,960,Card,5
1684,Manoj Somani,Male,25-01-2029,12582,Electronics,42,36-50,Karnataka,South,4,1069,Wallet,3
1903,Alka Naidu,Female,26-01-2029,12583,Electronics,31,18-35,Gujarat,West,1,948,COD,2
1732,Chitransh Kashyap,Male,27-01-2029,12584,Beauty,39,36-50,Maharashtra,West,4,957,COD,7
1630,Bhoomi Parashar,Female,28-01-2029,12585,Home,39,36-50,Bihar,East,2,1232,Card,10
1308,Prabhjot Shah,Female,29-01-2029,12586,Home,40,36-50,Andhra Pradesh,South,1,857,Wallet,11
1694,Manvi Mehta,Female,30-01-2029,12587,Electronics,32,18-35,Nagaland,East,5,1116,Card,7
1287,Laxman Gill,Male,31-01-2029,12588,Electronics,55,51-65,Jharkhand,East,3,771,COD,8
1306,Bijay Ghosh,Male,01-02-2029,12589,Home,24,18-35,Madhya Pradesh,Central,4,555,Card,1
1811,Mansi Dhami,Female,02-02-2029,12590,Clothing,20,18-35,Gujarat,West,6,1084,COD,2
1593,Abhijeet Niyogi,Male,03-02-2029,12591,Electronics,55,51-65,Kerala,South,2,993,Card,2
1965,Tanvi Negi,Female,04-02-2029,12592,Clothing,54,51-65,Madhya Pradesh,Central,1,1022,Card,3
1913,Saroja Tomar,Female,05-02-2029,12593,Electronics,19,18-35,Tamil Nadu,South,7,986,Wallet,7
1722,Kavya Yadav,Female,06-02-2029,12594,Electronics,48,36-50,Uttar Pradesh,North,7,616,Card,7
1661,Sonam Dwivedi,Female,07-02-2029,12595,Clothing,26,18-35,Maharashtra,West,7,1276,Card,7
1548,Akhilesh Garg,Male,08-02-2029,12596,Electronics,49,36-50,Uttar Pradesh,North,1,378,COD,1
1351,Krishnakant Pradhan,Male,09-02-2029,12597,Beauty,27,18-35,Tripura,East,5,924,COD,2
1311,Nishita Soni,Female,10-02-2029,12598,Electronics,38,36-50,Tamil Nadu,South,4,1104,Card,8
1872,Anuraj Patel,Male,11-02-2029,12599,Electronics,37,36-50,Tamil Nadu,South,6,1458,Card,9
1058,Ratnesh Bohra,Male,12-02-2029,12600,Electronics,39,36-50,Chhattisgarh,Central,7,490,Wallet,10
1642,Aadhya Narayan,Female,13-02-2029,12601,Home,45,36-50,Jharkhand,East,1,1194,COD,7
1923,Juhi Arya,Female,14-02-2029,12602,Clothing,38,36-50,Kerala,South,7,1374,Card,1
1713,Samaira Bhatt,Female,15-02-2029,12603,Clothing,32,18-35,Uttar Pradesh,North,5,792,Wallet,4
1754,Krisha Raghav,Female,16-02-2029,12604,Electronics,46,36-50,Meghalaya,East,2,1011,COD,10
1034,Srikar Nigam,Male,17-02-2029,12605,Electronics,18,18-35,Kerala,South,7,1404,Card,8
1444,Deep Suri,Female,18-02-2029,12606,Clothing,37,36-50,Gujarat,West,5,1285,Card,5
1092,Iqbal Gandhi,Male,19-02-2029,12607,Home,48,36-50,Uttar Pradesh,North,4,574,Card,1
1949,Vikas Panwar,Male,20-02-2029,12608,Beauty,22,18-35,Maharashtra,West,7,1371,Wallet,7
1958,Atreya Verma,Male,21-02-2029,12609,Electronics,23,18-35,Andaman and Nicobar Islands,South,5,1080,Card,6
1206,Kailash Jaiswal,Male,22-02-2029,12610,Clothing,59,51-65,Bihar,East,1,696,Card,9
1352,Ambar Subramanian,Male,23-02-2029,12611,Beauty,28,18-35,Uttarakhand,North,1,379,Wallet,4
1902,Tanuj Lal,Male,24-02-2029,12612,Clothing,51,51-65,West Bengal,East,3,305,Card,4
1331,Jogendra Jain,Male,25-02-2029,12613,Home,19,18-35,West Bengal,East,5,1170,COD,8
1816,Rupesh Goyal,Male,26-02-2029,12614,Electronics,42,36-50,Bihar,East,2,668,Card,4
1861,Aniket Kaushik,Male,27-02-2029,12615,Beauty,60,51-65,Kerala,South,7,734,COD,3
1724,Abhiraaj Arora,Male,28-02-2029,12616,Home,41,36-50,Goa,West,6,635,Card,7
1158,Kalyan Chandra,Male,01-03-2029,12617,Beauty,25,18-35,Delhi,North,6,334,Card,5
1953,Ishani Modi,Female,02-03-2029,12618,Home,25,18-35,Karnataka,South,4,457,COD,9
1956,Abhayanand Rathore,Male,03-03-2029,12619,Clothing,30,18-35,Maharashtra,West,3,1072,COD,5
1023,Kripal Gupta,Male,04-03-2029,12620,Beauty,38,36-50,Odisha,East,5,727,COD,9
1403,Ishan Rana,Male,05-03-2029,12621,Electronics,55,51-65,Himachal Pradesh,North,2,960,COD,6
1804,Binita Jindal,Female,06-03-2029,12622,Electronics,38,36-50,Madhya Pradesh,Central,3,1235,COD,6
1515,Naina Trivedi,Female,07-03-2029,12623,Home,29,18-35,Uttar Pradesh,North,1,1281,COD,11
1731,Supriya Deshmukh,Female,08-03-2029,12624,Home,18,18-35,Rajasthan,North,4,1170,COD,6
1363,Utkarsh Patil,Male,09-03-2029,12625,Beauty,37,36-50,West Bengal,East,7,1365,COD,7
1381,Urmila Vohra,Female,10-03-2029,12626,Electronics,23,18-35,Jharkhand,East,7,1378,COD,11
1531,Ishika Shetty,Female,11-03-2029,12627,Home,42,36-50,Gujarat,West,7,1460,COD,4
1955,Shivani Narang,Female,12-03-2029,12628,Home,52,51-65,Tamil Nadu,South,5,543,Card,4
1151,Diganth Aggarwal,Male,13-03-2029,12629,Electronics,18,18-35,Ladakh,North,6,1187,Card,9
1561,Ashok Saini,Male,14-03-2029,12630,Clothing,29,18-35,Haryana,North,2,1055,Card,7
1688,Sunil Mittal,Male,15-03-2029,12631,Electronics,35,18-35,Assam,East,7,1066,Wallet,11
1946,Avika Saxena,Female,16-03-2029,12632,Electronics,58,51-65,Andaman and Nicobar Islands,South,7,852,COD,10
1607,Jitendra Tandon,Male,17-03-2029,12633,Beauty,47,36-50,Odisha,East,1,334,COD,6
1616,Purav Joshi,Male,18-03-2029,12634,Clothing,53,51-65,Chhattisgarh,Central,3,710,Card,1
1419,Ishaan Sen,Male,19-03-2029,12635,Home,50,36-50,Andhra Pradesh,South,7,491,Card,7
1249,Sanat Pillai,Male,20-03-2029,12636,Beauty,31,18-35,Punjab,North,4,819,Wallet,6
1116,Vishakha Salvi,Female,21-03-2029,12637,Clothing,54,51-65,Uttar Pradesh,North,3,1174,Wallet,4
1865,Bharat Shukla,Male,22-03-2029,12638,Home,31,18-35,Ladakh,North,6,1112,Card,8
1511,Nandan Bhatia,Male,23-03-2029,12639,Clothing,19,18-35,Jharkhand,East,3,328,COD,7
1739,Navneet Dey,Male,24-03-2029,12640,Beauty,56,51-65,West Bengal,East,2,1185,Card,8
1577,Yogesh Desai,Male,25-03-2029,12641,Electronics,23,18-35,Andhra Pradesh,South,1,1202,Card,9
1334,Shivam Khanna,Male,26-03-2029,12642,Beauty,47,36-50,Odisha,East,5,1368,COD,1
1417,Rakesh Jha,Male,27-03-2029,12643,Electronics,40,36-50,Maharashtra,West,2,809,COD,3
1931,Pranavi Das,Female,28-03-2029,12644,Electronics,19,18-35,Madhya Pradesh,Central,6,977,COD,2
1773,Dev Randhawa,Female,29-03-2029,12645,Home,59,51-65,West Bengal,East,4,542,Card,3
1294,Roshni Mohan,Female,30-03-2029,12646,Clothing,20,18-35,Bihar,East,6,834,Card,11
1937,Geetika Bhardwaj,Female,31-03-2029,12647,Clothing,28,18-35,Madhya Pradesh,Central,6,459,Card,11
1754,Rani Mandal,Female,01-04-2029,12648,Clothing,33,18-35,Madhya Pradesh,Central,3,784,Card,2
1370,Farhan Rao,Male,02-04-2029,12649,Home,20,18-35,Bihar,East,4,778,COD,11
1185,Amey Choudhary,Male,03-04-2029,12650,Electronics,52,51-65,Kerala,South,2,530,Card,6
1245,Eshita Khan,Female,04-04-2029,12651,Electronics,35,18-35,Chhattisgarh,Central,6,504,Card,9
1636,Shambhavi Barman,Female,05-04-2029,12652,Electronics,33,18-35,West Bengal,East,2,1321,Card,2
1267,Avinash Rawat,Male,06-04-2029,12653,Clothing,20,18-35,Ladakh,North,7,679,COD,4
1642,Manas Bansal,Male,07-04-2029,12654,Electronics,27,18-35,Maharashtra,West,7,1290,COD,5
1236,Niraj Mukherjee,Male,08-04-2029,12655,Clothing,60,51-65,Rajasthan,North,7,602,COD,5
1529,Pushkar Nanda,Male,09-04-2029,12656,Clothing,50,36-50,Bihar,East,5,546,Card,1
1551,Saumya Dubey,Female,10-04-2029,12657,Electronics,37,36-50,Karnataka,South,3,735,Card,6
1020,Harsh Varma,Male,11-04-2029,12658,Clothing,51,51-65,Assam,East,2,585,Card,5
1910,Purnima Kumar,Female,12-04-2029,12659,Beauty,41,36-50,Bihar,East,7,1402,Card,6
1736,Jeevan Khatri,Male,13-04-2029,12660,Electronics,52,51-65,Haryana,North,7,1465,Card,4
1866,Harsha Basu,Female,14-04-2029,12661,Clothing,44,36-50,Andhra Pradesh,South,4,1042,Card,11
1793,Navjot Mishra,Female,15-04-2029,12662,Home,42,36-50,Meghalaya,East,6,1203,COD,6
1519,Ganesh Sahu,Male,16-04-2029,12663,Clothing,51,51-65,Bihar,East,7,1476,Wallet,9
1099,Mayank Upadhyay,Male,17-04-2029,12664,Home,32,18-35,Uttar Pradesh,North,5,649,Card,1
1751,Dhanashree Anand,Female,18-04-2029,12665,Clothing,24,18-35,Odisha,East,4,1447,Wallet,6
1477,Mridula Datt,Female,19-04-2029,12666,Clothing,20,18-35,Karnataka,South,3,906,Card,1
1598,Rudraksh Mahajan,Male,20-04-2029,12667,Electronics,29,18-35,Tamil Nadu,South,5,543,COD,7
1297,Tarun Zaveri,Male,21-04-2029,12668,Home,52,51-65,Kerala,South,5,1156,COD,4
1939,Jyoti Ahuja,Female,22-04-2029,12669,Home,40,36-50,Haryana,North,5,1092,Wallet,6
1525,Adwait Vaidya,Male,23-04-2029,12670,Electronics,20,18-35,Madhya Pradesh,Central,6,973,Card,7
1333,Swapnil Tiwari,Male,24-04-2029,12671,Clothing,19,18-35,Tamil Nadu,South,7,1420,Card,11
1001,Pavi Puri,Female,25-04-2029,12672,Beauty,30,18-35,Sikkim,East,1,1291,Card,5
1374,Shrey Dahiya,Male,26-04-2029,12673,Clothing,60,51-65,Madhya Pradesh,Central,5,366,Card,9
1292,Jay Solanki,Male,27-04-2029,12674,Clothing,53,51-65,Uttar Pradesh,North,4,403,Wallet,8
1836,Uday Menon,Female,28-04-2029,12675,Beauty,44,36-50,Haryana,North,4,943,COD,3
1933,Indrajit Malik,Male,29-04-2029,12676,Home,32,18-35,Bihar,East,3,886,COD,1
1552,Satish Nath,Male,30-04-2029,12677,Clothing,36,36-50,Kerala,South,2,528,COD,11
1317,Jaideep Kulkarni,Male,01-05-2029,12678,Home,31,18-35,Karnataka,South,2,492,Wallet,10
1501,Sarvesh Reddy,Male,02-05-2029,12679,Beauty,24,18-35,Bihar,East,1,1224,Card,8
1827,Paras Chaturvedi,Male,03-05-2029,12680,Clothing,22,18-35,Goa,West,6,333,Card,4
1380,Krishna Sehgal,Female,04-05-2029,12681,Clothing,47,36-50,West Bengal,East,7,1125,Wallet,7
1622,Chhavi Nair,Female,05-05-2029,12682,Clothing,41,36-50,Arunachal Pradesh,East,6,923,Card,4
1013,Yuvraj Lala,Male,06-05-2029,12683,Beauty,57,51-65,Punjab,North,7,1227,Card,7
1503,Rudra Kaur,Male,07-05-2029,12684,Home,60,51-65,Odisha,East,5,1310,Card,1
1230,Anisha Tripathi,Female,08-05-2029,12685,Electronics,39,36-50,Odisha,East,7,697,COD,1
1984,Bhanu Yogi,Male,09-05-2029,12686,Beauty,23,18-35,Jharkhand,East,1,684,COD,2
1083,Yashika Bisht,Female,10-05-2029,12687,Clothing,49,36-50,Karnataka,South,3,1181,Card,5
1129,Hina Prasad,Female,11-05-2029,12688,Electronics,49,36-50,Uttar Pradesh,North,3,545,COD,11
1742,Rekha Bose,Female,12-05-2029,12689,Clothing,47,36-50,Rajasthan,North,2,761,COD,10
1837,Raghavendra Kapoor,Male,13-05-2029,12690,Clothing,20,18-35,Bihar,East,3,1372,Wallet,6
1144,Karishma Harit,Female,14-05-2029,12691,Beauty,45,36-50,Delhi,North,5,1075,COD,2
1890,Ravindra Banerjee,Male,15-05-2029,12692,Electronics,52,51-65,West Bengal,East,4,802,COD,1
1856,Nityanand Zaidi,Male,16-05-2029,12693,Home,26,18-35,Rajasthan,North,3,539,COD,9
1027,Anagh Agarwal,Male,17-05-2029,12694,Clothing,34,18-35,West Bengal,East,1,569,Card,7
1065,Arpita Samant,Female,18-05-2029,12695,Electronics,32,18-35,West Bengal,East,5,1362,Card,8
1162,Chetan Tyagi,Male,19-05-2029,12696,Beauty,35,18-35,Uttarakhand,North,3,1353,COD,6
1228,Jayanti Pande,Female,20-05-2029,12697,Clothing,34,18-35,Maharashtra,West,6,468,Card,9
1260,Jeevika Pandey,Female,21-05-2029,12698,Electronics,23,18-35,Uttar Pradesh,North,7,839,Card,8
1448,Geeta Sharma,Female,22-05-2029,12699,Clothing,36,36-50,Uttar Pradesh,North,3,1149,COD,4
1423,Roshan Khandelwal,Male,23-05-2029,12700,Beauty,56,51-65,Tamil Nadu,South,6,1314,Card,5
1459,Sahej Chauhan,Female,24-05-2029,12701,Electronics,40,36-50,Bihar,East,5,1341,Card,2
1951,Yashwant Srivastava,Male,25-05-2029,12702,Electronics,58,51-65,Rajasthan,North,3,311,COD,1
1675,Bibek Malhotra,Male,26-05-2029,12703,Electronics,55,51-65,Gujarat,West,6,1330,COD,6
1300,Sagar Dixit,Male,27-05-2029,12704,Electronics,56,51-65,Madhya Pradesh,Central,4,452,Wallet,3
1918,Harini Sinha,Female,28-05-2029,12705,Home,27,18-35,Telangana,South,2,610,COD,11
1302,Puneet Dev,Male,29-05-2029,12706,Clothing,49,36-50,Tamil Nadu,South,5,398,COD,4
1286,Buddhadev Somani,Male,30-05-2029,12707,Electronics,23,18-35,Rajasthan,North,6,504,Card,1
1394,Gunjan Naidu,Female,31-05-2029,12708,Electronics,37,36-50,Karnataka,South,1,1394,Card,6
1009,Mihir Kashyap,Male,01-06-2029,12709,Electronics,39,36-50,Tamil Nadu,South,3,772,Card,8
1706,Girija Parashar,Female,02-06-2029,12710,Beauty,20,18-35,Tamil Nadu,South,6,705,COD,10
1629,Viraj Shah,Male,03-06-2029,12711,Electronics,50,36-50,Haryana,North,7,700,COD,4
1269,Durga Mehta,Female,04-06-2029,12712,Beauty,30,18-35,Andaman and Nicobar Islands,South,6,366,COD,10
1591,Lakhan Gill,Male,05-06-2029,12713,Clothing,38,36-50,Kerala,South,6,1102,COD,8
1969,Damini Ghosh,Female,06-06-2029,12714,Electronics,33,18-35,Puducherry,South,7,981,Card,11
1604,Ashmita Dhami,Female,07-06-2029,12715,Beauty,59,51-65,Telangana,South,2,748,COD,10
1777,Lekha Niyogi,Female,08-06-2029,12716,Clothing,56,51-65,Tamil Nadu,South,7,939,Card,3
1843,Poorva Negi,Female,09-06-2029,12717,Home,39,36-50,Dadra and Nagar Haveli and Daman and Diu,West,7,967,Card,11
1861,Pallavi Tomar,Female,10-06-2029,12718,Beauty,50,36-50,Assam,East,1,590,COD,7
1360,Kartik Yadav,Male,11-06-2029,12719,Electronics,36,36-50,West Bengal,East,7,495,Wallet,3
1256,Alok Dwivedi,Male,12-06-2029,12720,Electronics,52,51-65,Punjab,North,1,901,Wallet,6
1132,Lina Garg,Female,13-06-2029,12721,Home,44,36-50,Bihar,East,4,512,Wallet,4
1275,Govind Pradhan,Male,14-06-2029,12722,Electronics,56,51-65,Haryana,North,7,1168,Card,6
1775,Bodh Soni,Male,15-06-2029,12723,Electronics,58,51-65,West Bengal,East,2,474,Card,7
1682,Kabir Patel,Male,16-06-2029,12724,Electronics,33,18-35,Ladakh,North,7,507,Card,8
1971,Oorja Bohra,Female,17-06-2029,12725,Electronics,18,18-35,Punjab,North,6,841,Card,6
1512,Aniruddha Narayan,Male,18-06-2029,12726,Home,48,36-50,Nagaland,East,5,1484,Card,4
1312,Anvi Arya,Female,19-06-2029,12727,Electronics,28,18-35,Haryana,North,2,398,COD,9
1575,Prateek Bhatt,Male,20-06-2029,12728,Clothing,47,36-50,Odisha,East,7,666,COD,7
1885,Suhani Raghav,Female,21-06-2029,12729,Clothing,43,36-50,Uttar Pradesh,North,2,821,Wallet,9
1979,Mehak Nigam,Female,22-06-2029,12730,Clothing,46,36-50,Madhya Pradesh,Central,1,1295,Wallet,3
1283,Ishita Suri,Female,23-06-2029,12731,Electronics,54,51-65,Haryana,North,4,937,Card,5
1120,Vishnu Gandhi,Male,24-06-2029,12732,Home,54,51-65,Karnataka,South,4,975,Wallet,1
1106,Raghav Panwar,Male,25-06-2029,12733,Electronics,18,18-35,Telangana,South,2,1130,COD,11
1932,Abha Verma,Female,26-06-2029,12734,Home,57,51-65,Uttarakhand,North,2,844,COD,8
1686,Shalini Jaiswal,Female,27-06-2029,12735,Beauty,41,36-50,Dadra and Nagar Haveli and Daman and Diu,West,7,1426,COD,1
1996,Sharvani Subramanian,Female,28-06-2029,12736,Clothing,40,36-50,Chhattisgarh,Central,3,862,Card,1
1203,Anirudh Lal,Male,29-06-2029,12737,Clothing,49,36-50,Manipur,East,6,1385,Wallet,7
1164,Eshwar Jain,Male,30-06-2029,12738,Clothing,45,36-50,Karnataka,South,1,1093,COD,11
1304,Amarnath Goyal,Male,01-07-2029,12739,Clothing,54,51-65,Assam,East,6,523,Wallet,8
1496,Jasleen Kaushik,Female,02-07-2029,12740,Beauty,58,51-65,Haryana,North,5,702,Wallet,3
1631,Bhavana Arora,Female,03-07-2029,12741,Beauty,29,18-35,Rajasthan,North,5,405,COD,2
1555,Sanchita Chandra,Female,04-07-2029,12742,Electronics,50,36-50,Haryana,North,4,1000,Card,7
1823,Basant Modi,Male,05-07-2029,12743,Clothing,50,36-50,Tamil Nadu,South,1,971,Card,10
1155,Abhyuday Rathore,Male,06-07-2029,12744,Beauty,40,36-50,Uttar Pradesh,North,6,1116,Card,5
1366,Anuradha Gupta,Female,07-07-2029,12745,Beauty,19,18-35,Andhra Pradesh,South,4,850,Card,1
1718,Siya Rana,Female,08-07-2029,12746,Clothing,29,18-35,Uttarakhand,North,5,1407,Wallet,2
1901,Eklavya Jindal,Male,09-07-2029,12747,Clothing,60,51-65,Andaman and Nicobar Islands,South,2,586,Card,3
1619,Arnav Trivedi,Male,10-07-2029,12748,Electronics,43,36-50,Kerala,South,1,738,Wallet,6
1250,Yami Deshmukh,Female,11-07-2029,12749,Beauty,33,18-35,Maharashtra,West,1,357,COD,1
1956,Ayana Patil,Female,12-07-2029,12750,Electronics,55,51-65,Tamil Nadu,South,6,1460,Card,8
1915,Indira Vohra,Female,13-07-2029,12751,Clothing,38,36-50,West Bengal,East,7,909,COD,2
1881,Hemant Shetty,Male,14-07-2029,12752,Electronics,18,18-35,Maharashtra,West,3,922,COD,5
1333,Antara Narang,Female,15-07-2029,12753,Electronics,21,18-35,Bihar,East,6,1186,COD,8
1641,Nirav Aggarwal,Male,16-07-2029,12754,Clothing,42,36-50,Uttar Pradesh,North,2,884,COD,5
1968,Sandeep Saini,Male,17-07-2029,12755,Beauty,40,36-50,Manipur,East,7,996,Card,8
1510,Mahendra Mittal,Male,18-07-2029,12756,Electronics,57,51-65,Delhi,North,7,343,COD,6
1292,Virat Saxena,Male,19-07-2029,12757,Clothing,41,36-50,Sikkim,East,7,605,COD,7
1019,Jitesh Tandon,Male,20-07-2029,12758,Electronics,22,18-35,Jharkhand,East,2,1003,COD,8
1281,Rajni Joshi,Female,21-07-2029,12759,Electronics,53,51-65,Goa,West,4,1387,Wallet,3
1796,Kishori Sen,Female,22-07-2029,12760,Clothing,50,36-50,Tamil Nadu,South,1,1106,Card,5
1000,Vedant Pillai,Male,23-07-2029,12761,Clothing,49,36-50,Himachal Pradesh,North,4,623,Card,10
1118,Ritesh Salvi,Male,24-07-2029,12762,Electronics,45,36-50,Gujarat,West,2,1184,COD,7
1034,Anandhan Shukla,Male,25-07-2029,12763,Electronics,43,36-50,Puducherry,South,3,877,Wallet,9
1197,Aman Bhatia,Female,26-07-2029,12764,Electronics,55,51-65,Sikkim,East,1,1320,Card,6
1484,Abhinandan Dey,Male,27-07-2029,12765,Electronics,34,18-35,Jharkhand,East,2,780,Card,10
1756,Jahan Desai,Female,28-07-2029,12766,Beauty,36,36-50,Gujarat,West,3,902,Card,1
1058,Barkha Khanna,Female,29-07-2029,12767,Beauty,21,18-35,West Bengal,East,6,1132,Card,11
1836,Aadesh Jha,Male,30-07-2029,12768,Electronics,42,36-50,Bihar,East,5,1255,Card,8
1160,Aditiya Das,Male,31-07-2029,12769,Clothing,27,18-35,Karnataka,South,7,882,Card,6
1690,Sarthak Randhawa,Male,01-08-2029,12770,Beauty,42,36-50,Bihar,East,2,915,COD,1
1205,Suraj Mohan,Male,02-08-2029,12771,Electronics,32,18-35,Delhi,North,5,1200,Card,4
1011,Arya Bhardwaj,Female,03-08-2029,12772,Home,21,18-35,Kerala,South,4,830,Card,6
1489,Ronak Mandal,Male,04-08-2029,12773,Beauty,32,18-35,Telangana,South,5,949,Card,10
1275,Bishal Rao,Male,05-08-2029,12774,Electronics,49,36-50,Maharashtra,West,2,391,Wallet,1
1692,Rina Choudhary,Female,06-08-2029,12775,Electronics,60,51-65,Maharashtra,West,5,493,COD,10
1241,Aditi Khan,Female,07-08-2029,12776,Beauty,20,18-35,Karnataka,South,7,543,Wallet,5
1215,Chiranjeev Barman,Male,08-08-2029,12777,Clothing,35,18-35,Karnataka,South,1,937,COD,3
1250,Arpit Rawat,Male,09-08-2029,12778,Electronics,48,36-50,Andhra Pradesh,South,2,648,Card,7
1810,Srishti Bansal,Female,10-08-2029,12779,Electronics,25,18-35,Delhi,North,3,788,Card,8
1125,Sana Mukherjee,Female,11-08-2029,12780,Clothing,57,51-65,Uttarakhand,North,5,601,COD,3
1993,Monika Nanda,Female,12-08-2029,12781,Home,25,18-35,Madhya Pradesh,Central,1,348,COD,10
1216,Anushka Dubey,Female,13-08-2029,12782,Home,55,51-65,Uttar Pradesh,North,7,740,COD,3
1305,Devika Varma,Female,14-08-2029,12783,Beauty,27,18-35,Andhra Pradesh,South,4,1411,COD,11
1796,Arindam Kumar,Male,15-08-2029,12784,Electronics,49,36-50,Bihar,East,4,1293,COD,3
1184,Vikash Khatri,Male,16-08-2029,12785,Clothing,60,51-65,Telangana,South,7,783,Card,11
1038,Shubham Basu,Male,17-08-2029,12786,Clothing,36,36-50,Punjab,North,5,1299,Wallet,6
1222,Tejas Mishra,Female,18-08-2029,12787,Clothing,18,18-35,Karnataka,South,4,490,COD,6
1183,Harshita Sahu,Female,19-08-2029,12788,Electronics,40,36-50,Gujarat,West,3,1368,Card,3
1494,Binay Upadhyay,Male,20-08-2029,12789,Beauty,54,51-65,Uttar Pradesh,North,2,1318,COD,6
1426,Bhakti Anand,Female,21-08-2029,12790,Beauty,44,36-50,Maharashtra,West,1,1122,COD,9
1177,Bhargav Datt,Male,22-08-2029,12791,Clothing,39,36-50,Jharkhand,East,6,842,Card,11
1918,Prem Mahajan,Male,23-08-2029,12792,Clothing,36,36-50,Uttar Pradesh,North,5,488,Card,8
1427,Gokul Zaveri,Male,24-08-2029,12793,Electronics,18,18-35,Assam,East,4,738,Card,11
1293,Ananya Ahuja,Female,25-08-2029,12794,Clothing,43,36-50,Jammu and Kashmir,North,2,657,Card,7
1851,Ashwin Vaidya,Male,26-08-2029,12795,Home,41,36-50,Rajasthan,North,6,442,Card,7
1150,Pooja Tiwari,Female,27-08-2029,12796,Clothing,31,18-35,Jharkhand,East,3,1427,Card,8
1383,Bhavin Puri,Male,28-08-2029,12797,Beauty,24,18-35,Karnataka,South,4,346,Card,7
1637,Akhil Dahiya,Male,29-08-2029,12798,Clothing,29,18-35,Rajasthan,North,4,1249,Card,3
1812,Reet Solanki,Female,30-08-2029,12799,Clothing,57,51-65,Nagaland,East,1,964,Wallet,8
1307,Avantika Menon,Female,31-08-2029,12800,Home,26,18-35,Nagaland,East,3,581,Card,8
1335,Kriti Malik,Female,01-09-2029,12801,Electronics,23,18-35,Gujarat,West,3,1291,Card,1
1945,Pratik Nath,Male,02-09-2029,12802,Clothing,32,18-35,Delhi,North,5,1236,Card,10
1745,Aruna Kulkarni,Female,03-09-2029,12803,Electronics,53,51-65,Telangana,South,6,986,COD,5
1891,Damodar Reddy,Male,04-09-2029,12804,Clothing,22,18-35,Kerala,South,1,471,Card,5
1374,Balwant Chaturvedi,Male,05-09-2029,12805,Home,57,51-65,Uttar Pradesh,North,5,378,Card,1
1007,Ravi Sehgal,Male,06-09-2029,12806,Clothing,23,18-35,Punjab,North,1,351,Card,6
1340,Swara Nair,Female,07-09-2029,12807,Home,51,51-65,Kerala,South,3,1219,Wallet,6
1128,Punit Lala,Male,08-09-2029,12808,Clothing,19,18-35,Andaman and Nicobar Islands,South,1,1259,COD,4
1775,Aseem Kaur,Female,09-09-2029,12809,Electronics,46,36-50,Odisha,East,1,735,Card,6
1668,Tejal Tripathi,Female,10-09-2029,12810,Home,19,18-35,Haryana,North,1,1171,Card,6
1351,Manju Yogi,Female,11-09-2029,12811,Electronics,54,51-65,Maharashtra,West,2,679,Card,1
1357,Abhay Bisht,Male,12-09-2029,12812,Electronics,46,36-50,Telangana,South,2,530,Card,5
1516,Hansika Prasad,Female,13-09-2029,12813,Clothing,46,36-50,Uttar Pradesh,North,6,1269,COD,2
1494,Sandhya Bose,Female,14-09-2029,12814,Electronics,22,18-35,Gujarat,West,6,470,COD,7
1085,Sai Kapoor,Male,15-09-2029,12815,Electronics,45,36-50,Tamil Nadu,South,7,1394,COD,9
1174,Brinda Harit,Female,16-09-2029,12816,Clothing,51,51-65,Madhya Pradesh,Central,3,690,Card,9
1801,Kunal Banerjee,Male,17-09-2029,12817,Clothing,48,36-50,Andhra Pradesh,South,1,529,COD,11
1192,Samiksha Zaidi,Female,18-09-2029,12818,Clothing,38,36-50,Odisha,East,3,345,Card,9
1310,Prema Agarwal,Female,19-09-2029,12819,Beauty,59,51-65,Tamil Nadu,South,2,753,Card,11
1118,Rishabh Samant,Male,20-09-2029,12820,Clothing,56,51-65,Bihar,East,1,1071,COD,7
1217,Diya Tyagi,Female,21-09-2029,12821,Beauty,47,36-50,Punjab,North,5,339,Card,7
1426,Bhavesh Pande,Male,22-09-2029,12822,Electronics,34,18-35,Uttar Pradesh,North,2,401,COD,1
1969,Ibrahim Pandey,Male,23-09-2029,12823,Clothing,30,18-35,Goa,West,2,950,Wallet,11
1413,Shruti Sharma,Female,24-09-2029,12824,Beauty,50,36-50,Maharashtra,West,2,533,Card,11
1113,Rashmi Khandelwal,Female,25-09-2029,12825,Clothing,58,51-65,Arunachal Pradesh,East,7,651,Wallet,6
1977,Dilip Chauhan,Male,26-09-2029,12826,Home,23,18-35,Gujarat,West,1,356,Card,5
1144,Palak Srivastava,Female,27-09-2029,12827,Clothing,45,36-50,Odisha,East,6,1216,Card,8
1537,Ashima Malhotra,Female,28-09-2029,12828,Electronics,57,51-65,Rajasthan,North,4,797,COD,8
1647,Deepali Dixit,Female,29-09-2029,12829,Clothing,23,18-35,West Bengal,East,5,555,COD,11
1302,Akshara Sinha,Female,30-09-2029,12830,Clothing,34,18-35,Jharkhand,East,5,745,Card,4
1743,Siddhant Dev,Male,01-10-2029,12831,Beauty,53,51-65,West Bengal,East,3,932,COD,1
1880,Sujata Somani,Female,02-10-2029,12832,Electronics,58,51-65,Assam,East,1,678,Wallet,6
1587,Kesar Naidu,Female,03-10-2029,12833,Beauty,47,36-50,Gujarat,West,6,957,Card,10
1986,Kanupriya Kashyap,Female,04-10-2029,12834,Beauty,29,18-35,Jharkhand,East,2,376,Wallet,1
1839,Minal Parashar,Female,05-10-2029,12835,Electronics,36,36-50,Chhattisgarh,Central,4,1030,COD,5
1344,Zoya Shah,Female,06-10-2029,12836,Electronics,18,18-35,Delhi,North,1,1135,Wallet,5
1813,Trilok Mehta,Male,07-10-2029,12837,Beauty,20,18-35,Assam,East,1,1231,Card,3
1963,Indranil Gill,Male,08-10-2029,12838,Beauty,53,51-65,Assam,East,7,1070,COD,5
1800,Hiral Ghosh,Female,09-10-2029,12839,Clothing,27,18-35,Rajasthan,North,6,526,Card,6
1000,Abhrajit Dhami,Male,10-10-2029,12840,Electronics,33,18-35,Tamil Nadu,South,4,526,Wallet,5
1146,Danish Niyogi,Male,11-10-2029,12841,Clothing,25,18-35,Telangana,South,2,1023,COD,1
1286,Anshuman Negi,Male,12-10-2029,12842,Home,50,36-50,Chhattisgarh,Central,1,1226,Card,7
1975,Harsheen Tomar,Female,13-10-2029,12843,Electronics,43,36-50,Maharashtra,West,5,1346,Card,3
1653,Jatin Yadav,Male,14-10-2029,12844,Home,48,36-50,Uttar Pradesh,North,5,1284,Wallet,7
1052,Sumit Dwivedi,Male,15-10-2029,12845,Electronics,25,18-35,Telangana,South,4,762,COD,5
1303,Ahan Garg,Male,16-10-2029,12846,Electronics,31,18-35,Bihar,East,2,1158,Card,3
1068,Rachana Pradhan,Female,17-10-2029,12847,Clothing,57,51-65,Odisha,East,4,848,Card,11
1360,Samar Soni,Male,18-10-2029,12848,Clothing,55,51-65,Odisha,East,1,420,Wallet,6
1601,Rohini Patel,Female,19-10-2029,12849,Electronics,46,36-50,Madhya Pradesh,Central,7,712,Card,1
1957,Bhavika Bohra,Female,20-10-2029,12850,Clothing,44,36-50,Himachal Pradesh,North,7,1060,Card,6
1219,Kamini Narayan,Female,21-10-2029,12851,Electronics,43,36-50,Puducherry,South,5,579,Wallet,4
1961,Ashutosh Arya,Male,22-10-2029,12852,Electronics,18,18-35,Karnataka,South,7,629,Card,4
1703,Roma Bhatt,Female,23-10-2029,12853,Electronics,45,36-50,Odisha,East,3,1404,Card,5
1965,Anoop Raghav,Male,24-10-2029,12854,Beauty,54,51-65,Odisha,East,4,754,Card,9
1574,Mohan Nigam,Male,25-10-2029,12855,Clothing,31,18-35,Gujarat,West,7,517,Wallet,1
1584,Manan Suri,Female,26-10-2029,12856,Clothing,21,18-35,Haryana,North,3,387,Card,3
1160,Abhiram Gandhi,Male,27-10-2029,12857,Clothing,54,51-65,Assam,East,3,1205,COD,11
1680,Girish Panwar,Male,28-10-2029,12858,Beauty,29,18-35,Bihar,East,6,970,Wallet,4
1088,Vishwas Verma,Male,29-10-2029,12859,Electronics,51,51-65,Madhya Pradesh,Central,5,711,Card,2
1687,Hema Jaiswal,Female,30-10-2029,12860,Home,46,36-50,Rajasthan,North,4,1427,Wallet,9
1780,Sourav Subramanian,Male,31-10-2029,12861,Home,26,18-35,Uttar Pradesh,North,3,769,Card,11
1584,Abhishek Lal,Male,01-11-2029,12862,Clothing,33,18-35,Manipur,East,1,812,COD,7
1756,Arhaan Jain,Male,02-11-2029,12863,Electronics,60,51-65,Himachal Pradesh,North,7,682,Card,1
1588,Rohan Goyal,Female,03-11-2029,12864,Home,51,51-65,Maharashtra,West,6,357,COD,9
1158,Aakash Kaushik,Male,04-11-2029,12865,Electronics,55,51-65,Bihar,East,2,1465,Card,6
1488,Aanya Arora,Female,05-11-2029,12866,Clothing,25,18-35,Maharashtra,West,7,958,Card,2
1970,Irfan Chandra,Male,06-11-2029,12867,Home,58,51-65,Uttar Pradesh,North,7,358,Wallet,1
1323,Rishi Modi,Male,07-11-2029,12868,Electronics,26,18-35,Karnataka,South,7,1003,Card,6
1609,Eesh Rathore,Male,08-11-2029,12869,Home,18,18-35,Arunachal Pradesh,East,6,1092,Wallet,7
1380,Bani Gupta,Female,09-11-2029,12870,Electronics,57,51-65,Uttarakhand,North,2,1147,Card,10
1101,Surabhi Rana,Female,10-11-2029,12871,Home,47,36-50,Tamil Nadu,South,5,683,Card,6
1493,Manish Jindal,Male,11-11-2029,12872,Clothing,27,18-35,Bihar,East,4,1161,Wallet,7
1643,Anup Trivedi,Male,12-11-2029,12873,Electronics,53,51-65,Haryana,North,4,1280,Card,6
1613,Ekta Deshmukh,Female,13-11-2029,12874,Electronics,54,51-65,Bihar,East,2,1257,Wallet,8
1018,Lipi Patil,Female,14-11-2029,12875,Beauty,29,18-35,Bihar,East,7,345,COD,2
1453,Tanya Vohra,Female,15-11-2029,12876,Electronics,30,18-35,Kerala,South,1,452,Card,9
1481,Nutan Shetty,Female,16-11-2029,12877,Electronics,48,36-50,Rajasthan,North,2,907,COD,9
1593,Achal Narang,Male,17-11-2029,12878,Electronics,44,36-50,Maharashtra,West,2,412,Card,11
1396,Nikhil Aggarwal,Male,18-11-2029,12879,Clothing,27,18-35,Kerala,South,4,1284,Card,9
1278,Ranjana Saini,Female,19-11-2029,12880,Clothing,44,36-50,West Bengal,East,3,1086,COD,7
1850,Agastya Mittal,Male,20-11-2029,12881,Electronics,33,18-35,Punjab,North,1,478,Card,9
1364,Ratan Saxena,Male,21-11-2029,12882,Electronics,30,18-35,Uttar Pradesh,North,4,449,Card,1
1330,Soumya Tandon,Female,22-11-2029,12883,Electronics,27,18-35,Karnataka,South,6,1078,Wallet,3
1640,Raj Joshi,Male,23-11-2029,12884,Electronics,29,18-35,Dadra and Nagar Haveli and Daman and Diu,West,2,419,Wallet,2
1343,Rhea Sen,Female,24-11-2029,12885,Clothing,24,18-35,Odisha,East,3,939,COD,11
1821,Parul Pillai,Female,25-11-2029,12886,Home,37,36-50,Kerala,South,1,963,COD,1
1454,Sampath Salvi,Male,26-11-2029,12887,Electronics,42,36-50,Madhya Pradesh,Central,5,1230,COD,5
1600,Avni Shukla,Female,27-11-2029,12888,Clothing,51,51-65,Bihar,East,1,1238,COD,1
1724,Aarna Bhatia,Female,28-11-2029,12889,Clothing,47,36-50,Tamil Nadu,South,1,900,Card,3
1654,Malavika Dey,Female,29-11-2029,12890,Beauty,29,18-35,Telangana,South,7,1474,Wallet,6
1064,Aastha Desai,Female,30-11-2029,12891,Beauty,45,36-50,Assam,East,2,345,Card,6
1075,Pankhuri Khanna,Female,01-12-2029,12892,Home,45,36-50,Telangana,South,2,1365,COD,3
1710,Avinandan Jha,Male,02-12-2029,12893,Electronics,41,36-50,Meghalaya,East,5,312,Wallet,4
1142,Adit Das,Male,03-12-2029,12894,Electronics,42,36-50,Odisha,East,5,1286,COD,7
1916,Tulika Randhawa,Female,04-12-2029,12895,Electronics,57,51-65,West Bengal,East,5,1094,Wallet,6
1914,Yamini Mohan,Female,05-12-2029,12896,Electronics,55,51-65,Assam,East,4,1486,Card,11
1827,Fatima Bhardwaj,Female,06-12-2029,12897,Clothing,36,36-50,Bihar,East,4,1149,Card,2
1604,Sonu Mandal,Male,07-12-2029,12898,Home,21,18-35,Bihar,East,2,562,Wallet,9
1472,Sapna Rao,Female,08-12-2029,12899,Beauty,37,36-50,Maharashtra,West,2,1123,Card,6
1416,Divij Choudhary,Male,09-12-2029,12900,Home,37,36-50,Haryana,North,5,865,COD,2
1304,Kishore Khan,Male,10-12-2029,12901,Clothing,32,18-35,Odisha,East,4,374,Card,7
1735,Vipin Barman,Male,11-12-2029,12902,Home,53,51-65,Maharashtra,West,3,387,COD,11
1496,Ira Rawat,Female,12-12-2029,12903,Electronics,49,36-50,Uttar Pradesh,North,4,970,COD,11
1290,Nandini Bansal,Female,13-12-2029,12904,Electronics,59,51-65,Madhya Pradesh,Central,2,429,Card,10
1939,Eshika Mukherjee,Female,14-12-2029,12905,Home,24,18-35,Maharashtra,West,4,491,COD,10
1101,Rajeev Nanda,Male,15-12-2029,12906,Electronics,57,51-65,Jammu and Kashmir,North,2,510,COD,4
1985,Shailendra Dubey,Male,16-12-2029,12907,Clothing,31,18-35,Andaman and Nicobar Islands,South,5,1288,Card,1
1266,Veer Varma,Male,17-12-2029,12908,Electronics,36,36-50,Punjab,North,7,379,COD,10
1866,Digambar Kumar,Male,18-12-2029,12909,Home,40,36-50,Madhya Pradesh,Central,5,882,COD,9
1967,Shreyansh Khatri,Male,19-12-2029,12910,Home,23,18-35,Odisha,East,5,721,Card,11
1621,Shreya Basu,Female,20-12-2029,12911,Electronics,53,51-65,Delhi,North,3,955,COD,10
1973,Gauri Mishra,Female,21-12-2029,12912,Home,51,51-65,Chhattisgarh,Central,7,1050,Card,8
1841,Urvi Sahu,Female,22-12-2029,12913,Electronics,33,18-35,Maharashtra,West,3,808,Card,5
1961,Ansh Upadhyay,Male,23-12-2029,12914,Clothing,41,36-50,Himachal Pradesh,North,2,1187,COD,3
1941,Nilesh Anand,Male,24-12-2029,12915,Home,21,18-35,Assam,East,1,451,COD,4
1776,Aamir Datt,Male,25-12-2029,12916,Home,39,36-50,Maharashtra,West,6,862,Wallet,3
1002,Pradyumn Mahajan,Male,26-12-2029,12917,Beauty,27,18-35,Tamil Nadu,South,3,1101,Card,10
1084,Rajiv Zaveri,Male,27-12-2029,12918,Electronics,45,36-50,Telangana,South,2,1042,Card,8
1793,Neel Ahuja,Male,28-12-2029,12919,Home,46,36-50,Gujarat,West,7,1264,Card,5
1327,Rashi Vaidya,Female,29-12-2029,12920,Clothing,39,36-50,Delhi,North,4,1496,COD,11
1815,Arun Tiwari,Male,30-12-2029,12921,Beauty,52,51-65,Rajasthan,North,7,1110,Card,8
1449,Pankaj Puri,Male,31-12-2029,12922,Electronics,37,36-50,Haryana,North,5,335,COD,1
1453,Balraj Dahiya,Male,01-01-2030,12923,Home,40,36-50,Odisha,East,5,1138,Card,9
1923,Aryaman Solanki,Male,02-01-2030,12924,Clothing,23,18-35,Tamil Nadu,South,5,460,Wallet,11
1628,Amrita Menon,Female,03-01-2030,12925,Electronics,26,18-35,Tamil Nadu,South,2,461,COD,10
1220,Giridhar Malik,Male,04-01-2030,12926,Clothing,33,18-35,Maharashtra,West,5,659,Wallet,3
1153,Sawan Nath,Male,05-01-2030,12927,Electronics,32,18-35,Uttarakhand,North,3,1051,Card,1
1664,Parikshit Kulkarni,Male,06-01-2030,12928,Clothing,52,51-65,Madhya Pradesh,Central,4,1123,COD,3
1011,Ragini Reddy,Female,07-01-2030,12929,Beauty,52,51-65,Karnataka,South,5,1314,COD,2
1132,Afreen Chaturvedi,Female,08-01-2030,12930,Clothing,34,18-35,Uttar Pradesh,North,2,449,COD,7
1993,Yash Sehgal,Male,09-01-2030,12931,Clothing,33,18-35,Sikkim,East,4,523,Card,10
1303,Vikram Nair,Male,10-01-2030,12932,Clothing,41,36-50,Madhya Pradesh,Central,5,1344,Wallet,4
1292,Meghna Lala,Female,11-01-2030,12933,Electronics,50,36-50,Uttar Pradesh,North,1,610,Card,7
1974,Saurabh Kaur,Male,12-01-2030,12934,Electronics,21,18-35,Ladakh,North,5,1173,Card,3
1299,Kumari Tripathi,Female,13-01-2030,12935,Clothing,22,18-35,Delhi,North,6,317,COD,6
1739,Vani Yogi,Female,14-01-2030,12936,Electronics,25,18-35,Maharashtra,West,7,736,COD,7
1782,Akash Bisht,Male,15-01-2030,12937,Electronics,31,18-35,Rajasthan,North,3,1159,COD,7
1042,Eshaan Prasad,Male,16-01-2030,12938,Clothing,18,18-35,Punjab,North,4,843,Card,5
1943,Anuja Bose,Female,17-01-2030,12939,Electronics,37,36-50,Nagaland,East,3,300,Card,6
1342,Keshav Kapoor,Male,18-01-2030,12940,Electronics,21,18-35,Karnataka,South,1,606,COD,3
1325,Nikita Harit,Female,19-01-2030,12941,Clothing,24,18-35,Uttar Pradesh,North,1,579,Card,4
1813,Ritik Banerjee,Male,20-01-2030,12942,Electronics,47,36-50,Rajasthan,North,6,506,Wallet,11
1497,Armaan Zaidi,Male,21-01-2030,12943,Beauty,44,36-50,Maharashtra,West,3,483,Wallet,6
1363,Mahima Agarwal,Female,22-01-2030,12944,Beauty,29,18-35,Maharashtra,West,4,789,COD,3
1890,Kanika Samant,Female,23-01-2030,12945,Home,53,51-65,Maharashtra,West,1,1255,Card,7
1426,Kanhaiya Tyagi,Male,24-01-2030,12946,Electronics,47,36-50,Maharashtra,West,1,533,Wallet,3
1020,Pranav Pande,Male,25-01-2030,12947,Home,51,51-65,Jharkhand,East,5,1297,Card,9
1406,Aanchal Pandey,Female,26-01-2030,12948,Home,45,36-50,Uttar Pradesh,North,6,525,Card,4
1618,Pari Sharma,Female,27-01-2030,12949,Home,25,18-35,Tripura,East,7,844,Card,2
1335,Jigna Khandelwal,Female,28-01-2030,12950,Electronics,47,36-50,Delhi,North,2,1422,Card,6
1814,Mini Chauhan,Female,29-01-2030,12951,Clothing,56,51-65,Meghalaya,East,7,974,Wallet,9
1116,Mishti Srivastava,Female,30-01-2030,12952,Home,50,36-50,Maharashtra,West,7,723,COD,10
1123,Anoopkumar Malhotra,Male,31-01-2030,12953,Clothing,19,18-35,Sikkim,East,1,448,Wallet,10
1398,Ekam Dixit,Female,01-02-2030,12954,Clothing,40,36-50,Ladakh,North,4,1182,Card,2
1792,Dalip Sinha,Male,02-02-2030,12955,Clothing,29,18-35,Meghalaya,East,4,1026,COD,4
1803,Om Dev,Male,03-02-2030,12956,Clothing,39,36-50,Rajasthan,North,5,1203,Wallet,5
1714,Megha Somani,Female,04-02-2030,12957,Electronics,48,36-50,West Bengal,East,4,973,Wallet,9
1050,Adesh Naidu,Male,05-02-2030,12958,Clothing,48,36-50,Himachal Pradesh,North,5,736,COD,7
1782,Aditya Kashyap,Male,06-02-2030,12959,Electronics,24,18-35,Madhya Pradesh,Central,1,564,Card,5
1323,Hitesh Parashar,Male,07-02-2030,12960,Clothing,23,18-35,Tamil Nadu,South,1,910,COD,6
1788,Avaneesh Shah,Male,08-02-2030,12961,Electronics,43,36-50,Rajasthan,North,7,353,Card,9
1140,Ketan Mehta,Male,09-02-2030,12962,Clothing,20,18-35,Uttarakhand,North,1,957,COD,4
1469,Aaliya Gill,Female,10-02-2030,12963,Electronics,19,18-35,Odisha,East,1,449,COD,2
1786,Rajan Ghosh,Male,11-02-2030,12964,Home,48,36-50,Bihar,East,2,1313,COD,5
1801,Chirag Dhami,Male,12-02-2030,12965,Home,19,18-35,Rajasthan,North,6,1174,COD,7
1333,Hemendra Niyogi,Male,13-02-2030,12966,Electronics,46,36-50,Sikkim,East,7,793,COD,4
1892,Preeti Negi,Female,14-02-2030,12967,Electronics,31,18-35,Andhra Pradesh,South,7,641,Card,1
1963,Sanaya Tomar,Female,15-02-2030,12968,Electronics,26,18-35,Madhya Pradesh,Central,6,706,COD,8
1372,Ritu Yadav,Female,16-02-2030,12969,Beauty,44,36-50,Dadra and Nagar Haveli and Daman and Diu,West,2,438,COD,5
1563,Isha Dwivedi,Female,17-02-2030,12970,Clothing,36,36-50,Bihar,East,1,407,Card,10
1493,Aarav Garg,Male,18-02-2030,12971,Clothing,24,18-35,Uttarakhand,North,4,1157,Card,2
1538,Milan Pradhan,Female,19-02-2030,12972,Electronics,54,51-65,Delhi,North,5,1087,Card,3
1668,Bankim Soni,Male,20-02-2030,12973,Clothing,43,36-50,Odisha,East,7,1132,Card,10
1750,Teena Patel,Female,21-02-2030,12974,Beauty,60,51-65,Karnataka,South,6,1206,Wallet,10
1155,Tarini Bohra,Female,22-02-2030,12975,Home,54,51-65,Odisha,East,3,1318,Card,5
1290,Adarsh Narayan,Male,23-02-2030,12976,Clothing,47,36-50,Karnataka,South,5,685,COD,11
1647,Faisal Arya,Male,24-02-2030,12977,Electronics,29,18-35,Ladakh,North,3,967,COD,4
1143,Mira Bhatt,Female,25-02-2030,12978,Electronics,52,51-65,Andhra Pradesh,South,3,1192,Card,9
1105,Aradhana Raghav,Female,26-02-2030,12979,Electronics,18,18-35,Manipur,East,7,1489,Wallet,9
1419,Biren Nigam,Male,27-02-2030,12980,Electronics,26,18-35,Telangana,South,1,977,Card,8
1669,Sriharsh Suri,Male,28-02-2030,12981,Electronics,58,51-65,Karnataka,South,3,709,Wallet,2
1657,Drishti Gandhi,Female,01-03-2030,12982,Electronics,56,51-65,Karnataka,South,1,951,Card,5
1001,Alankar Panwar,Male,02-03-2030,12983,Clothing,28,18-35,Rajasthan,North,2,532,Card,8
1944,Sara Verma,Female,03-03-2030,12984,Beauty,60,51-65,Gujarat,West,4,746,Card,8
1588,Satyam Jaiswal,Male,04-03-2030,12985,Clothing,59,51-65,Odisha,East,3,636,Card,7
1643,Leela Subramanian,Female,05-03-2030,12986,Home,30,18-35,Jharkhand,East,7,1223,Wallet,4
1089,Siddharth Lal,Male,06-03-2030,12987,Home,52,51-65,Himachal Pradesh,North,4,1407,Card,3
1344,Vidhi Jain,Female,07-03-2030,12988,Electronics,29,18-35,Tamil Nadu,South,1,572,COD,8
1349,Prasanna Goyal,Male,08-03-2030,12989,Home,38,36-50,Andhra Pradesh,South,3,765,Card,8
1458,Shaurya Kaushik,Male,09-03-2030,12990,Electronics,52,51-65,West Bengal,East,5,1212,Wallet,10
1262,Bhaskar Arora,Male,10-03-2030,12991,Clothing,40,36-50,Haryana,North,7,774,COD,5
1350,Bina Chandra,Female,11-03-2030,12992,Electronics,21,18-35,Jharkhand,East,2,1225,COD,3
1107,Rupali Modi,Female,12-03-2030,12993,Beauty,36,36-50,Himachal Pradesh,North,6,635,Card,5
1585,Himanshu Rathore,Male,13-03-2030,12994,Electronics,54,51-65,Uttarakhand,North,2,502,COD,4
1038,Abeer Gupta,Female,14-03-2030,12995,Electronics,31,18-35,Bihar,East,3,353,Card,8
1908,Nandita Rana,Female,15-03-2030,12996,Beauty,22,18-35,Haryana,North,7,584,Card,2
1158,Trisha Jindal,Female,16-03-2030,12997,Electronics,56,51-65,Punjab,North,2,597,COD,11
1582,Karan Trivedi,Male,17-03-2030,12998,Home,51,51-65,Uttar Pradesh,North,6,317,Wallet,8
1958,Lopa Deshmukh,Female,18-03-2030,12999,Home,35,18-35,Tamil Nadu,South,5,1053,Wallet,10
1311,Dayanand Patil,Male,19-03-2030,13000,Home,18,18-35,Jammu and Kashmir,North,4,1310,COD,6
1240,Aishwarya Vohra,Female,20-03-2030,13001,Beauty,53,51-65,Mizoram,East,5,637,COD,4
1937,Manav Shetty,Male,21-03-2030,13002,Beauty,54,51-65,Maharashtra,West,2,1203,Wallet,11
1444,Bhavik Narang,Male,22-03-2030,13003,Electronics,30,18-35,Punjab,North,6,692,COD,3
1297,Param Aggarwal,Male,23-03-2030,13004,Home,40,36-50,Uttar Pradesh,North,4,457,Card,10
1951,Oviya Saini,Female,24-03-2030,13005,Clothing,21,18-35,Chhattisgarh,Central,7,384,Wallet,5
1035,Dhruv Mittal,Male,25-03-2030,13006,Clothing,23,18-35,Maharashtra,West,6,721,Card,6
1083,Nitya Saxena,Female,26-03-2030,13007,Electronics,30,18-35,Gujarat,West,5,1043,Card,1
1451,Prashant Tandon,Male,27-03-2030,13008,Home,35,18-35,Chhattisgarh,Central,1,571,COD,1
1885,Samarth Joshi,Male,28-03-2030,13009,Beauty,21,18-35,Uttar Pradesh,North,1,1155,Card,11
1774,Mukul Sen,Male,29-03-2030,13010,Beauty,55,51-65,Chhattisgarh,Central,4,415,Card,10
1821,Amar Pillai,Male,30-03-2030,13011,Clothing,33,18-35,Gujarat,West,4,897,Card,3
1384,Shantanu Salvi,Male,31-03-2030,13012,Electronics,48,36-50,Uttar Pradesh,North,4,1239,COD,2
1171,Dileep Shukla,Male,01-04-2030,13013,Clothing,37,36-50,Uttar Pradesh,North,1,653,Wallet,1
1375,Pritam Bhatia,Male,02-04-2030,13014,Home,20,18-35,Madhya Pradesh,Central,5,1108,Card,11
1684,Kirti Dey,Female,03-04-2030,13015,Home,27,18-35,Andaman and Nicobar Islands,South,4,1163,Card,8
1361,Anurag Desai,Male,04-04-2030,13016,Clothing,39,36-50,Uttar Pradesh,North,1,1009,Card,1
1558,Shania Khanna,Female,05-04-2030,13017,Electronics,41,36-50,Maharashtra,West,4,784,COD,10
1890,Vishal Jha,Male,06-04-2030,13018,Clothing,39,36-50,Tamil Nadu,South,4,1337,COD,8
1140,Divakar Das,Male,07-04-2030,13019,Clothing,42,36-50,Rajasthan,North,6,1398,COD,5
1886,Dushyant Randhawa,Male,08-04-2030,13020,Beauty,58,51-65,Jharkhand,East,4,492,Card,4
1917,Anand Mohan,Male,09-04-2030,13021,Clothing,35,18-35,Rajasthan,North,1,703,COD,8
1117,Sahil Bhardwaj,Male,10-04-2030,13022,Electronics,45,36-50,Bihar,East,5,1304,COD,8
1276,Deepika Mandal,Female,11-04-2030,13023,Clothing,60,51-65,Bihar,East,1,395,Card,11
1725,Eesha Rao,Female,12-04-2030,13024,Electronics,18,18-35,Gujarat,West,1,1367,Card,8
1219,Pranay Choudhary,Male,13-04-2030,13025,Beauty,52,51-65,Kerala,South,4,821,Card,3
1904,Ashwini Khan,Female,14-04-2030,13026,Clothing,28,18-35,Arunachal Pradesh,East,6,1237,Wallet,8
1025,Baldev Barman,Male,15-04-2030,13027,Clothing,42,36-50,Jammu and Kashmir,North,3,860,Wallet,1
1520,Anika Rawat,Female,16-04-2030,13028,Clothing,39,36-50,Telangana,South,7,871,COD,4
1782,Nirbhay Bansal,Male,17-04-2030,13029,Home,44,36-50,Jammu and Kashmir,North,3,1266,Wallet,5
1009,Shiven Mukherjee,Male,18-04-2030,13030,Home,21,18-35,Haryana,North,3,355,COD,6
1983,Rajat Nanda,Male,19-04-2030,13031,Home,37,36-50,Bihar,East,1,921,Wallet,5
1377,Anirban Dubey,Male,20-04-2030,13032,Electronics,45,36-50,Maharashtra,West,4,1153,Card,5
1632,Simran Varma,Female,21-04-2030,13033,Electronics,54,51-65,Madhya Pradesh,Central,7,635,COD,5
1636,Navya Kumar,Female,22-04-2030,13034,Electronics,20,18-35,Bihar,East,3,508,COD,9
1681,Omkar Khatri,Male,23-04-2030,13035,Home,40,36-50,Jharkhand,East,2,1020,COD,10
1583,Rajeshwari Basu,Female,24-04-2030,13036,Electronics,37,36-50,Telangana,South,2,886,Card,10
1151,Hridya Mishra,Female,25-04-2030,13037,Clothing,49,36-50,Punjab,North,2,577,Card,3
1719,Sanjana Sahu,Female,26-04-2030,13038,Beauty,47,36-50,Rajasthan,North,5,406,Card,2
1048,Ujjwal Upadhyay,Male,27-04-2030,13039,Beauty,49,36-50,Tamil Nadu,South,4,318,Card,10
1153,Ridhima Anand,Female,28-04-2030,13040,Clothing,32,18-35,Mizoram,East,1,1078,Card,2
1858,Onkar Datt,Male,29-04-2030,13041,Clothing,60,51-65,West Bengal,East,1,1079,COD,8
1292,Hemanth Mahajan,Male,30-04-2030,13042,Electronics,53,51-65,Madhya Pradesh,Central,4,879,Wallet,5
1579,Parth Zaveri,Male,01-05-2030,13043,Home,20,18-35,Rajasthan,North,6,317,COD,5
1049,Advika Ahuja,Female,02-05-2030,13044,Home,31,18-35,Telangana,South,7,1064,Wallet,6
1663,Ipsita Vaidya,Female,03-05-2030,13045,Electronics,58,51-65,Madhya Pradesh,Central,6,1466,Wallet,9
1530,Bhupesh Tiwari,Male,04-05-2030,13046,Clothing,28,18-35,Andaman and Nicobar Islands,South,5,1462,Card,7
1611,Aisha Puri,Female,05-05-2030,13047,Home,39,36-50,Assam,East,4,435,Card,5
1059,Kaushal Dahiya,Male,06-05-2030,13048,Beauty,29,18-35,Karnataka,South,6,351,Card,5
1166,Anamika Solanki,Female,07-05-2030,13049,Electronics,57,51-65,Maharashtra,West,7,630,Wallet,10
1201,Lakshya Menon,Female,08-05-2030,13050,Clothing,53,51-65,Kerala,South,5,1118,Card,9
1856,Darshan Malik,Male,09-05-2030,13051,Electronics,53,51-65,Himachal Pradesh,North,3,1228,COD,9
1145,Anupama Nath,Female,10-05-2030,13052,Electronics,53,51-65,Uttar Pradesh,North,3,1386,Card,2
1914,Amisha Kulkarni,Female,11-05-2030,13053,Beauty,41,36-50,Maharashtra,West,5,1388,Wallet,7
1675,Snehal Reddy,Female,12-05-2030,13054,Home,46,36-50,Chhattisgarh,Central,4,1132,Card,10
1969,Srinivas Chaturvedi,Male,13-05-2030,13055,Home,58,51-65,Rajasthan,North,3,930,Wallet,1
1992,Eshani Sehgal,Female,14-05-2030,13056,Electronics,29,18-35,Karnataka,South,4,1019,Card,4
1438,Agney Nair,Male,15-05-2030,13057,Home,28,18-35,Gujarat,West,6,483,Card,2
1241,Vinay Lala,Male,16-05-2030,13058,Clothing,59,51-65,Rajasthan,North,3,1216,COD,10
1580,Mahi Kaur,Female,17-05-2030,13059,Electronics,50,36-50,Delhi,North,7,1243,Wallet,9
1686,Varsha Tripathi,Female,18-05-2030,13060,Clothing,20,18-35,Jharkhand,East,7,330,COD,6
1560,Saanvi Yogi,Female,19-05-2030,13061,Electronics,38,36-50,Uttar Pradesh,North,6,1411,Wallet,4
1482,Ajit Bisht,Male,20-05-2030,13062,Home,51,51-65,Kerala,South,7,1255,COD,3
1107,Malini Prasad,Female,21-05-2030,13063,Clothing,58,51-65,West Bengal,East,4,1075,COD,4
1225,Soham Bose,Male,22-05-2030,13064,Electronics,28,18-35,Odisha,East,4,1379,Card,2
1672,Amardeep Kapoor,Male,23-05-2030,13065,Electronics,26,18-35,Jammu and Kashmir,North,7,806,Card,5
1630,Daksh Harit,Male,24-05-2030,13066,Electronics,41,36-50,Bihar,East,2,303,Card,9
1660,Atul Banerjee,Male,25-05-2030,13067,Electronics,25,18-35,Uttar Pradesh,North,5,1098,Wallet,6
1976,Rohit Zaidi,Male,26-05-2030,13068,Clothing,25,18-35,Uttar Pradesh,North,1,438,Wallet,2
1661,Shriya Agarwal,Female,27-05-2030,13069,Home,40,36-50,Punjab,North,5,886,COD,6
1431,Abhinav Samant,Male,28-05-2030,13070,Electronics,22,18-35,Karnataka,South,7,1316,Card,9
1804,Varun Tyagi,Male,29-05-2030,13071,Electronics,26,18-35,Madhya Pradesh,Central,4,1278,Card,4
1654,Jayesh Pande,Male,30-05-2030,13072,Clothing,35,18-35,Andhra Pradesh,South,4,845,Wallet,1
1418,Jagruti Pandey,Female,31-05-2030,13073,Home,58,51-65,Uttar Pradesh,North,5,488,Card,2
1987,Ranjan Sharma,Male,01-06-2030,13074,Electronics,39,36-50,Maharashtra,West,4,486,Wallet,5
1454,Ayra Khandelwal,Female,02-06-2030,13075,Electronics,18,18-35,Bihar,East,6,383,Card,10
1159,Meera Chauhan,Female,03-06-2030,13076,Clothing,23,18-35,Chhattisgarh,Central,3,1050,Card,7
1522,Neelam Srivastava,Female,04-06-2030,13077,Electronics,57,51-65,Jharkhand,East,4,607,Wallet,8
1649,Alia Malhotra,Female,05-06-2030,13078,Electronics,25,18-35,Maharashtra,West,7,380,Card,3
1968,Ahana Dixit,Female,06-06-2030,13079,Home,57,51-65,Uttar Pradesh,North,7,1173,Card,9
1589,Abhishai Sinha,Male,07-06-2030,13080,Clothing,50,36-50,West Bengal,East,5,477,Wallet,2
1076,Charu Dev,Female,08-06-2030,13081,Clothing,25,18-35,Assam,East,5,1264,COD,4
1508,Hrishikesh Somani,Male,09-06-2030,13082,Home,51,51-65,Assam,East,5,673,COD,4
1440,Anugrah Naidu,Male,10-06-2030,13083,Home,34,18-35,Uttar Pradesh,North,7,1359,COD,6
1253,Lokesh Kashyap,Male,11-06-2030,13084,Electronics,47,36-50,Sikkim,East,2,917,Card,10
1920,Abhilasha Parashar,Female,12-06-2030,13085,Clothing,52,51-65,Himachal Pradesh,North,7,1160,Card,6
1769,Noor Shah,Female,13-06-2030,13086,Electronics,54,51-65,Uttar Pradesh,North,6,1275,COD,3
1319,Suresh Mehta,Male,14-06-2030,13087,Electronics,36,36-50,Maharashtra,West,7,1353,Card,9
1802,Brishti Gill,Female,15-06-2030,13088,Home,24,18-35,Karnataka,South,6,847,Card,11
1262,Amrish Ghosh,Male,16-06-2030,13089,Beauty,33,18-35,Andhra Pradesh,South,7,949,COD,5
1596,Amitabh Dhami,Male,17-06-2030,13090,Beauty,26,18-35,Kerala,South,7,1181,Card,2
1657,Ruchi Niyogi,Female,18-06-2030,13091,Clothing,23,18-35,Goa,West,2,639,COD,6
1834,Amruta Negi,Female,19-06-2030,13092,Electronics,30,18-35,Maharashtra,West,6,1330,Card,3
1553,Mamta Tomar,Female,20-06-2030,13093,Electronics,40,36-50,Tamil Nadu,South,2,467,Card,8
1373,Farah Yadav,Female,21-06-2030,13094,Home,35,18-35,Delhi,North,6,375,Card,3
1636,Sonal Dwivedi,Female,22-06-2030,13095,Clothing,29,18-35,Tamil Nadu,South,2,559,Wallet,5
1166,Anu Garg,Female,23-06-2030,13096,Clothing,26,18-35,Rajasthan,North,2,452,Card,4
1936,Komal Pradhan,Female,24-06-2030,13097,Home,37,36-50,Maharashtra,West,6,363,COD,4
1752,Achint Soni,Male,25-06-2030,13098,Home,60,51-65,Ladakh,North,2,603,COD,2
1458,Riddhi Patel,Female,26-06-2030,13099,Home,57,51-65,Mizoram,East,7,1386,Card,8
1998,Bhumika Bohra,Female,27-06-2030,13100,Electronics,50,36-50,Chhattisgarh,Central,6,1188,COD,3
1279,Shivali Narayan,Female,28-06-2030,13101,Home,23,18-35,Rajasthan,North,2,1122,Wallet,4
1699,Rahul Arya,Male,29-06-2030,13102,Beauty,36,36-50,Bihar,East,7,371,COD,6
1301,Archana Bhatt,Female,30-06-2030,13103,Electronics,50,36-50,West Bengal,East,7,663,Card,9
1530,Tanish Raghav,Male,01-07-2030,13104,Clothing,57,51-65,Bihar,East,5,1159,COD,4
1579,Ajinkya Nigam,Male,02-07-2030,13105,Electronics,28,18-35,Mizoram,East,1,1372,COD,3
1217,Ranveer Suri,Male,03-07-2030,13106,Beauty,46,36-50,Rajasthan,North,6,1257,Card,5
1101,Jagdish Gandhi,Male,04-07-2030,13107,Electronics,59,51-65,Uttar Pradesh,North,2,1134,Card,9
1553,Abhisar Panwar,Male,05-07-2030,13108,Clothing,21,18-35,Andhra Pradesh,South,5,1449,Card,1
1287,Mishka Verma,Female,06-07-2030,13109,Electronics,52,51-65,Punjab,North,1,646,Card,5
1166,Niharika Jaiswal,Female,07-07-2030,13110,Home,55,51-65,Kerala,South,2,632,Card,11
1620,Naresh Subramanian,Male,08-07-2030,13111,Electronics,26,18-35,Karnataka,South,1,661,COD,4
1035,Omesh Lal,Male,09-07-2030,13112,Electronics,49,36-50,Uttar Pradesh,North,6,1138,Card,5
1743,Kalpana Jain,Female,10-07-2030,13113,Clothing,44,36-50,Punjab,North,7,1323,Wallet,7
1740,Jahnavi Goyal,Female,11-07-2030,13114,Beauty,44,36-50,Rajasthan,North,7,520,COD,7
1352,Sachin Kaushik,Male,12-07-2030,13115,Electronics,50,36-50,Arunachal Pradesh,East,1,338,Wallet,7
1675,Amol Arora,Male,13-07-2030,13116,Electronics,37,36-50,Tamil Nadu,South,7,901,COD,1
1898,Adhiraj Chandra,Male,14-07-2030,13117,Home,32,18-35,West Bengal,East,3,1265,Card,9
1072,Akanksha Modi,Female,15-07-2030,13118,Clothing,31,18-35,Haryana,North,4,950,COD,7
1647,Brijesh Rathore,Male,16-07-2030,13119,Beauty,39,36-50,Karnataka,South,7,1322,Wallet,4
1352,Radhika Gupta,Female,17-07-2030,13120,Electronics,57,51-65,Kerala,South,3,587,Card,4
1890,Vishesh Rana,Male,18-07-2030,13121,Clothing,44,36-50,Uttar Pradesh,North,6,336,Card,2
1069,Arham Jindal,Male,19-07-2030,13122,Electronics,55,51-65,Meghalaya,East,6,1358,Card,6
1424,Inaya Trivedi,Female,20-07-2030,13123,Electronics,43,36-50,Uttar Pradesh,North,1,794,Card,10
1998,Grishma Deshmukh,Female,21-07-2030,13124,Home,23,18-35,Mizoram,East,7,479,Card,3
1707,Dhanesh Patil,Male,22-07-2030,13125,Clothing,27,18-35,Jharkhand,East,7,908,Card,1
1780,Anuj Vohra,Male,23-07-2030,13126,Home,18,18-35,Telangana,South,7,1014,Card,5
1560,Aakriti Shetty,Female,24-07-2030,13127,Electronics,51,51-65,Tamil Nadu,South,5,327,COD,6
1827,Abhiraj Narang,Male,25-07-2030,13128,Clothing,49,36-50,Kerala,South,2,520,Card,11
1641,Jhanvi Aggarwal,Female,26-07-2030,13129,Clothing,51,51-65,Odisha,East,4,1168,COD,5
1955,Ruchika Saini,Female,27-07-2030,13130,Beauty,27,18-35,Andhra Pradesh,South,7,789,COD,5
1516,Vanshika Mittal,Female,28-07-2030,13131,Electronics,38,36-50,Telangana,South,2,867,COD,10
1427,Amit Saxena,Male,29-07-2030,13132,Electronics,30,18-35,Bihar,East,5,1400,Card,11
1538,Sangeeta Tandon,Female,30-07-2030,13133,Clothing,40,36-50,Jharkhand,East,6,387,COD,8
1159,Kajal Joshi,Female,31-07-2030,13134,Clothing,60,51-65,Assam,East,4,612,Card,10
1148,Naman Sen,Male,01-08-2030,13135,Electronics,48,36-50,Uttarakhand,North,3,1120,Card,1
1775,Priya Pillai,Female,02-08-2030,13136,Beauty,56,51-65,Jharkhand,East,6,1042,COD,8
1229,Vidya Salvi,Female,03-08-2030,13137,Electronics,36,36-50,Kerala,South,6,1044,Card,11
1711,Shagun Shukla,Female,04-08-2030,13138,Beauty,21,18-35,Chhattisgarh,Central,1,473,Card,7
1561,Chitra Bhatia,Female,05-08-2030,13139,Electronics,50,36-50,Gujarat,West,5,883,Card,1
1066,Ashish Dey,Male,06-08-2030,13140,Home,38,36-50,Madhya Pradesh,Central,1,552,Card,9
1811,Parag Desai,Male,07-08-2030,13141,Beauty,57,51-65,Jammu and Kashmir,North,1,836,Card,4
1380,Alpa Khanna,Female,08-08-2030,13142,Electronics,30,18-35,Gujarat,West,2,497,Wallet,7
1057,Kajalpreet Jha,Female,09-08-2030,13143,Beauty,35,18-35,West Bengal,East,6,1120,Card,3
1258,Hemlata Das,Female,10-08-2030,13144,Clothing,57,51-65,Maharashtra,West,5,718,COD,8
1341,Tanuja Randhawa,Female,11-08-2030,13145,Beauty,45,36-50,Uttar Pradesh,North,1,1057,COD,4
1837,Avneet Mohan,Female,12-08-2030,13146,Home,56,51-65,Andhra Pradesh,South,3,747,COD,2
1129,Advik Bhardwaj,Male,13-08-2030,13147,Electronics,31,18-35,Uttar Pradesh,North,4,616,Wallet,2
1726,Amarjeet Mandal,Male,14-08-2030,13148,Electronics,18,18-35,Madhya Pradesh,Central,7,499,Wallet,8
1171,Naveen Jindal,Male,15-08-2030,13149,Electronics,39,36-50,Manipur,East,5,1283,COD,8
1769,Puru Trivedi,Male,16-08-2030,13150,Electronics,49,36-50,West Bengal,East,2,694,Wallet,1
1613,Arul Deshmukh,Male,17-08-2030,13151,Electronics,36,36-50,Uttar Pradesh,North,5,996,Card,6
1208,Priyanka Patil,Female,18-08-2030,13152,Electronics,25,18-35,Dadra and Nagar Haveli and Daman and Diu,West,6,1124,COD,9
1802,Advait Vohra,Male,19-08-2030,13153,Clothing,33,18-35,Karnataka,South,2,852,Wallet,9
1353,Zara Shetty,Female,20-08-2030,13154,Home,45,36-50,Jharkhand,East,4,604,COD,2
1470,Abhinay Narang,Male,21-08-2030,13155,Electronics,51,51-65,Uttar Pradesh,North,3,353,Wallet,8
1797,Tapasya Aggarwal,Female,22-08-2030,13156,Electronics,24,18-35,Uttar Pradesh,North,1,467,Card,8
1115,Shefali Saini,Female,23-08-2030,13157,Clothing,44,36-50,Kerala,South,5,959,Card,4
1263,Sumedha Mittal,Female,24-08-2030,13158,Electronics,28,18-35,Maharashtra,West,2,1175,Wallet,4
1661,Kairav Saxena,Male,25-08-2030,13159,Electronics,39,36-50,Punjab,North,4,927,Card,5
1811,Pradeep Tandon,Male,26-08-2030,13160,Electronics,53,51-65,Himachal Pradesh,North,1,1222,COD,11
1441,Sohail Joshi,Male,27-08-2030,13161,Beauty,29,18-35,Chhattisgarh,Central,7,719,Card,10
1547,Shiv Sen,Male,28-08-2030,13162,Home,18,18-35,Uttarakhand,North,4,712,COD,7
1452,Yuvika Pillai,Female,29-08-2030,13163,Clothing,56,51-65,Gujarat,West,3,412,Wallet,1
1844,Ojasvi Salvi,Female,30-08-2030,13164,Home,48,36-50,Karnataka,South,1,437,Card,11
1476,Kavita Shukla,Female,31-08-2030,13165,Clothing,18,18-35,Arunachal Pradesh,East,1,1299,Card,9
1286,Bhuvan Bhatia,Male,01-09-2030,13166,Home,24,18-35,Punjab,North,7,1212,Card,3
1302,Shrikant Dey,Male,02-09-2030,13167,Home,47,36-50,Gujarat,West,1,408,Wallet,11
1310,Dakshesh Desai,Male,03-09-2030,13168,Clothing,34,18-35,Manipur,East,2,497,COD,4
1207,Divya Khanna,Female,04-09-2030,13169,Electronics,36,36-50,Tamil Nadu,South,1,462,Card,7
1617,Devendra Jha,Male,05-09-2030,13170,Electronics,22,18-35,Uttar Pradesh,North,4,520,Card,5
1445,Jai Das,Male,06-09-2030,13171,Clothing,40,36-50,West Bengal,East,2,513,Wallet,5
1669,Alisha Randhawa,Female,07-09-2030,13172,Beauty,32,18-35,Maharashtra,West,1,1344,Wallet,1
1632,Chudamani Mohan,Male,08-09-2030,13173,Clothing,56,51-65,Uttar Pradesh,North,4,319,Card,2
1054,Prithvi Bhardwaj,Male,09-09-2030,13174,Home,44,36-50,Bihar,East,4,1419,Card,5
1911,Rajendra Mandal,Male,10-09-2030,13175,Beauty,29,18-35,Gujarat,West,5,300,COD,2
1011,Manisha Rao,Female,11-09-2030,13176,Electronics,39,36-50,Rajasthan,North,4,615,COD,1
1656,Rakhi Choudhary,Female,12-09-2030,13177,Home,45,36-50,Kerala,South,7,427,Wallet,10
1399,Ayush Khan,Male,13-09-2030,13178,Home,40,36-50,Karnataka,South,6,1116,COD,3
1907,Kamal Barman,Male,14-09-2030,13179,Beauty,26,18-35,Andhra Pradesh,South,3,1094,COD,11
1647,Himesh Rawat,Male,15-09-2030,13180,Beauty,26,18-35,Andhra Pradesh,South,1,1241,COD,1
1979,Devyani Bansal,Female,16-09-2030,13181,Home,41,36-50,Maharashtra,West,7,927,Wallet,10
1514,Prabhat Mukherjee,Male,17-09-2030,13182,Electronics,56,51-65,Odisha,East,1,351,Card,8
1655,Harleen Nanda,Female,18-09-2030,13183,Home,27,18-35,Delhi,North,1,735,Card,8
1541,Kiran Dubey,Female,19-09-2030,13184,Electronics,48,36-50,Maharashtra,West,4,863,Card,8
1236,Aparna Varma,Female,20-09-2030,13185,Home,56,51-65,Delhi,North,4,414,Wallet,7
1278,Mukesh Kumar,Male,21-09-2030,13186,Beauty,38,36-50,Haryana,North,1,580,COD,7
1347,Nitin Khatri,Male,22-09-2030,13187,Clothing,18,18-35,Jharkhand,East,6,1488,Card,2
1626,Dhananjay Basu,Male,23-09-2030,13188,Clothing,23,18-35,Andhra Pradesh,South,2,1159,COD,9
1103,Bimal Mishra,Male,24-09-2030,13189,Clothing,59,51-65,Andhra Pradesh,South,2,441,Card,7
1629,Gajendra Sahu,Male,25-09-2030,13190,Clothing,54,51-65,Telangana,South,3,1008,Card,5
1516,Nand Upadhyay,Male,26-09-2030,13191,Electronics,48,36-50,Jharkhand,East,5,1199,Card,4
1979,Sarika Anand,Female,27-09-2030,13192,Home,58,51-65,Bihar,East,7,911,COD,8
1871,Shilpa Datt,Female,28-09-2030,13193,Beauty,44,36-50,Bihar,East,3,594,COD,5
1247,Nakul Mahajan,Male,29-09-2030,13194,Beauty,46,36-50,Telangana,South,1,1274,Wallet,6
1363,Ankit Zaveri,Male,30-09-2030,13195,Electronics,48,36-50,Dadra and Nagar Haveli and Daman and Diu,West,7,1019,Wallet,4
1320,Muskan Ahuja,Female,01-10-2030,13196,Beauty,41,36-50,Odisha,East,1,869,Card,2
1632,Anant Vaidya,Male,02-10-2030,13197,Home,24,18-35,Andhra Pradesh,South,1,1359,COD,7
1285,Gyan Tiwari,Male,03-10-2030,13198,Electronics,23,18-35,Odisha,East,5,569,Card,2
1148,Nivedita Puri,Female,04-10-2030,13199,Electronics,52,51-65,Andaman and Nicobar Islands,South,4,1149,Card,11
1083,Vinita Dahiya,Female,05-10-2030,13200,Electronics,41,36-50,Punjab,North,5,629,Card,7
1965,Akshay Solanki,Male,06-10-2030,13201,Beauty,32,18-35,Kerala,South,3,1270,Card,7
1405,Gopal Menon,Male,07-10-2030,13202,Clothing,34,18-35,Kerala,South,4,542,Card,1
1977,Aaryan Malik,Male,08-10-2030,13203,Home,38,36-50,Madhya Pradesh,Central,4,1452,Card,10
1455,Lopamudra Nath,Female,09-10-2030,13204,Electronics,32,18-35,Tamil Nadu,South,3,1119,COD,10
1742,Aishani Kulkarni,Female,10-10-2030,13205,Home,31,18-35,Gujarat,West,4,371,Card,3
1799,Ashita Reddy,Female,11-10-2030,13206,Electronics,46,36-50,Delhi,North,7,827,COD,3
1160,Arijit Chaturvedi,Male,12-10-2030,13207,Clothing,26,18-35,Rajasthan,North,2,513,Card,11
1783,Aarti Sehgal,Female,13-10-2030,13208,Clothing,30,18-35,Karnataka,South,3,1308,Card,6
1459,Bhagat Nair,Male,14-10-2030,13209,Electronics,51,51-65,Gujarat,West,3,1142,Card,11
1549,Vasudha Lala,Female,15-10-2030,13210,Home,41,36-50,Andaman and Nicobar Islands,South,2,1267,Card,3
1499,Bipin Kaur,Male,16-10-2030,13211,Electronics,19,18-35,Karnataka,South,5,466,Card,9
1737,Sukanya Tripathi,Female,17-10-2030,13212,Home,57,51-65,Gujarat,West,5,1286,COD,5
1508,Anil Yogi,Male,18-10-2030,13213,Clothing,29,18-35,Delhi,North,5,992,COD,6
1653,Advaith Bisht,Male,19-10-2030,13214,Clothing,48,36-50,Ladakh,North,4,324,Card,6
1803,Deepak Prasad,Male,20-10-2030,13215,Electronics,46,36-50,Gujarat,West,2,352,Card,8
1480,Firoz Bose,Male,21-10-2030,13216,Electronics,46,36-50,Tripura,East,7,1246,Wallet,10
1662,Harshit Kapoor,Male,22-10-2030,13217,Beauty,46,36-50,Uttar Pradesh,North,3,982,Card,11
1113,Raveena Harit,Female,23-10-2030,13218,Electronics,37,36-50,Himachal Pradesh,North,3,879,Card,3
1748,Deepa Banerjee,Female,24-10-2030,13219,Home,43,36-50,Bihar,East,3,1138,COD,9
1577,Jaya Zaidi,Female,25-10-2030,13220,Beauty,36,36-50,Nagaland,East,4,1073,COD,7
1360,Harit Agarwal,Male,26-10-2030,13221,Electronics,40,36-50,Karnataka,South,4,838,COD,11
1340,Ramesh Samant,Male,27-10-2030,13222,Electronics,33,18-35,Rajasthan,North,6,719,COD,6
1769,Sunaina Tyagi,Female,28-10-2030,13223,Home,37,36-50,Maharashtra,West,7,1028,Card,11
1986,Rajesh Pande,Male,29-10-2030,13224,Beauty,52,51-65,Bihar,East,5,614,Card,1
1760,Mohini Pandey,Female,30-10-2030,13225,Beauty,51,51-65,Chhattisgarh,Central,6,1439,Card,4
1968,Vaidehi Sharma,Female,31-10-2030,13226,Clothing,46,36-50,Odisha,East,6,1015,COD,5
1448,Prachi Khandelwal,Female,01-11-2030,13227,Home,47,36-50,Manipur,East,4,1184,Wallet,2
1842,Tejaswini Chauhan,Female,02-11-2030,13228,Electronics,37,36-50,West Bengal,East,5,737,Card,1
1834,Asmita Srivastava,Female,03-11-2030,13229,Beauty,40,36-50,Gujarat,West,5,354,Card,2
1179,Aahan Malhotra,Female,04-11-2030,13230,Beauty,30,18-35,Maharashtra,West,3,581,Card,8
1701,Darpan Dixit,Male,05-11-2030,13231,Electronics,44,36-50,Chhattisgarh,Central,4,521,Card,10
1406,Anshul Sinha,Male,06-11-2030,13232,Electronics,52,51-65,Ladakh,North,5,647,Card,6
1665,Charita Dev,Female,07-11-2030,13233,Electronics,46,36-50,Madhya Pradesh,Central,6,1397,COD,10
1195,Sonia Somani,Female,08-11-2030,13234,Electronics,40,36-50,Madhya Pradesh,Central,2,749,Wallet,2
1465,Badrinath Naidu,Male,09-11-2030,13235,Home,46,36-50,Sikkim,East,2,787,Card,9
1310,Maitreyi Kashyap,Female,10-11-2030,13236,Clothing,42,36-50,Ladakh,North,4,1118,Card,8
1261,Falguni Parashar,Female,11-11-2030,13237,Electronics,52,51-65,Bihar,East,3,355,Card,4
1418,Ojas Shah,Male,12-11-2030,13238,Electronics,49,36-50,Chhattisgarh,Central,3,684,Card,11
1405,Sunita Mehta,Female,13-11-2030,13239,Beauty,37,36-50,Uttar Pradesh,North,5,980,Card,10
1938,Varad Gill,Male,14-11-2030,13240,Clothing,49,36-50,Uttar Pradesh,North,7,1323,COD,7
1142,Lisha Ghosh,Female,15-11-2030,13241,Clothing,38,36-50,Telangana,South,4,952,Card,3
1341,Avyukt Dhami,Male,16-11-2030,13242,Electronics,43,36-50,West Bengal,East,7,402,Wallet,6
1315,Mandeep Niyogi,Male,17-11-2030,13243,Beauty,44,36-50,Punjab,North,2,648,COD,3
1100,Zaid Negi,Male,18-11-2030,13244,Home,46,36-50,West Bengal,East,6,495,COD,10
1243,Devesh Tomar,Male,19-11-2030,13245,Electronics,41,36-50,Nagaland,East,5,624,Card,3
1489,Divyansh Yadav,Male,20-11-2030,13246,Electronics,58,51-65,Chhattisgarh,Central,6,302,COD,11
1011,Aaradhya Dwivedi,Female,21-11-2030,13247,Electronics,21,18-35,Kerala,South,7,1013,COD,9
1238,Pavitra Garg,Female,22-11-2030,13248,Electronics,26,18-35,Jharkhand,East,5,941,Card,6
1560,Ajay Pradhan,Male,23-11-2030,13249,Clothing,43,36-50,Puducherry,South,1,469,Card,8
1041,Jignesh Soni,Male,24-11-2030,13250,Beauty,34,18-35,Maharashtra,West,6,1137,Wallet,4
1677,Joy Patel,Male,25-11-2030,13251,Clothing,43,36-50,Odisha,East,4,472,Card,4
1593,Pragati Bohra,Female,26-11-2030,13252,Home,25,18-35,Uttar Pradesh,North,6,1383,Card,8
1428,Milind Narayan,Male,27-11-2030,13253,Clothing,25,18-35,Maharashtra,West,6,523,Card,7
1802,Hriday Arya,Male,28-11-2030,13254,Home,56,51-65,Kerala,South,5,1142,Card,5
1157,Keerthi Bhatt,Female,29-11-2030,13255,Home,21,18-35,Rajasthan,North,2,603,Card,2
1215,Jayant Raghav,Male,30-11-2030,13256,Electronics,22,18-35,Bihar,East,7,363,Card,6
1669,Abhimanyu Nigam,Male,01-12-2030,13257,Clothing,27,18-35,Madhya Pradesh,Central,1,1031,COD,1
1461,Madhavi Suri,Female,02-12-2030,13258,Clothing,43,36-50,Rajasthan,North,6,733,Card,7
1133,Vinod Gandhi,Male,03-12-2030,13259,Electronics,29,18-35,Uttar Pradesh,North,7,416,COD,9
1066,Krishnav Panwar,Male,04-12-2030,13260,Clothing,49,36-50,Chhattisgarh,Central,7,1197,COD,5
1847,Harish Verma,Male,05-12-2030,13261,Clothing,31,18-35,Maharashtra,West,2,539,Card,5
1006,Payal Jaiswal,Female,06-12-2030,13262,Beauty,28,18-35,Gujarat,West,3,731,COD,7
1947,Sakshi Subramanian,Female,07-12-2030,13263,Clothing,36,36-50,Punjab,North,1,1436,COD,5
1525,Heena Lal,Female,08-12-2030,13264,Home,40,36-50,Himachal Pradesh,North,1,1429,COD,10
1072,Rajveer Jain,Male,09-12-2030,13265,Clothing,44,36-50,Odisha,East,7,398,COD,4
1398,Jasmine Goyal,Female,10-12-2030,13266,Home,34,18-35,Telangana,South,5,1090,COD,1
1404,Nisha Kaushik,Female,11-12-2030,13267,Clothing,28,18-35,West Bengal,East,6,1464,Card,6
1674,Arjun Arora,Male,12-12-2030,13268,Beauty,50,36-50,Tamil Nadu,South,3,878,COD,9
1577,Vini Chandra,Female,13-12-2030,13269,Clothing,50,36-50,Uttar Pradesh,North,5,1103,Card,4
1858,Anish Modi,Male,14-12-2030,13270,Clothing,55,51-65,Dadra and Nagar Haveli and Daman and Diu,West,4,805,COD,10
1129,Indrani Rathore,Female,15-12-2030,13271,Clothing,27,18-35,Uttar Pradesh,North,2,332,Card,11
1930,Abhimaan Gupta,Male,16-12-2030,13272,Clothing,47,36-50,Gujarat,West,2,346,Wallet,4
1465,Parnika Rana,Female,17-12-2030,13273,Electronics,19,18-35,Maharashtra,West,5,321,COD,5
1205,Khushi Jindal,Female,18-12-2030,13274,Electronics,25,18-35,Gujarat,West,7,1470,COD,6
1787,Sharmila Trivedi,Female,19-12-2030,13275,Electronics,31,18-35,Karnataka,South,2,743,COD,3
1977,Aaditya Deshmukh,Male,20-12-2030,13276,Beauty,45,36-50,Gujarat,West,6,323,Wallet,9
1767,Ankita Patil,Female,21-12-2030,13277,Electronics,53,51-65,Uttar Pradesh,North,2,1093,COD,1
1265,Janki Vohra,Female,22-12-2030,13278,Electronics,56,51-65,Andhra Pradesh,South,6,1078,Card,11
1536,Vedika Shetty,Female,23-12-2030,13279,Home,34,18-35,Madhya Pradesh,Central,4,1373,Wallet,6
1961,Hansa Narang,Female,24-12-2030,13280,Electronics,45,36-50,Uttar Pradesh,North,3,310,COD,6
1792,Harendra Aggarwal,Male,25-12-2030,13281,Clothing,55,51-65,Tamil Nadu,South,1,1057,COD,8
1252,Ahalya Saini,Female,26-12-2030,13282,Electronics,59,51-65,Karnataka,South,5,1298,Wallet,5
1821,Neha Mittal,Female,27-12-2030,13283,Beauty,58,51-65,Haryana,North,5,1464,Card,9
1288,Lalit Saxena,Male,28-12-2030,13284,Beauty,18,18-35,Madhya Pradesh,Central,6,1478,Card,9
1163,Gurleen Tandon,Female,29-12-2030,13285,Beauty,41,36-50,Gujarat,West,4,966,COD,2
1094,Ekansh Joshi,Male,30-12-2030,13286,Clothing,22,18-35,West Bengal,East,4,904,COD,5
1781,Sarita Sen,Female,31-12-2030,13287,Home,42,36-50,Bihar,East,7,385,Card,7
1832,Jasmin Pillai,Female,01-01-2031,13288,Electronics,53,51-65,Gujarat,West,1,526,COD,2
1109,Swati Salvi,Female,02-01-2031,13289,Electronics,45,36-50,Assam,East,3,684,COD,7
1335,Sharad Shukla,Male,03-01-2031,13290,Electronics,41,36-50,Andaman and Nicobar Islands,South,5,622,COD,9
1821,Saloni Bhatia,Female,04-01-2031,13291,Clothing,35,18-35,Delhi,North,6,1320,Wallet,8
1237,Anshika Dey,Female,05-01-2031,13292,Clothing,49,36-50,Jammu and Kashmir,North,4,315,Card,10
1380,Simranjit Desai,Male,06-01-2031,13293,Clothing,22,18-35,Madhya Pradesh,Central,5,1002,COD,9
1435,Anay Khanna,Male,07-01-2031,13294,Electronics,28,18-35,Maharashtra,West,6,1278,COD,4
1898,Renuka Jha,Female,08-01-2031,13295,Clothing,51,51-65,Uttar Pradesh,North,2,584,Card,8
1482,Lipika Das,Female,09-01-2031,13296,Home,43,36-50,Gujarat,West,5,997,Card,9
1936,Vibha Randhawa,Female,10-01-2031,13297,Clothing,44,36-50,Maharashtra,West,3,478,Card,10
1901,Suman Mohan,Female,11-01-2031,13298,Home,50,36-50,Bihar,East,6,703,COD,2
1024,Tejendra Bhardwaj,Male,12-01-2031,13299,Electronics,48,36-50,West Bengal,East,3,573,Card,10
1652,Lavanya Mandal,Female,13-01-2031,13300,Home,32,18-35,West Bengal,East,5,881,Card,3
1116,Reena Rao,Female,14-01-2031,13301,Clothing,56,51-65,Maharashtra,West,2,629,Card,1
1481,Sonali Choudhary,Female,15-01-2031,13302,Electronics,56,51-65,Jharkhand,East,3,485,COD,1
1391,Abhijit Khan,Male,16-01-2031,13303,Electronics,43,36-50,Maharashtra,West,4,1312,COD,10
1916,Ijaz Barman,Male,17-01-2031,13304,Clothing,41,36-50,Delhi,North,6,1110,COD,6
1993,Neeraj Rawat,Male,18-01-2031,13305,Home,42,36-50,Uttar Pradesh,North,5,1226,Card,1
1963,Gaurav Bansal,Male,19-01-2031,13306,Clothing,45,36-50,Uttar Pradesh,North,2,460,COD,5
1536,Sameer Mukherjee,Male,20-01-2031,13307,Electronics,50,36-50,Jharkhand,East,4,1070,COD,6
1078,Shikha Nanda,Female,21-01-2031,13308,Beauty,29,18-35,Chhattisgarh,Central,5,978,Card,9
1579,Falak Dubey,Female,22-01-2031,13309,Home,42,36-50,West Bengal,East,7,927,Card,6
1172,Arushi Varma,Female,23-01-2031,13310,Clothing,28,18-35,Chhattisgarh,Central,2,644,Wallet,4
1955,Ram Kumar,Male,24-01-2031,13311,Clothing,53,51-65,Andaman and Nicobar Islands,South,4,1252,COD,1
1011,Rajshree Khatri,Female,25-01-2031,13312,Electronics,34,18-35,Maharashtra,West,3,1199,COD,6
1799,Deependra Basu,Male,26-01-2031,13313,Clothing,36,36-50,Manipur,East,5,1160,Card,7
1127,Kishan Mishra,Male,27-01-2031,13314,Clothing,28,18-35,Gujarat,West,5,1018,Wallet,5
1607,Aayushi Sahu,Female,28-01-2031,13315,Beauty,22,18-35,Puducherry,South,3,717,COD,6
1091,Akarsh Upadhyay,Male,29-01-2031,13316,Clothing,30,18-35,Gujarat,West,7,1399,Wallet,10
1652,Lovish Anand,Male,30-01-2031,13317,Clothing,52,51-65,Bihar,East,1,1124,Wallet,8
1542,Bhupendra Datt,Male,31-01-2031,13318,Clothing,24,18-35,Goa,West,4,366,Wallet,1
1845,Chaitali Mahajan,Female,01-02-2031,13319,Beauty,46,36-50,Bihar,East,3,1463,Wallet,8
1531,Tanay Zaveri,Female,02-02-2031,13320,Home,44,36-50,Madhya Pradesh,Central,5,1078,Card,11
1657,Prakash Ahuja,Male,03-02-2031,13321,Clothing,49,36-50,Mizoram,East,4,956,Wallet,2
1988,Anubhav Vaidya,Male,04-02-2031,13322,Home,51,51-65,Punjab,North,7,1414,Card,2
1827,Sparsh Tiwari,Male,05-02-2031,13323,Clothing,40,36-50,Dadra and Nagar Haveli and Daman and Diu,West,4,1218,Wallet,8
1446,Inder Puri,Male,06-02-2031,13324,Clothing,51,51-65,Himachal Pradesh,North,1,934,Card,2
1389,Sneha Dahiya,Female,07-02-2031,13325,Electronics,57,51-65,Gujarat,West,5,563,COD,8
1671,Ishwar Solanki,Male,08-02-2031,13326,Clothing,22,18-35,Rajasthan,North,2,1358,Card,5
1860,Gautam Menon,Male,09-02-2031,13327,Electronics,54,51-65,Uttar Pradesh,North,1,740,COD,9
1042,Prarthana Malik,Female,10-02-2031,13328,Beauty,45,36-50,Chhattisgarh,Central,1,672,Card,9
1253,Madhuri Nath,Female,11-02-2031,13329,Electronics,55,51-65,Maharashtra,West,2,673,Card,8
1129,Himani Kulkarni,Female,12-02-2031,13330,Beauty,24,18-35,Odisha,East,2,1043,Wallet,9
1059,Akhilraj Reddy,Male,13-02-2031,13331,Clothing,36,36-50,Tripura,East,7,1450,COD,7
1662,Mahesh Chaturvedi,Male,14-02-2031,13332,Clothing,24,18-35,Jharkhand,East,7,583,Card,8
1466,Gagan Sehgal,Male,15-02-2031,13333,Clothing,30,18-35,Maharashtra,West,1,347,Card,6
1286,Manpreet Nair,Female,16-02-2031,13334,Electronics,46,36-50,Ladakh,North,4,1197,Card,9
1516,Gia Lala,Female,17-02-2031,13335,Clothing,44,36-50,Gujarat,West,3,754,COD,2
1466,Iqra Kaur,Female,18-02-2031,13336,Electronics,51,51-65,Jammu and Kashmir,North,3,1133,Wallet,3
1929,Disha Tripathi,Female,19-02-2031,13337,Clothing,30,18-35,Himachal Pradesh,North,1,929,COD,2
1777,Anmol Yogi,Female,20-02-2031,13338,Clothing,45,36-50,Uttarakhand,North,4,792,Card,6
1344,Raman Bisht,Male,21-02-2031,13339,Home,34,18-35,Odisha,East,2,967,Card,3
1641,Anagha Prasad,Female,22-02-2031,13340,Electronics,46,36-50,Telangana,South,6,1462,Wallet,11
1381,Riya Bose,Female,23-02-2031,13341,Electronics,29,18-35,Telangana,South,1,927,Card,1
1778,Aasif Kapoor,Female,24-02-2031,13342,Clothing,33,18-35,Manipur,East,5,857,COD,4
1689,Shrishti Harit,Female,25-02-2031,13343,Beauty,19,18-35,Uttar Pradesh,North,4,416,Card,5
1252,Ambuj Banerjee,Male,26-02-2031,13344,Home,31,18-35,West Bengal,East,5,1055,COD,11
1926,Aravind Zaidi,Male,27-02-2031,13345,Clothing,41,36-50,Gujarat,West,5,878,Wallet,4
1055,Dinesh Agarwal,Male,28-02-2031,13346,Clothing,32,18-35,Chhattisgarh,Central,1,1346,Card,6
1462,Vineet Samant,Male,01-03-2031,13347,Electronics,32,18-35,Chhattisgarh,Central,4,738,COD,3
1456,Savita Tyagi,Female,02-03-2031,13348,Beauty,22,18-35,Bihar,East,5,1050,COD,10
1982,Koyal Pande,Female,03-03-2031,13349,Home,52,51-65,Bihar,East,7,658,Card,6
1082,Akshit Pandey,Male,04-03-2031,13350,Electronics,38,36-50,Uttar Pradesh,North,7,668,Card,10
1904,Vaishali Sharma,Female,05-03-2031,13351,Clothing,31,18-35,Delhi,North,4,635,COD,1
1098,Kushal Khandelwal,Male,06-03-2031,13352,Electronics,21,18-35,Manipur,East,3,1164,Card,6
1148,Shlok Chauhan,Male,07-03-2031,13353,Beauty,57,51-65,Uttar Pradesh,North,6,464,Wallet,8
1328,Madhav Srivastava,Male,08-03-2031,13354,Electronics,26,18-35,Madhya Pradesh,Central,5,388,Card,10
1155,Gayatri Malhotra,Female,09-03-2031,13355,Clothing,23,18-35,Rajasthan,North,5,1092,Card,8
1189,Apurv Dixit,Male,10-03-2031,13356,Electronics,27,18-35,Rajasthan,North,4,879,Card,1
1493,Dheeraj Sinha,Male,11-03-2031,13357,Home,20,18-35,Odisha,East,7,756,Card,7
1882,Vihan Dev,Female,12-03-2031,13358,Home,41,36-50,Bihar,East,6,972,COD,10
1262,Karthik Somani,Male,13-03-2031,13359,Home,50,36-50,Goa,West,3,1354,Card,10
1079,Kusum Naidu,Female,14-03-2031,13360,Clothing,21,18-35,Telangana,South,5,344,COD,4
1399,Abhayank Kashyap,Male,15-03-2031,13361,Beauty,42,36-50,Bihar,East,1,705,Wallet,6
1763,Hargun Parashar,Female,16-03-2031,13362,Electronics,30,18-35,Maharashtra,West,7,972,COD,6
1608,Aadi Shah,Female,17-03-2031,13363,Electronics,21,18-35,Tamil Nadu,South,4,775,Card,5
1259,Mohit Mehta,Male,18-03-2031,13364,Electronics,60,51-65,West Bengal,East,4,1073,Wallet,10
1771,Lata Gill,Female,19-03-2031,13365,Beauty,33,18-35,Karnataka,South,7,698,Card,9
1614,Sushant Ghosh,Male,20-03-2031,13366,Clothing,19,18-35,Madhya Pradesh,Central,5,735,COD,11
1551,Javed Dhami,Male,21-03-2031,13367,Home,55,51-65,Gujarat,West,3,1351,Card,10
1784,Vivek Niyogi,Male,22-03-2031,13368,Home,23,18-35,Uttar Pradesh,North,5,322,Card,8
1100,Manoj Negi,Male,23-03-2031,13369,Electronics,43,36-50,Uttarakhand,North,7,537,Wallet,6
1358,Alka Tomar,Female,24-03-2031,13370,Electronics,49,36-50,Uttar Pradesh,North,2,1454,Card,4
1379,Chitransh Yadav,Male,25-03-2031,13371,Electronics,43,36-50,Delhi,North,5,656,COD,4
1819,Bhoomi Dwivedi,Female,26-03-2031,13372,Clothing,33,18-35,Tamil Nadu,South,6,1122,Card,9
1220,Prabhjot Garg,Female,27-03-2031,13373,Electronics,46,36-50,Gujarat,West,7,355,COD,4
1819,Manvi Pradhan,Female,28-03-2031,13374,Electronics,26,18-35,West Bengal,East,6,1148,COD,7
1419,Laxman Soni,Male,29-03-2031,13375,Beauty,20,18-35,Tamil Nadu,South,7,681,Card,6
1123,Bijay Patel,Male,30-03-2031,13376,Beauty,30,18-35,Meghalaya,East,2,1261,COD,2
1421,Mansi Bohra,Female,31-03-2031,13377,Electronics,39,36-50,Uttarakhand,North,6,903,COD,5
1230,Abhijeet Narayan,Male,01-04-2031,13378,Electronics,43,36-50,Madhya Pradesh,Central,6,306,COD,3
1689,Tanvi Arya,Female,02-04-2031,13379,Electronics,48,36-50,Telangana,South,1,397,COD,9
1062,Saroja Bhatt,Female,03-04-2031,13380,Home,33,18-35,Madhya Pradesh,Central,4,595,COD,10
1484,Kavya Raghav,Female,04-04-2031,13381,Home,18,18-35,Madhya Pradesh,Central,6,302,Card,1
1627,Sonam Nigam,Female,05-04-2031,13382,Electronics,49,36-50,Jammu and Kashmir,North,4,1203,COD,10
1702,Akhilesh Suri,Male,06-04-2031,13383,Electronics,59,51-65,Telangana,South,7,1110,COD,4
1573,Krishnakant Gandhi,Male,07-04-2031,13384,Home,33,18-35,Puducherry,South,3,608,Card,4
1767,Nishita Panwar,Female,08-04-2031,13385,Clothing,25,18-35,Chhattisgarh,Central,5,304,Wallet,9
1482,Anuraj Verma,Male,09-04-2031,13386,Electronics,25,18-35,Andhra Pradesh,South,1,1200,Card,1
1518,Ratnesh Jaiswal,Male,10-04-2031,13387,Clothing,47,36-50,Karnataka,South,7,1129,Card,2
1154,Aadhya Subramanian,Female,11-04-2031,13388,Electronics,20,18-35,Tripura,East,2,603,Card,1
1091,Juhi Lal,Female,12-04-2031,13389,Clothing,40,36-50,Jammu and Kashmir,North,3,698,Card,1
1981,Samaira Jain,Female,13-04-2031,13390,Home,40,36-50,Madhya Pradesh,Central,1,783,Card,1
1525,Krisha Goyal,Female,14-04-2031,13391,Home,35,18-35,Maharashtra,West,1,641,Wallet,3
1454,Srikar Kaushik,Male,15-04-2031,13392,Clothing,24,18-35,Uttar Pradesh,North,7,948,Card,11
1740,Deep Arora,Female,16-04-2031,13393,Beauty,39,36-50,Jharkhand,East,2,1117,COD,4
1597,Iqbal Chandra,Male,17-04-2031,13394,Clothing,52,51-65,Manipur,East,2,402,Card,10
1644,Vikas Modi,Male,18-04-2031,13395,Home,32,18-35,Gujarat,West,4,500,COD,2
1509,Atreya Rathore,Male,19-04-2031,13396,Clothing,39,36-50,Odisha,East,5,536,Wallet,1
1182,Kailash Gupta,Male,20-04-2031,13397,Beauty,54,51-65,Kerala,South,7,1056,Card,5
1385,Ambar Rana,Male,21-04-2031,13398,Beauty,29,18-35,Uttarakhand,North,3,374,Wallet,6
1573,Tanuj Jindal,Male,22-04-2031,13399,Electronics,58,51-65,Andhra Pradesh,South,5,422,Wallet,2
1730,Jogendra Trivedi,Male,23-04-2031,13400,Beauty,52,51-65,Uttarakhand,North,3,1195,COD,3
1404,Rupesh Deshmukh,Male,24-04-2031,13401,Home,18,18-35,Rajasthan,North,1,1369,Card,10
1245,Aniket Patil,Male,25-04-2031,13402,Home,50,36-50,Assam,East,6,322,COD,3
1741,Abhiraaj Vohra,Male,26-04-2031,13403,Electronics,53,51-65,Rajasthan,North,6,983,Wallet,2
1590,Kalyan Shetty,Male,27-04-2031,13404,Home,48,36-50,Rajasthan,North,7,1489,Card,4
1660,Ishani Narang,Female,28-04-2031,13405,Beauty,27,18-35,Puducherry,South,2,983,COD,5
1649,Abhayanand Aggarwal,Male,29-04-2031,13406,Electronics,34,18-35,Odisha,East,2,700,Card,8
1470,Kripal Saini,Male,30-04-2031,13407,Beauty,42,36-50,Uttar Pradesh,North,1,475,Card,6
1825,Ishan Mittal,Male,01-05-2031,13408,Electronics,26,18-35,Odisha,East,1,406,Wallet,9
1887,Binita Saxena,Female,02-05-2031,13409,Electronics,37,36-50,West Bengal,East,3,916,Card,3
1422,Naina Tandon,Female,03-05-2031,13410,Clothing,37,36-50,Madhya Pradesh,Central,1,614,Card,10
1900,Supriya Joshi,Female,04-05-2031,13411,Clothing,18,18-35,Odisha,East,7,846,COD,9
1064,Utkarsh Sen,Male,05-05-2031,13412,Clothing,31,18-35,Gujarat,West,3,1218,Card,11
1012,Urmila Pillai,Female,06-05-2031,13413,Electronics,46,36-50,Telangana,South,5,750,Card,11
1212,Ishika Salvi,Female,07-05-2031,13414,Beauty,54,51-65,Jharkhand,East,2,883,COD,4
1985,Shivani Shukla,Female,08-05-2031,13415,Electronics,29,18-35,Himachal Pradesh,North,2,1232,Card,8
1241,Diganth Bhatia,Male,09-05-2031,13416,Electronics,45,36-50,Telangana,South,6,1134,Card,10
1492,Ashok Dey,Male,10-05-2031,13417,Electronics,47,36-50,Bihar,East,6,945,Card,7
1212,Sunil Desai,Male,11-05-2031,13418,Clothing,35,18-35,Telangana,South,7,786,COD,7
1692,Avika Khanna,Female,12-05-2031,13419,Beauty,29,18-35,Maharashtra,West,2,1249,Wallet,9
1337,Jitendra Jha,Male,13-05-2031,13420,Home,33,18-35,Assam,East,7,1207,Wallet,10
1996,Purav Das,Male,14-05-2031,13421,Home,28,18-35,Jharkhand,East,5,1106,Card,2
1172,Ishaan Randhawa,Male,15-05-2031,13422,Electronics,29,18-35,Andhra Pradesh,South,5,1087,COD,5
1671,Sanat Mohan,Male,16-05-2031,13423,Clothing,59,51-65,Maharashtra,West,4,759,Wallet,3
1163,Vishakha Bhardwaj,Female,17-05-2031,13424,Clothing,19,18-35,Telangana,South,3,833,Card,7
1464,Bharat Mandal,Male,18-05-2031,13425,Clothing,50,36-50,Jharkhand,East,6,1306,Wallet,3
1994,Nandan Rao,Male,19-05-2031,13426,Electronics,29,18-35,Madhya Pradesh,Central,3,320,Wallet,5
1496,Navneet Choudhary,Male,20-05-2031,13427,Home,56,51-65,Karnataka,South,6,1182,Card,5
1699,Yogesh Khan,Male,21-05-2031,13428,Clothing,48,36-50,Karnataka,South,4,411,Card,2
1394,Shivam Barman,Male,22-05-2031,13429,Home,19,18-35,Rajasthan,North,2,1284,Card,11
1702,Rakesh Rawat,Male,23-05-2031,13430,Clothing,19,18-35,Telangana,South,7,1462,Card,1
1916,Pranavi Bansal,Female,24-05-2031,13431,Electronics,38,36-50,Gujarat,West,3,1101,Wallet,6
1307,Dev Mukherjee,Female,25-05-2031,13432,Clothing,26,18-35,Telangana,South,6,955,Wallet,1
1767,Roshni Nanda,Female,26-05-2031,13433,Electronics,57,51-65,Jammu and Kashmir,North,3,1312,Card,9
1182,Geetika Dubey,Female,27-05-2031,13434,Beauty,36,36-50,Bihar,East,2,724,COD,10
1628,Rani Varma,Female,28-05-2031,13435,Clothing,54,51-65,Karnataka,South,7,768,COD,5
1793,Farhan Kumar,Male,29-05-2031,13436,Electronics,34,18-35,Uttarakhand,North,1,1161,Card,1
1509,Amey Khatri,Male,30-05-2031,13437,Beauty,50,36-50,Maharashtra,West,6,1334,COD,8
1707,Eshita Basu,Female,31-05-2031,13438,Clothing,49,36-50,Odisha,East,1,538,Wallet,1
1545,Shambhavi Mishra,Female,01-06-2031,13439,Electronics,59,51-65,Maharashtra,West,4,499,Card,4
1563,Avinash Sahu,Male,02-06-2031,13440,Clothing,38,36-50,Puducherry,South,7,572,Card,7
1623,Manas Upadhyay,Male,03-06-2031,13441,Electronics,41,36-50,Maharashtra,West,5,1389,Card,4
1763,Niraj Anand,Male,04-06-2031,13442,Home,26,18-35,West Bengal,East,3,1160,Card,5
1593,Pushkar Datt,Male,05-06-2031,13443,Home,22,18-35,Meghalaya,East,6,1166,Card,7
1743,Saumya Mahajan,Female,06-06-2031,13444,Beauty,40,36-50,Kerala,South,3,1127,Card,4
1226,Harsh Zaveri,Male,07-06-2031,13445,Clothing,48,36-50,Arunachal Pradesh,East,4,1217,COD,5
1744,Purnima Ahuja,Female,08-06-2031,13446,Clothing,39,36-50,Odisha,East,4,1057,COD,7
1732,Jeevan Vaidya,Male,09-06-2031,13447,Home,41,36-50,Maharashtra,West,3,1490,Card,1
1435,Harsha Tiwari,Female,10-06-2031,13448,Electronics,53,51-65,Madhya Pradesh,Central,6,736,Card,3
1924,Navjot Puri,Female,11-06-2031,13449,Clothing,35,18-35,Gujarat,West,7,1234,Wallet,1
1421,Ganesh Dahiya,Male,12-06-2031,13450,Clothing,53,51-65,Jharkhand,East,2,805,Wallet,3
1553,Mayank Solanki,Male,13-06-2031,13451,Electronics,37,36-50,Delhi,North,7,931,Card,11
1020,Dhanashree Menon,Female,14-06-2031,13452,Clothing,25,18-35,Jharkhand,East,2,881,Card,2
1553,Mridula Malik,Female,15-06-2031,13453,Beauty,36,36-50,Jammu and Kashmir,North,5,1373,Wallet,5
1396,Rudraksh Nath,Male,16-06-2031,13454,Beauty,22,18-35,Goa,West,7,1095,Card,10
1624,Tarun Kulkarni,Male,17-06-2031,13455,Electronics,38,36-50,Tamil Nadu,South,3,436,Card,5
1104,Jyoti Reddy,Female,18-06-2031,13456,Electronics,22,18-35,Gujarat,West,3,1353,Card,10
1191,Adwait Chaturvedi,Male,19-06-2031,13457,Electronics,59,51-65,Maharashtra,West,6,1036,Card,9
1016,Swapnil Sehgal,Male,20-06-2031,13458,Beauty,54,51-65,Maharashtra,West,3,596,Card,8
1119,Pavi Nair,Female,21-06-2031,13459,Electronics,41,36-50,Gujarat,West,6,991,Card,3
1392,Shrey Lala,Male,22-06-2031,13460,Home,39,36-50,Bihar,East,3,1059,COD,1
1424,Jay Kaur,Male,23-06-2031,13461,Electronics,41,36-50,Delhi,North,4,330,Wallet,5
1128,Uday Tripathi,Female,24-06-2031,13462,Clothing,48,36-50,Assam,East,1,936,Wallet,11
1129,Indrajit Yogi,Male,25-06-2031,13463,Clothing,41,36-50,West Bengal,East,3,499,Card,3
1571,Satish Bisht,Male,26-06-2031,13464,Home,23,18-35,Jammu and Kashmir,North,1,1204,Card,5
1559,Jaideep Prasad,Male,27-06-2031,13465,Electronics,32,18-35,Ladakh,North,2,1325,COD,9
1028,Sarvesh Bose,Male,28-06-2031,13466,Clothing,29,18-35,Mizoram,East,5,776,COD,11
1096,Paras Kapoor,Male,29-06-2031,13467,Electronics,44,36-50,Ladakh,North,7,380,Card,1
1009,Krishna Harit,Female,30-06-2031,13468,Home,40,36-50,Kerala,South,7,692,Card,1
1241,Chhavi Banerjee,Female,01-07-2031,13469,Beauty,32,18-35,Karnataka,South,2,714,Card,9
1825,Yuvraj Zaidi,Male,02-07-2031,13470,Electronics,46,36-50,Gujarat,West,3,964,Card,3
1955,Rudra Agarwal,Male,03-07-2031,13471,Beauty,32,18-35,Karnataka,South,7,823,Card,10
1231,Anisha Samant,Female,04-07-2031,13472,Clothing,20,18-35,Rajasthan,North,6,442,Wallet,5
1788,Bhanu Tyagi,Male,05-07-2031,13473,Electronics,49,36-50,Telangana,South,2,1189,Card,9
1283,Yashika Pande,Female,06-07-2031,13474,Clothing,40,36-50,Manipur,East,4,1094,Wallet,11
1714,Hina Pandey,Female,07-07-2031,13475,Electronics,38,36-50,Delhi,North,1,691,Wallet,5
1758,Rekha Sharma,Female,08-07-2031,13476,Home,48,36-50,Madhya Pradesh,Central,6,794,Card,3
1801,Raghavendra Khandelwal,Male,09-07-2031,13477,Home,21,18-35,Telangana,South,7,1114,COD,9
1775,Karishma Chauhan,Female,10-07-2031,13478,Electronics,34,18-35,Haryana,North,6,385,COD,7
1954,Ravindra Srivastava,Male,11-07-2031,13479,Clothing,22,18-35,Uttarakhand,North,3,384,Card,7
1725,Nityanand Malhotra,Male,12-07-2031,13480,Home,47,36-50,Telangana,South,4,818,Card,8
1199,Anagh Dixit,Male,13-07-2031,13481,Beauty,56,51-65,Ladakh,North,1,1494,COD,11
1944,Arpita Sinha,Female,14-07-2031,13482,Clothing,28,18-35,Manipur,East,4,1230,COD,5
1078,Chetan Dev,Male,15-07-2031,13483,Beauty,49,36-50,Uttarakhand,North,2,1168,COD,2
1912,Jayanti Somani,Female,16-07-2031,13484,Clothing,21,18-35,Bihar,East,3,355,COD,11
1955,Jeevika Naidu,Female,17-07-2031,13485,Clothing,21,18-35,Maharashtra,West,6,774,Card,9
1854,Geeta Kashyap,Female,18-07-2031,13486,Home,43,36-50,Uttarakhand,North,6,1098,COD,3
1855,Roshan Parashar,Male,19-07-2031,13487,Clothing,54,51-65,Goa,West,2,1245,Card,11
1172,Sahej Shah,Female,20-07-2031,13488,Clothing,25,18-35,Tamil Nadu,South,6,1055,COD,2
1466,Yashwant Mehta,Male,21-07-2031,13489,Clothing,30,18-35,Haryana,North,5,1481,Wallet,10
1580,Bibek Gill,Male,22-07-2031,13490,Home,41,36-50,Kerala,South,3,1475,COD,10
1415,Sagar Ghosh,Male,23-07-2031,13491,Home,19,18-35,Jharkhand,East,2,1225,COD,5
1939,Harini Dhami,Female,24-07-2031,13492,Clothing,44,36-50,Maharashtra,West,3,609,COD,8
1448,Puneet Niyogi,Male,25-07-2031,13493,Electronics,30,18-35,Karnataka,South,1,376,COD,3
1086,Buddhadev Negi,Male,26-07-2031,13494,Clothing,31,18-35,Mizoram,East,3,1370,COD,6
1100,Gunjan Tomar,Female,27-07-2031,13495,Clothing,37,36-50,Odisha,East,3,1400,Card,9
1007,Mihir Yadav,Male,28-07-2031,13496,Electronics,28,18-35,Gujarat,West,1,745,Wallet,2
1844,Girija Dwivedi,Female,29-07-2031,13497,Home,21,18-35,Maharashtra,West,2,1452,Card,8
1199,Viraj Garg,Male,30-07-2031,13498,Clothing,58,51-65,Maharashtra,West,3,1338,Card,10
1504,Durga Pradhan,Female,31-07-2031,13499,Electronics,55,51-65,Maharashtra,West,4,908,Card,7
1086,Lakhan Soni,Male,01-08-2031,13500,Electronics,40,36-50,Gujarat,West,3,357,Card,3
1042,Damini Patel,Female,02-08-2031,13501,Electronics,59,51-65,Uttarakhand,North,2,519,COD,1
1384,Ashmita Bohra,Female,03-08-2031,13502,Beauty,59,51-65,Andhra Pradesh,South,6,401,Card,6
1620,Lekha Narayan,Female,04-08-2031,13503,Electronics,34,18-35,Dadra and Nagar Haveli and Daman and Diu,West,7,1479,Wallet,2
1434,Poorva Arya,Female,05-08-2031,13504,Electronics,55,51-65,Karnataka,South,1,755,Card,3
1407,Pallavi Bhatt,Female,06-08-2031,13505,Clothing,38,36-50,Punjab,North,6,602,Card,5
1482,Kartik Raghav,Male,07-08-2031,13506,Electronics,19,18-35,Madhya Pradesh,Central,2,709,Card,11
1663,Alok Nigam,Male,08-08-2031,13507,Electronics,60,51-65,Delhi,North,5,1087,COD,8
1016,Lina Suri,Female,09-08-2031,13508,Electronics,56,51-65,Mizoram,East,7,731,Wallet,2
1644,Govind Gandhi,Male,10-08-2031,13509,Clothing,47,36-50,Manipur,East,6,409,COD,6
1147,Bodh Panwar,Male,11-08-2031,13510,Clothing,24,18-35,Karnataka,South,3,450,Card,1
1276,Kabir Verma,Male,12-08-2031,13511,Clothing,26,18-35,Madhya Pradesh,Central,7,916,Wallet,7
1231,Oorja Jaiswal,Female,13-08-2031,13512,Clothing,37,36-50,Gujarat,West,3,1458,Card,4
1825,Aniruddha Subramanian,Male,14-08-2031,13513,Beauty,28,18-35,Tamil Nadu,South,1,359,COD,1
1926,Anvi Lal,Female,15-08-2031,13514,Clothing,53,51-65,Assam,East,3,706,Card,9
1365,Prateek Jain,Male,16-08-2031,13515,Electronics,31,18-35,Odisha,East,7,1439,Card,9
1227,Suhani Goyal,Female,17-08-2031,13516,Electronics,49,36-50,Maharashtra,West,4,616,Card,11
1650,Mehak Kaushik,Female,18-08-2031,13517,Clothing,21,18-35,Maharashtra,West,4,971,Card,3
1435,Ishita Arora,Female,19-08-2031,13518,Home,40,36-50,Kerala,South,6,386,Wallet,6
1398,Vishnu Chandra,Male,20-08-2031,13519,Electronics,40,36-50,Assam,East,2,1197,COD,7
1210,Raghav Modi,Male,21-08-2031,13520,Home,56,51-65,Arunachal Pradesh,East,1,1146,Wallet,4
1390,Abha Rathore,Female,22-08-2031,13521,Electronics,53,51-65,Gujarat,West,5,891,COD,6
1498,Shalini Gupta,Female,23-08-2031,13522,Clothing,58,51-65,Himachal Pradesh,North,6,925,COD,9
1539,Sharvani Rana,Female,24-08-2031,13523,Home,32,18-35,Maharashtra,West,2,1426,COD,10
1562,Anirudh Jindal,Male,25-08-2031,13524,Electronics,57,51-65,Gujarat,West,1,1113,Wallet,6
1490,Eshwar Trivedi,Male,26-08-2031,13525,Clothing,27,18-35,Chhattisgarh,Central,7,974,Card,7
1441,Amarnath Deshmukh,Male,27-08-2031,13526,Electronics,53,51-65,Punjab,North,1,1257,Card,6
1260,Jasleen Patil,Female,28-08-2031,13527,Home,20,18-35,Uttarakhand,North,7,1459,COD,7
1772,Bhavana Vohra,Female,29-08-2031,13528,Electronics,40,36-50,Andhra Pradesh,South,6,774,Wallet,1
1349,Sanchita Shetty,Female,30-08-2031,13529,Beauty,22,18-35,Uttarakhand,North,2,394,Wallet,6
1351,Basant Narang,Male,31-08-2031,13530,Electronics,26,18-35,Andhra Pradesh,South,2,1392,COD,9
1519,Abhyuday Aggarwal,Male,01-09-2031,13531,Beauty,21,18-35,Delhi,North,3,1319,Card,11
1319,Anuradha Saini,Female,02-09-2031,13532,Clothing,46,36-50,Bihar,East,5,747,Card,3
1137,Siya Mittal,Female,03-09-2031,13533,Home,34,18-35,Jharkhand,East,4,782,Wallet,6
1549,Eklavya Saxena,Male,04-09-2031,13534,Electronics,60,51-65,Jharkhand,East,3,1283,Card,4
1622,Arnav Tandon,Male,05-09-2031,13535,Beauty,50,36-50,Tripura,East,1,415,Card,7
1991,Yami Joshi,Female,06-09-2031,13536,Electronics,60,51-65,Tripura,East,5,1130,Wallet,7
1367,Ayana Sen,Female,07-09-2031,13537,Electronics,36,36-50,Rajasthan,North,5,379,Card,9
1219,Indira Pillai,Female,08-09-2031,13538,Clothing,37,36-50,Bihar,East,2,1358,COD,4
1336,Hemant Salvi,Male,09-09-2031,13539,Electronics,41,36-50,Jammu and Kashmir,North,5,1416,COD,8
1222,Antara Shukla,Female,10-09-2031,13540,Electronics,31,18-35,West Bengal,East,6,638,Card,8
1647,Nirav Bhatia,Male,11-09-2031,13541,Beauty,42,36-50,Bihar,East,5,735,Card,8
1767,Sandeep Dey,Male,12-09-2031,13542,Beauty,43,36-50,Assam,East,1,573,Card,8
1359,Mahendra Desai,Male,13-09-2031,13543,Clothing,55,51-65,Andhra Pradesh,South,6,940,COD,6
1920,Virat Khanna,Male,14-09-2031,13544,Beauty,31,18-35,West Bengal,East,6,832,COD,8
1328,Jitesh Jha,Male,15-09-2031,13545,Clothing,23,18-35,Delhi,North,3,639,Card,6
1961,Rajni Das,Female,16-09-2031,13546,Electronics,51,51-65,Gujarat,West,5,391,Wallet,10
1462,Kishori Randhawa,Female,17-09-2031,13547,Home,19,18-35,Madhya Pradesh,Central,2,1116,Card,2
1945,Vedant Mohan,Male,18-09-2031,13548,Home,52,51-65,Uttar Pradesh,North,7,1359,Card,3
1962,Ritesh Bhardwaj,Male,19-09-2031,13549,Beauty,45,36-50,Telangana,South,3,1029,Card,6
1560,Anandhan Mandal,Male,20-09-2031,13550,Electronics,21,18-35,Tripura,East,2,395,Card,7
1803,Aman Rao,Female,21-09-2031,13551,Home,28,18-35,Odisha,East,5,334,Wallet,4
1381,Abhinandan Choudhary,Male,22-09-2031,13552,Electronics,27,18-35,Gujarat,West,3,992,Card,1
1835,Jahan Khan,Female,23-09-2031,13553,Electronics,28,18-35,Maharashtra,West,5,587,Card,4
1589,Barkha Barman,Female,24-09-2031,13554,Electronics,59,51-65,Tamil Nadu,South,1,448,Wallet,6
1616,Aadesh Rawat,Male,25-09-2031,13555,Beauty,23,18-35,Kerala,South,3,498,COD,8
1168,Aditiya Bansal,Male,26-09-2031,13556,Home,27,18-35,Karnataka,South,2,734,Card,4
1216,Sarthak Mukherjee,Male,27-09-2031,13557,Home,35,18-35,Maharashtra,West,1,1484,Wallet,10
1377,Suraj Nanda,Male,28-09-2031,13558,Clothing,54,51-65,Karnataka,South,4,718,COD,1
1118,Arya Dubey,Female,29-09-2031,13559,Electronics,32,18-35,Rajasthan,North,2,829,Card,5
1189,Ronak Varma,Male,30-09-2031,13560,Electronics,22,18-35,Assam,East,7,902,COD,7
1766,Bishal Kumar,Male,01-10-2031,13561,Electronics,27,18-35,Haryana,North,5,743,Wallet,6
1369,Rina Khatri,Female,02-10-2031,13562,Clothing,43,36-50,Uttar Pradesh,North,2,890,COD,3
1777,Aditi Basu,Female,03-10-2031,13563,Home,47,36-50,Jharkhand,East,4,556,COD,7
1148,Chiranjeev Mishra,Male,04-10-2031,13564,Clothing,37,36-50,Odisha,East,2,1204,Wallet,4
1675,Arpit Sahu,Male,05-10-2031,13565,Electronics,57,51-65,Gujarat,West,1,992,COD,5
1651,Srishti Upadhyay,Female,06-10-2031,13566,Electronics,36,36-50,Odisha,East,6,471,Card,11
1858,Sana Anand,Female,07-10-2031,13567,Electronics,20,18-35,West Bengal,East,2,590,Card,7
1487,Monika Datt,Female,08-10-2031,13568,Clothing,31,18-35,Bihar,East,3,545,COD,2
1769,Anushka Mahajan,Female,09-10-2031,13569,Beauty,52,51-65,Bihar,East,7,436,Card,4
1373,Devika Zaveri,Female,10-10-2031,13570,Clothing,45,36-50,Karnataka,South,4,1223,Wallet,4
1780,Arindam Ahuja,Male,11-10-2031,13571,Home,23,18-35,Delhi,North,2,577,Card,6
1692,Vikash Vaidya,Male,12-10-2031,13572,Clothing,30,18-35,Dadra and Nagar Haveli and Daman and Diu,West,4,636,COD,11
1159,Shubham Tiwari,Male,13-10-2031,13573,Clothing,22,18-35,Odisha,East,6,819,COD,7
1350,Tejas Puri,Female,14-10-2031,13574,Electronics,58,51-65,Ladakh,North,1,1231,COD,4
1911,Harshita Dahiya,Female,15-10-2031,13575,Beauty,45,36-50,Karnataka,South,3,1182,Card,10
1287,Binay Solanki,Male,16-10-2031,13576,Home,60,51-65,Jammu and Kashmir,North,5,1457,Card,1
1287,Bhakti Menon,Female,17-10-2031,13577,Electronics,30,18-35,Maharashtra,West,2,389,COD,1
1891,Bhargav Malik,Male,18-10-2031,13578,Clothing,35,18-35,Andhra Pradesh,South,1,776,Wallet,5
1225,Prem Nath,Male,19-10-2031,13579,Clothing,57,51-65,Delhi,North,4,1310,COD,1
1522,Gokul Kulkarni,Male,20-10-2031,13580,Clothing,40,36-50,Jammu and Kashmir,North,6,1084,Card,3
1521,Ananya Reddy,Female,21-10-2031,13581,Beauty,52,51-65,Rajasthan,North,7,1215,Card,9
1782,Ashwin Chaturvedi,Male,22-10-2031,13582,Clothing,40,36-50,Mizoram,East,4,1324,Wallet,3
1272,Pooja Sehgal,Female,23-10-2031,13583,Clothing,39,36-50,Uttar Pradesh,North,7,1155,Wallet,3
1935,Bhavin Nair,Male,24-10-2031,13584,Electronics,25,18-35,Delhi,North,6,1470,Card,9
1401,Akhil Lala,Male,25-10-2031,13585,Electronics,32,18-35,Ladakh,North,7,1072,COD,5
1182,Reet Kaur,Female,26-10-2031,13586,Electronics,27,18-35,Jammu and Kashmir,North,6,873,Card,8
1968,Avantika Tripathi,Female,27-10-2031,13587,Electronics,39,36-50,Assam,East,1,877,COD,10
1664,Kriti Yogi,Female,28-10-2031,13588,Home,53,51-65,Delhi,North,2,556,Wallet,9
1487,Pratik Bisht,Male,29-10-2031,13589,Home,44,36-50,Odisha,East,5,331,Card,6
1826,Aruna Prasad,Female,30-10-2031,13590,Electronics,29,18-35,Maharashtra,West,2,843,COD,7
1845,Damodar Bose,Male,31-10-2031,13591,Home,38,36-50,Uttar Pradesh,North,3,322,Card,7
1123,Balwant Kapoor,Male,01-11-2031,13592,Electronics,31,18-35,Maharashtra,West,2,1039,Card,7
1984,Ravi Harit,Male,02-11-2031,13593,Electronics,58,51-65,Rajasthan,North,6,1217,COD,4
1625,Swara Banerjee,Female,03-11-2031,13594,Electronics,20,18-35,Himachal Pradesh,North,6,1164,Card,2
1789,Punit Zaidi,Male,04-11-2031,13595,Clothing,59,51-65,Chhattisgarh,Central,3,354,COD,2
1413,Aseem Agarwal,Female,05-11-2031,13596,Electronics,18,18-35,Madhya Pradesh,Central,4,1121,Card,7
1979,Tejal Samant,Female,06-11-2031,13597,Clothing,57,51-65,Madhya Pradesh,Central,6,451,COD,10
1724,Manju Tyagi,Female,07-11-2031,13598,Clothing,58,51-65,Jammu and Kashmir,North,3,585,Card,7
1171,Abhay Pande,Male,08-11-2031,13599,Beauty,36,36-50,Maharashtra,West,6,1335,COD,10
1287,Hansika Pandey,Female,09-11-2031,13600,Electronics,60,51-65,Maharashtra,West,5,402,COD,7
1434,Sandhya Sharma,Female,10-11-2031,13601,Electronics,57,51-65,West Bengal,East,6,727,Wallet,8
1685,Sai Khandelwal,Male,11-11-2031,13602,Electronics,28,18-35,Ladakh,North,1,1261,Wallet,3
1112,Brinda Chauhan,Female,12-11-2031,13603,Clothing,60,51-65,Goa,West,3,358,Card,11
1887,Kunal Srivastava,Male,13-11-2031,13604,Electronics,23,18-35,Assam,East,7,778,Card,5
1916,Samiksha Malhotra,Female,14-11-2031,13605,Home,29,18-35,Maharashtra,West,2,598,COD,6
1994,Prema Dixit,Female,15-11-2031,13606,Clothing,60,51-65,Kerala,South,3,761,COD,8
1121,Rishabh Sinha,Male,16-11-2031,13607,Clothing,34,18-35,Delhi,North,4,418,Card,8
1543,Diya Dev,Female,17-11-2031,13608,Clothing,57,51-65,Uttar Pradesh,North,6,704,Card,10
1221,Bhavesh Somani,Male,18-11-2031,13609,Electronics,37,36-50,Maharashtra,West,3,529,COD,3
1630,Ibrahim Naidu,Male,19-11-2031,13610,Electronics,19,18-35,Assam,East,5,1019,Wallet,4
1038,Shruti Kashyap,Female,20-11-2031,13611,Electronics,36,36-50,Tamil Nadu,South,3,1290,Wallet,6
1496,Rashmi Parashar,Female,21-11-2031,13612,Clothing,27,18-35,Rajasthan,North,5,766,Card,4
1779,Dilip Shah,Male,22-11-2031,13613,Electronics,38,36-50,Karnataka,South,6,1292,Card,10
1232,Palak Mehta,Female,23-11-2031,13614,Electronics,38,36-50,Andhra Pradesh,South,2,550,Card,4
1942,Ashima Gill,Female,24-11-2031,13615,Beauty,44,36-50,Sikkim,East,6,372,COD,5
1529,Deepali Ghosh,Female,25-11-2031,13616,Electronics,40,36-50,Odisha,East,4,1345,COD,10
1148,Akshara Dhami,Female,26-11-2031,13617,Home,38,36-50,Uttar Pradesh,North,1,919,COD,7
1396,Siddhant Niyogi,Male,27-11-2031,13618,Home,31,18-35,Tamil Nadu,South,2,316,COD,2
1660,Sujata Negi,Female,28-11-2031,13619,Electronics,30,18-35,Karnataka,South,2,874,Card,2
1637,Kesar Tomar,Female,29-11-2031,13620,Electronics,50,36-50,Telangana,South,1,570,Card,10
1903,Kanupriya Yadav,Female,30-11-2031,13621,Electronics,41,36-50,Delhi,North,3,600,Wallet,9
1301,Minal Dwivedi,Female,01-12-2031,13622,Home,39,36-50,Bihar,East,6,965,Card,4
1359,Zoya Garg,Female,02-12-2031,13623,Clothing,52,51-65,Bihar,East,3,925,Card,5
1237,Trilok Pradhan,Male,03-12-2031,13624,Home,35,18-35,Andhra Pradesh,South,3,1095,COD,3
1646,Indranil Soni,Male,04-12-2031,13625,Beauty,50,36-50,Maharashtra,West,6,810,COD,2
1662,Hiral Patel,Female,05-12-2031,13626,Home,48,36-50,Himachal Pradesh,North,4,660,Wallet,10
1235,Abhrajit Bohra,Male,06-12-2031,13627,Electronics,26,18-35,Chhattisgarh,Central,2,1094,Card,8
1735,Danish Narayan,Male,07-12-2031,13628,Electronics,59,51-65,Puducherry,South,5,583,COD,4
1202,Anshuman Arya,Male,08-12-2031,13629,Home,42,36-50,Karnataka,South,1,628,COD,1
1255,Harsheen Bhatt,Female,09-12-2031,13630,Electronics,57,51-65,Rajasthan,North,2,787,Wallet,6
1597,Jatin Raghav,Male,10-12-2031,13631,Electronics,37,36-50,Himachal Pradesh,North,3,483,COD,6
1661,Sumit Nigam,Male,11-12-2031,13632,Home,33,18-35,Meghalaya,East,1,627,Wallet,2
1234,Ahan Suri,Male,12-12-2031,13633,Clothing,28,18-35,Delhi,North,5,1159,Card,2
1344,Rachana Gandhi,Female,13-12-2031,13634,Beauty,34,18-35,West Bengal,East,2,323,COD,8
1533,Samar Panwar,Male,14-12-2031,13635,Home,55,51-65,Karnataka,South,2,1224,Card,11
1859,Rohini Verma,Female,15-12-2031,13636,Electronics,53,51-65,Maharashtra,West,4,759,Card,7
1796,Bhavika Jaiswal,Female,16-12-2031,13637,Beauty,51,51-65,Ladakh,North,2,1253,Card,2
1780,Kamini Subramanian,Female,17-12-2031,13638,Electronics,21,18-35,Andhra Pradesh,South,2,883,COD,10
1465,Ashutosh Lal,Male,18-12-2031,13639,Electronics,44,36-50,Rajasthan,North,5,895,Card,1
1769,Roma Jain,Female,19-12-2031,13640,Clothing,28,18-35,Ladakh,North,5,764,Wallet,11
1540,Anoop Goyal,Male,20-12-2031,13641,Electronics,34,18-35,Chhattisgarh,Central,1,429,COD,8
1212,Mohan Kaushik,Male,21-12-2031,13642,Clothing,32,18-35,Rajasthan,North,3,1352,Card,10
1462,Manan Arora,Female,22-12-2031,13643,Electronics,33,18-35,Meghalaya,East,5,912,COD,2
1435,Abhiram Chandra,Male,23-12-2031,13644,Clothing,29,18-35,Jharkhand,East,1,1456,Card,5
1282,Girish Modi,Male,24-12-2031,13645,Clothing,27,18-35,Gujarat,West,2,391,Card,6
1561,Vishwas Rathore,Male,25-12-2031,13646,Home,31,18-35,Tamil Nadu,South,1,1286,COD,10
1606,Hema Gupta,Female,26-12-2031,13647,Home,58,51-65,Karnataka,South,1,572,Wallet,1
1462,Sourav Rana,Male,27-12-2031,13648,Electronics,22,18-35,Punjab,North,1,1295,COD,2
1406,Abhishek Jindal,Male,28-12-2031,13649,Clothing,26,18-35,Uttar Pradesh,North,6,547,Wallet,10
1087,Arhaan Trivedi,Male,29-12-2031,13650,Clothing,27,18-35,Maharashtra,West,1,1350,COD,4
1043,Rohan Deshmukh,Female,30-12-2031,13651,Electronics,55,51-65,West Bengal,East,5,1379,Card,2
1460,Aakash Patil,Male,31-12-2031,13652,Home,57,51-65,Uttar Pradesh,North,7,787,COD,11
1277,Aanya Vohra,Female,01-01-2032,13653,Home,51,51-65,Jharkhand,East,7,766,COD,6
1682,Irfan Shetty,Male,02-01-2032,13654,Electronics,34,18-35,Tamil Nadu,South,7,1221,Card,4
1420,Rishi Narang,Male,03-01-2032,13655,Clothing,34,18-35,Delhi,North,7,689,Wallet,11
1700,Eesh Aggarwal,Male,04-01-2032,13656,Electronics,38,36-50,Madhya Pradesh,Central,6,1334,COD,3
1352,Bani Saini,Female,05-01-2032,13657,Clothing,34,18-35,Gujarat,West,3,1429,Card,6
1695,Surabhi Mittal,Female,06-01-2032,13658,Electronics,54,51-65,Tamil Nadu,South,1,388,Wallet,9
1514,Manish Saxena,Male,07-01-2032,13659,Beauty,25,18-35,Rajasthan,North,4,1272,Card,8
1702,Anup Tandon,Male,08-01-2032,13660,Home,50,36-50,Uttar Pradesh,North,7,468,Wallet,2
1629,Ekta Joshi,Female,09-01-2032,13661,Clothing,36,36-50,Madhya Pradesh,Central,2,590,Card,3
1018,Lipi Sen,Female,10-01-2032,13662,Clothing,36,36-50,Karnataka,South,7,1413,COD,2
1022,Tanya Pillai,Female,11-01-2032,13663,Beauty,42,36-50,Maharashtra,West,7,1107,COD,10
1412,Nutan Salvi,Female,12-01-2032,13664,Clothing,30,18-35,Maharashtra,West,2,530,COD,7
1029,Achal Shukla,Male,13-01-2032,13665,Electronics,56,51-65,Gujarat,West,6,1422,Card,9
1806,Nikhil Bhatia,Male,14-01-2032,13666,Clothing,29,18-35,Himachal Pradesh,North,2,389,Card,1
1107,Ranjana Dey,Female,15-01-2032,13667,Home,25,18-35,Bihar,East,2,1255,Card,11
1366,Agastya Desai,Male,16-01-2032,13668,Clothing,43,36-50,Goa,West,6,1483,Wallet,3
1280,Ratan Khanna,Male,17-01-2032,13669,Home,40,36-50,Arunachal Pradesh,East,2,1365,Card,6
1127,Soumya Jha,Female,18-01-2032,13670,Beauty,44,36-50,Gujarat,West,1,759,COD,4
1228,Raj Das,Male,19-01-2032,13671,Beauty,48,36-50,Chhattisgarh,Central,7,1208,Wallet,10
1110,Rhea Randhawa,Female,20-01-2032,13672,Beauty,29,18-35,Rajasthan,North,3,1063,Wallet,10
1135,Parul Mohan,Female,21-01-2032,13673,Electronics,46,36-50,Odisha,East,6,796,Card,1
1361,Sampath Bhardwaj,Male,22-01-2032,13674,Clothing,41,36-50,Punjab,North,4,1317,Wallet,9
1185,Avni Mandal,Female,23-01-2032,13675,Home,32,18-35,Jharkhand,East,6,408,Card,7
1655,Aarna Rao,Female,24-01-2032,13676,Home,35,18-35,Maharashtra,West,5,850,COD,11
1583,Malavika Choudhary,Female,25-01-2032,13677,Clothing,54,51-65,Karnataka,South,4,689,COD,7
1128,Aastha Khan,Female,26-01-2032,13678,Electronics,56,51-65,Punjab,North,5,636,Card,1
1875,Pankhuri Barman,Female,27-01-2032,13679,Home,40,36-50,Telangana,South,6,705,Card,9
1260,Avinandan Rawat,Male,28-01-2032,13680,Home,52,51-65,Chhattisgarh,Central,5,873,COD,8
1514,Adit Bansal,Male,29-01-2032,13681,Electronics,24,18-35,Telangana,South,4,438,Card,11
1448,Tulika Mukherjee,Female,30-01-2032,13682,Clothing,20,18-35,Andhra Pradesh,South,1,759,Wallet,10
1899,Yamini Nanda,Female,31-01-2032,13683,Electronics,43,36-50,Himachal Pradesh,North,6,1260,Card,5
1103,Fatima Dubey,Female,01-02-2032,13684,Electronics,44,36-50,Gujarat,West,6,767,Wallet,4
1482,Sonu Varma,Male,02-02-2032,13685,Electronics,27,18-35,Odisha,East,2,323,COD,1
1223,Sapna Kumar,Female,03-02-2032,13686,Clothing,34,18-35,Madhya Pradesh,Central,6,677,Wallet,9
1831,Divij Khatri,Male,04-02-2032,13687,Clothing,46,36-50,Tamil Nadu,South,7,596,COD,8
1873,Kishore Basu,Male,05-02-2032,13688,Clothing,25,18-35,Nagaland,East,7,583,Wallet,2
1865,Vipin Mishra,Male,06-02-2032,13689,Home,27,18-35,Assam,East,6,1106,Card,4
1490,Ira Sahu,Female,07-02-2032,13690,Home,23,18-35,Tamil Nadu,South,1,437,COD,4
1472,Nandini Upadhyay,Female,08-02-2032,13691,Electronics,19,18-35,Telangana,South,2,440,Card,7
1009,Eshika Anand,Female,09-02-2032,13692,Electronics,20,18-35,Telangana,South,3,570,Card,3
1404,Rajeev Datt,Male,10-02-2032,13693,Beauty,26,18-35,Meghalaya,East,5,1129,COD,8
1895,Shailendra Mahajan,Male,11-02-2032,13694,Electronics,56,51-65,Tripura,East,4,610,COD,11
1301,Veer Zaveri,Male,12-02-2032,13695,Beauty,45,36-50,Gujarat,West,3,1500,Card,7
1230,Digambar Ahuja,Male,13-02-2032,13696,Home,49,36-50,Dadra and Nagar Haveli and Daman and Diu,West,2,846,COD,10
1730,Shreyansh Vaidya,Male,14-02-2032,13697,Clothing,52,51-65,Gujarat,West,7,404,COD,4
1922,Shreya Tiwari,Female,15-02-2032,13698,Beauty,27,18-35,Himachal Pradesh,North,7,1325,Card,9
1065,Gauri Puri,Female,16-02-2032,13699,Electronics,35,18-35,Karnataka,South,7,1059,COD,6
1936,Urvi Dahiya,Female,17-02-2032,13700,Electronics,28,18-35,Haryana,North,1,638,COD,3
1111,Ansh Solanki,Male,18-02-2032,13701,Clothing,53,51-65,Odisha,East,7,1033,Card,7
1012,Nilesh Menon,Male,19-02-2032,13702,Clothing,28,18-35,Karnataka,South,4,1460,COD,6
1392,Aamir Malik,Male,20-02-2032,13703,Beauty,28,18-35,Uttarakhand,North,5,746,COD,8
1499,Pradyumn Nath,Male,21-02-2032,13704,Electronics,60,51-65,Manipur,East,6,631,Wallet,5
1931,Rajiv Kulkarni,Male,22-02-2032,13705,Clothing,43,36-50,Andhra Pradesh,South,6,726,Card,6
1597,Neel Reddy,Male,23-02-2032,13706,Clothing,26,18-35,Chhattisgarh,Central,3,1114,Wallet,1
1233,Rashi Chaturvedi,Female,24-02-2032,13707,Home,28,18-35,Uttar Pradesh,North,5,546,Card,8
1601,Arun Sehgal,Male,25-02-2032,13708,Electronics,23,18-35,Gujarat,West,2,434,Card,1
1313,Pankaj Nair,Male,26-02-2032,13709,Clothing,20,18-35,Jharkhand,East,5,925,Card,3
1565,Balraj Lala,Male,27-02-2032,13710,Home,40,36-50,Uttar Pradesh,North,1,327,Wallet,2
1011,Aryaman Kaur,Male,28-02-2032,13711,Electronics,21,18-35,Karnataka,South,3,357,COD,6
1208,Amrita Tripathi,Female,29-02-2032,13712,Home,30,18-35,Bihar,East,3,704,Card,8
1973,Giridhar Yogi,Male,01-03-2032,13713,Clothing,36,36-50,Delhi,North,1,591,Card,8
1013,Sawan Bisht,Male,02-03-2032,13714,Home,40,36-50,Chhattisgarh,Central,5,519,Card,7
1632,Parikshit Prasad,Male,03-03-2032,13715,Home,41,36-50,Uttar Pradesh,North,7,1016,Card,7
1417,Ragini Bose,Female,04-03-2032,13716,Electronics,57,51-65,Tamil Nadu,South,1,973,COD,8
1436,Afreen Kapoor,Female,05-03-2032,13717,Clothing,39,36-50,Delhi,North,7,1328,COD,5
1376,Yash Harit,Male,06-03-2032,13718,Beauty,42,36-50,Maharashtra,West,4,845,Wallet,3
1019,Vikram Banerjee,Male,07-03-2032,13719,Clothing,34,18-35,Odisha,East,1,1197,Wallet,2
1586,Meghna Zaidi,Female,08-03-2032,13720,Beauty,30,18-35,Madhya Pradesh,Central,7,321,COD,3
1911,Saurabh Agarwal,Male,09-03-2032,13721,Clothing,58,51-65,Rajasthan,North,5,949,Card,11
1754,Kumari Samant,Female,10-03-2032,13722,Electronics,27,18-35,West Bengal,East,7,1449,Card,11
1734,Vani Tyagi,Female,11-03-2032,13723,Clothing,57,51-65,Assam,East,1,1391,COD,3
1069,Akash Pande,Male,12-03-2032,13724,Beauty,59,51-65,Maharashtra,West,2,1269,COD,7
1823,Eshaan Pandey,Male,13-03-2032,13725,Electronics,56,51-65,Meghalaya,East,6,712,COD,1
1210,Anuja Sharma,Female,14-03-2032,13726,Beauty,32,18-35,Jammu and Kashmir,North,1,1069,Wallet,7
1100,Keshav Khandelwal,Male,15-03-2032,13727,Beauty,25,18-35,Madhya Pradesh,Central,6,1300,Wallet,6
1697,Nikita Chauhan,Female,16-03-2032,13728,Clothing,36,36-50,Uttarakhand,North,1,1283,Card,11
1131,Ritik Srivastava,Male,17-03-2032,13729,Electronics,59,51-65,Karnataka,South,5,832,Card,10
1622,Armaan Malhotra,Male,18-03-2032,13730,Home,27,18-35,Haryana,North,4,858,Wallet,2
1380,Mahima Dixit,Female,19-03-2032,13731,Electronics,34,18-35,Andhra Pradesh,South,4,1446,Wallet,10
1131,Kanika Sinha,Female,20-03-2032,13732,Home,51,51-65,Assam,East,6,892,Card,1
1019,Kanhaiya Dev,Male,21-03-2032,13733,Clothing,52,51-65,Uttar Pradesh,North,5,409,COD,9
1905,Pranav Somani,Male,22-03-2032,13734,Clothing,25,18-35,Nagaland,East,7,307,COD,2
1535,Aanchal Naidu,Female,23-03-2032,13735,Home,47,36-50,Rajasthan,North,5,895,COD,4
1226,Pari Kashyap,Female,24-03-2032,13736,Clothing,35,18-35,Maharashtra,West,5,912,Card,9
1153,Jigna Parashar,Female,25-03-2032,13737,Clothing,56,51-65,Gujarat,West,2,841,Wallet,9
1804,Mini Shah,Female,26-03-2032,13738,Clothing,53,51-65,Tamil Nadu,South,3,1058,COD,11
1741,Mishti Mehta,Female,27-03-2032,13739,Clothing,30,18-35,Madhya Pradesh,Central,1,507,Card,1
1468,Anoopkumar Gill,Male,28-03-2032,13740,Clothing,18,18-35,Jammu and Kashmir,North,5,1297,COD,2
1821,Ekam Ghosh,Female,29-03-2032,13741,Home,42,36-50,Arunachal Pradesh,East,5,996,COD,2
1999,Dalip Dhami,Male,30-03-2032,13742,Clothing,58,51-65,Himachal Pradesh,North,5,581,Wallet,2
1870,Om Niyogi,Male,31-03-2032,13743,Clothing,33,18-35,Odisha,East,4,653,Card,8
1404,Megha Negi,Female,01-04-2032,13744,Home,43,36-50,Andhra Pradesh,South,5,1186,Wallet,8
1201,Adesh Tomar,Male,02-04-2032,13745,Electronics,22,18-35,West Bengal,East,1,641,Card,10
1037,Aditya Yadav,Male,03-04-2032,13746,Electronics,47,36-50,Tamil Nadu,South,7,597,COD,8
1941,Hitesh Dwivedi,Male,04-04-2032,13747,Beauty,24,18-35,Arunachal Pradesh,East,7,1132,COD,4
1771,Avaneesh Garg,Male,05-04-2032,13748,Home,45,36-50,Andhra Pradesh,South,5,431,Card,8
1187,Ketan Pradhan,Male,06-04-2032,13749,Clothing,21,18-35,West Bengal,East,1,999,COD,7
1056,Aaliya Soni,Female,07-04-2032,13750,Clothing,53,51-65,Uttar Pradesh,North,2,564,Wallet,8
1940,Rajan Patel,Male,08-04-2032,13751,Electronics,31,18-35,Chhattisgarh,Central,7,452,COD,1
1019,Chirag Bohra,Male,09-04-2032,13752,Clothing,48,36-50,Gujarat,West,3,1045,COD,3
1272,Hemendra Narayan,Male,10-04-2032,13753,Clothing,37,36-50,Kerala,South,4,1465,Card,10
1118,Preeti Arya,Female,11-04-2032,13754,Clothing,50,36-50,Tamil Nadu,South,1,511,Card,6
1582,Sanaya Bhatt,Female,12-04-2032,13755,Clothing,45,36-50,Jharkhand,East,7,969,Card,1
1515,Ritu Raghav,Female,13-04-2032,13756,Electronics,31,18-35,Rajasthan,North,7,1315,Wallet,4
1220,Isha Nigam,Female,14-04-2032,13757,Electronics,53,51-65,Rajasthan,North,6,429,COD,9
1525,Aarav Suri,Male,15-04-2032,13758,Beauty,54,51-65,West Bengal,East,2,660,Wallet,7
1514,Milan Gandhi,Female,16-04-2032,13759,Clothing,39,36-50,Goa,West,3,1031,Card,1
1727,Bankim Panwar,Male,17-04-2032,13760,Clothing,59,51-65,Madhya Pradesh,Central,3,1184,COD,6
1740,Teena Verma,Female,18-04-2032,13761,Electronics,32,18-35,Jharkhand,East,3,848,Card,6
1335,Tarini Jaiswal,Female,19-04-2032,13762,Electronics,19,18-35,Punjab,North,1,1211,COD,2
1697,Adarsh Subramanian,Male,20-04-2032,13763,Home,28,18-35,West Bengal,East,2,775,Card,6
1054,Faisal Lal,Male,21-04-2032,13764,Clothing,49,36-50,Delhi,North,5,587,Card,10
1499,Mira Jain,Female,22-04-2032,13765,Clothing,37,36-50,Uttar Pradesh,North,6,1494,COD,2
1899,Aradhana Goyal,Female,23-04-2032,13766,Electronics,40,36-50,Telangana,South,2,880,Card,8
1887,Biren Kaushik,Male,24-04-2032,13767,Home,41,36-50,Puducherry,South,2,1362,COD,7
1765,Sriharsh Arora,Male,25-04-2032,13768,Electronics,22,18-35,Assam,East,7,803,COD,6
1535,Drishti Chandra,Female,26-04-2032,13769,Electronics,22,18-35,Kerala,South,2,705,COD,10
1161,Alankar Modi,Male,27-04-2032,13770,Clothing,49,36-50,Bihar,East,1,635,Wallet,6
1669,Sara Rathore,Female,28-04-2032,13771,Electronics,20,18-35,Uttar Pradesh,North,6,830,Card,9
1593,Satyam Gupta,Male,29-04-2032,13772,Electronics,52,51-65,Odisha,East,1,583,COD,9
1914,Leela Rana,Female,30-04-2032,13773,Clothing,50,36-50,Haryana,North,6,460,Wallet,10
1158,Siddharth Jindal,Male,01-05-2032,13774,Home,18,18-35,Manipur,East,6,752,COD,10
1187,Vidhi Trivedi,Female,02-05-2032,13775,Home,33,18-35,Telangana,South,7,307,Card,2
1059,Prasanna Deshmukh,Male,03-05-2032,13776,Clothing,25,18-35,Jharkhand,East,1,663,Wallet,3
1914,Shaurya Patil,Male,04-05-2032,13777,Electronics,47,36-50,Uttar Pradesh,North,6,385,Card,10
1816,Bhaskar Vohra,Male,05-05-2032,13778,Electronics,42,36-50,Tamil Nadu,South,2,598,Card,7
1318,Bina Shetty,Female,06-05-2032,13779,Beauty,58,51-65,Gujarat,West,1,926,Card,11
1877,Rupali Narang,Female,07-05-2032,13780,Clothing,22,18-35,West Bengal,East,6,1243,Card,10
1210,Himanshu Aggarwal,Male,08-05-2032,13781,Home,41,36-50,Jharkhand,East,3,1190,Card,9
1405,Abeer Saini,Female,09-05-2032,13782,Electronics,44,36-50,Puducherry,South,1,710,Card,6
1663,Nandita Mittal,Female,10-05-2032,13783,Clothing,60,51-65,Kerala,South,7,810,Card,11
1108,Trisha Saxena,Female,11-05-2032,13784,Electronics,46,36-50,West Bengal,East,4,980,Card,1
1075,Karan Tandon,Male,12-05-2032,13785,Clothing,28,18-35,Haryana,North,1,1258,Card,11
1541,Lopa Joshi,Female,13-05-2032,13786,Beauty,39,36-50,Maharashtra,West,1,938,COD,7
1313,Dayanand Sen,Male,14-05-2032,13787,Beauty,34,18-35,Uttar Pradesh,North,1,797,Card,11
1997,Aishwarya Pillai,Female,15-05-2032,13788,Clothing,46,36-50,Gujarat,West,6,853,Card,1
1116,Manav Salvi,Male,16-05-2032,13789,Clothing,19,18-35,West Bengal,East,1,607,Card,5
1926,Bhavik Shukla,Male,17-05-2032,13790,Beauty,54,51-65,Gujarat,West,4,1008,Card,9
1867,Param Bhatia,Male,18-05-2032,13791,Home,60,51-65,Assam,East,5,1023,Card,10
1703,Oviya Dey,Female,19-05-2032,13792,Electronics,45,36-50,Punjab,North,1,1471,Card,11
1018,Dhruv Desai,Male,20-05-2032,13793,Clothing,28,18-35,Uttarakhand,North,3,1122,COD,10
1431,Nitya Khanna,Female,21-05-2032,13794,Electronics,22,18-35,Maharashtra,West,4,312,COD,9
1684,Prashant Jha,Male,22-05-2032,13795,Clothing,43,36-50,Maharashtra,West,5,1174,Wallet,1
1739,Samarth Das,Male,23-05-2032,13796,Clothing,30,18-35,Tamil Nadu,South,6,686,COD,6
1349,Mukul Randhawa,Male,24-05-2032,13797,Clothing,58,51-65,Rajasthan,North,1,970,COD,3
1182,Amar Mohan,Male,25-05-2032,13798,Clothing,54,51-65,Karnataka,South,5,649,Card,9
1112,Shantanu Bhardwaj,Male,26-05-2032,13799,Electronics,35,18-35,Madhya Pradesh,Central,3,1196,COD,3
1182,Dileep Mandal,Male,27-05-2032,13800,Clothing,40,36-50,Uttar Pradesh,North,4,677,Card,2
1480,Pritam Rao,Male,28-05-2032,13801,Home,57,51-65,Sikkim,East,4,539,COD,8
1145,Kirti Choudhary,Female,29-05-2032,13802,Home,42,36-50,Andhra Pradesh,South,6,1280,Card,3
1830,Anurag Khan,Male,30-05-2032,13803,Electronics,19,18-35,Assam,East,6,1129,COD,5
1627,Shania Barman,Female,31-05-2032,13804,Beauty,21,18-35,Ladakh,North,6,1046,Wallet,6
1112,Vishal Rawat,Male,01-06-2032,13805,Beauty,38,36-50,Karnataka,South,5,1482,Wallet,10
1762,Divakar Bansal,Male,02-06-2032,13806,Electronics,34,18-35,Maharashtra,West,1,1124,Card,10
1475,Dushyant Mukherjee,Male,03-06-2032,13807,Electronics,55,51-65,Chhattisgarh,Central,2,617,Card,1
1762,Anand Nanda,Male,04-06-2032,13808,Home,37,36-50,Telangana,South,4,1202,Wallet,7
1302,Sahil Dubey,Male,05-06-2032,13809,Home,33,18-35,Meghalaya,East,2,757,COD,11
1970,Deepika Varma,Female,06-06-2032,13810,Beauty,60,51-65,Tamil Nadu,South,7,525,COD,7
1824,Eesha Kumar,Female,07-06-2032,13811,Beauty,57,51-65,Maharashtra,West,4,1297,COD,5
1117,Pranay Khatri,Male,08-06-2032,13812,Clothing,60,51-65,Uttarakhand,North,6,963,COD,9
1812,Ashwini Basu,Female,09-06-2032,13813,Clothing,56,51-65,Karnataka,South,1,1485,Wallet,11
1160,Baldev Mishra,Male,10-06-2032,13814,Electronics,37,36-50,Delhi,North,1,1151,COD,2
1400,Anika Sahu,Female,11-06-2032,13815,Electronics,34,18-35,Andhra Pradesh,South,4,992,COD,5
1197,Nirbhay Upadhyay,Male,12-06-2032,13816,Clothing,35,18-35,Maharashtra,West,5,1172,COD,2
1259,Shiven Anand,Male,13-06-2032,13817,Clothing,57,51-65,Maharashtra,West,7,538,Wallet,2
1659,Rajat Datt,Male,14-06-2032,13818,Clothing,34,18-35,Punjab,North,6,908,COD,11
1751,Anirban Mahajan,Male,15-06-2032,13819,Home,55,51-65,West Bengal,East,1,1402,COD,9
1046,Simran Zaveri,Female,16-06-2032,13820,Electronics,31,18-35,Jammu and Kashmir,North,7,1484,Wallet,7
1986,Navya Ahuja,Female,17-06-2032,13821,Clothing,52,51-65,Telangana,South,7,792,COD,4
1398,Omkar Vaidya,Male,18-06-2032,13822,Electronics,36,36-50,Tamil Nadu,South,1,899,Card,11
1709,Rajeshwari Tiwari,Female,19-06-2032,13823,Clothing,29,18-35,Himachal Pradesh,North,3,718,COD,8
1558,Hridya Puri,Female,20-06-2032,13824,Home,59,51-65,Maharashtra,West,7,711,COD,11
1077,Sanjana Dahiya,Female,21-06-2032,13825,Home,38,36-50,Jharkhand,East,1,539,Card,11
1123,Ujjwal Solanki,Male,22-06-2032,13826,Beauty,22,18-35,Rajasthan,North,3,776,COD,4
1074,Ridhima Menon,Female,23-06-2032,13827,Electronics,51,51-65,Delhi,North,1,536,COD,1
1870,Onkar Malik,Male,24-06-2032,13828,Clothing,48,36-50,Himachal Pradesh,North,1,961,COD,10
1136,Hemanth Nath,Male,25-06-2032,13829,Electronics,18,18-35,Dadra and Nagar Haveli and Daman and Diu,West,7,1281,COD,3
1601,Parth Kulkarni,Male,26-06-2032,13830,Clothing,20,18-35,Madhya Pradesh,Central,5,1307,COD,10
1399,Advika Reddy,Female,27-06-2032,13831,Beauty,27,18-35,Tamil Nadu,South,5,1184,Wallet,1
1836,Ipsita Chaturvedi,Female,28-06-2032,13832,Home,58,51-65,Telangana,South,6,1389,Card,2
1504,Bhupesh Sehgal,Male,29-06-2032,13833,Beauty,43,36-50,Maharashtra,West,1,831,Card,2
1499,Aisha Nair,Female,30-06-2032,13834,Electronics,23,18-35,Ladakh,North,6,382,Card,7
1572,Kaushal Lala,Male,01-07-2032,13835,Beauty,57,51-65,Gujarat,West,6,521,COD,4
1137,Anamika Kaur,Female,02-07-2032,13836,Electronics,30,18-35,Sikkim,East,6,325,Card,10
1049,Lakshya Tripathi,Female,03-07-2032,13837,Beauty,33,18-35,Maharashtra,West,6,1190,Card,9
1770,Darshan Yogi,Male,04-07-2032,13838,Electronics,49,36-50,Goa,West,4,473,COD,2
1972,Anupama Bisht,Female,05-07-2032,13839,Electronics,35,18-35,Rajasthan,North,7,860,Card,9
1618,Amisha Prasad,Female,06-07-2032,13840,Clothing,49,36-50,Meghalaya,East,7,1414,COD,6
1624,Snehal Bose,Female,07-07-2032,13841,Beauty,56,51-65,Madhya Pradesh,Central,4,1215,COD,10
1861,Srinivas Kapoor,Male,08-07-2032,13842,Electronics,50,36-50,Kerala,South,1,969,COD,8
1253,Eshani Harit,Female,09-07-2032,13843,Clothing,32,18-35,Haryana,North,4,982,Card,7
1629,Agney Banerjee,Male,10-07-2032,13844,Beauty,55,51-65,Tripura,East,1,560,COD,11
1709,Vinay Zaidi,Male,11-07-2032,13845,Clothing,27,18-35,Madhya Pradesh,Central,5,488,Card,8
1848,Mahi Agarwal,Female,12-07-2032,13846,Electronics,44,36-50,Telangana,South,7,1494,Wallet,9
1876,Varsha Samant,Female,13-07-2032,13847,Clothing,55,51-65,Telangana,South,2,749,Wallet,8
1562,Saanvi Tyagi,Female,14-07-2032,13848,Clothing,21,18-35,West Bengal,East,3,867,Card,6
1756,Ajit Pande,Male,15-07-2032,13849,Beauty,28,18-35,Punjab,North,7,923,Card,8
1914,Malini Pandey,Female,16-07-2032,13850,Home,32,18-35,Madhya Pradesh,Central,4,1328,Card,8
1425,Soham Sharma,Male,17-07-2032,13851,Clothing,50,36-50,Arunachal Pradesh,East,4,315,Card,2
1546,Amardeep Khandelwal,Male,18-07-2032,13852,Beauty,44,36-50,Andhra Pradesh,South,5,420,COD,2
1301,Daksh Chauhan,Male,19-07-2032,13853,Clothing,32,18-35,Maharashtra,West,4,802,COD,11
1921,Atul Srivastava,Male,20-07-2032,13854,Electronics,27,18-35,Madhya Pradesh,Central,1,1140,Card,1
1580,Rohit Malhotra,Male,21-07-2032,13855,Electronics,19,18-35,Dadra and Nagar Haveli and Daman and Diu,West,1,454,COD,10
1348,Shriya Dixit,Female,22-07-2032,13856,Clothing,48,36-50,Assam,East,2,1034,Wallet,2
1831,Abhinav Sinha,Male,23-07-2032,13857,Electronics,60,51-65,West Bengal,East,2,1037,COD,7
1932,Varun Dev,Male,24-07-2032,13858,Beauty,49,36-50,Uttar Pradesh,North,7,624,Card,11
1979,Jayesh Somani,Male,25-07-2032,13859,Home,40,36-50,West Bengal,East,2,1452,COD,3
1048,Jagruti Naidu,Female,26-07-2032,13860,Electronics,47,36-50,Himachal Pradesh,North,1,662,COD,4
1916,Ranjan Kashyap,Male,27-07-2032,13861,Clothing,45,36-50,Tripura,East,6,749,Wallet,4
1073,Ayra Parashar,Female,28-07-2032,13862,Home,54,51-65,Tripura,East,6,1257,Card,4
1703,Meera Shah,Female,29-07-2032,13863,Beauty,37,36-50,Uttar Pradesh,North,2,477,Card,2
1260,Neelam Mehta,Female,30-07-2032,13864,Beauty,40,36-50,Maharashtra,West,2,578,COD,11
1355,Alia Gill,Female,31-07-2032,13865,Clothing,46,36-50,Punjab,North,1,1452,COD,6
1581,Ahana Ghosh,Female,01-08-2032,13866,Home,24,18-35,Jharkhand,East,5,814,COD,1
1601,Abhishai Dhami,Male,02-08-2032,13867,Clothing,53,51-65,Punjab,North,7,1212,Card,5
1259,Charu Niyogi,Female,03-08-2032,13868,Clothing,60,51-65,Tamil Nadu,South,4,1431,COD,2
1637,Hrishikesh Negi,Male,04-08-2032,13869,Electronics,24,18-35,Kerala,South,7,451,Card,9
1742,Anugrah Tomar,Male,05-08-2032,13870,Electronics,28,18-35,Maharashtra,West,3,594,Card,2
1294,Lokesh Yadav,Male,06-08-2032,13871,Clothing,55,51-65,Andhra Pradesh,South,6,1050,COD,6
1930,Abhilasha Dwivedi,Female,07-08-2032,13872,Electronics,31,18-35,Karnataka,South,6,1031,Card,4
1640,Noor Garg,Female,08-08-2032,13873,Electronics,25,18-35,Maharashtra,West,1,468,Card,6
1791,Suresh Pradhan,Male,09-08-2032,13874,Home,27,18-35,Bihar,East,7,404,COD,2
1312,Brishti Soni,Female,10-08-2032,13875,Electronics,42,36-50,West Bengal,East,1,1265,COD,2
1611,Amrish Patel,Male,11-08-2032,13876,Clothing,41,36-50,Gujarat,West,3,487,Card,7
1837,Amitabh Bohra,Male,12-08-2032,13877,Clothing,31,18-35,Karnataka,South,7,837,COD,3
1808,Ruchi Narayan,Female,13-08-2032,13878,Beauty,25,18-35,Nagaland,East,3,932,Card,3
1181,Amruta Arya,Female,14-08-2032,13879,Clothing,53,51-65,Manipur,East,2,1393,Card,7
1685,Mamta Bhatt,Female,15-08-2032,13880,Electronics,39,36-50,Rajasthan,North,7,1339,COD,8
1827,Farah Raghav,Female,16-08-2032,13881,Clothing,58,51-65,Uttar Pradesh,North,3,387,Card,7
1363,Sonal Nigam,Female,17-08-2032,13882,Home,39,36-50,Punjab,North,4,846,Wallet,3
1187,Anu Suri,Female,18-08-2032,13883,Beauty,27,18-35,Assam,East,4,473,Card,3
1568,Komal Gandhi,Female,19-08-2032,13884,Clothing,43,36-50,Delhi,North,6,360,COD,7
1542,Achint Panwar,Male,20-08-2032,13885,Electronics,41,36-50,Maharashtra,West,4,1183,Wallet,3
1595,Riddhi Verma,Female,21-08-2032,13886,Beauty,60,51-65,Madhya Pradesh,Central,7,1239,Wallet,2
1663,Bhumika Jaiswal,Female,22-08-2032,13887,Electronics,40,36-50,Gujarat,West,4,1462,Card,7
1984,Shivali Subramanian,Female,23-08-2032,13888,Clothing,21,18-35,Delhi,North,4,755,Wallet,3
1547,Rahul Lal,Male,24-08-2032,13889,Clothing,59,51-65,Uttar Pradesh,North,2,514,Wallet,5
1724,Archana Jain,Female,25-08-2032,13890,Electronics,29,18-35,Rajasthan,North,6,390,Card,7
1925,Tanish Goyal,Male,26-08-2032,13891,Electronics,35,18-35,West Bengal,East,1,553,COD,2
1407,Ajinkya Kaushik,Male,27-08-2032,13892,Electronics,31,18-35,Tamil Nadu,South,6,1233,Card,8
1875,Ranveer Arora,Male,28-08-2032,13893,Home,34,18-35,Odisha,East,6,841,COD,2
1617,Jagdish Chandra,Male,29-08-2032,13894,Beauty,23,18-35,Bihar,East,6,1090,COD,4
1413,Abhisar Modi,Male,30-08-2032,13895,Electronics,39,36-50,Kerala,South,3,1278,Card,4
1341,Mishka Rathore,Female,31-08-2032,13896,Home,19,18-35,Odisha,East,1,762,COD,8
1219,Niharika Gupta,Female,01-09-2032,13897,Electronics,44,36-50,Andhra Pradesh,South,3,439,Card,11
1902,Naresh Rana,Male,02-09-2032,13898,Clothing,28,18-35,Delhi,North,2,1124,Wallet,1
1162,Omesh Jindal,Male,03-09-2032,13899,Electronics,51,51-65,Jharkhand,East,2,1133,Card,9
1950,Kalpana Trivedi,Female,04-09-2032,13900,Beauty,23,18-35,Uttarakhand,North,5,935,COD,6
1219,Jahnavi Deshmukh,Female,05-09-2032,13901,Home,37,36-50,Meghalaya,East,5,597,Card,4
1269,Sachin Patil,Male,06-09-2032,13902,Home,53,51-65,West Bengal,East,2,925,Card,6
1631,Amol Vohra,Male,07-09-2032,13903,Home,58,51-65,Tamil Nadu,South,2,476,COD,6
1905,Adhiraj Shetty,Male,08-09-2032,13904,Clothing,31,18-35,Puducherry,South,3,1028,Card,9
1847,Akanksha Narang,Female,09-09-2032,13905,Beauty,27,18-35,Andhra Pradesh,South,2,997,COD,11
1399,Brijesh Aggarwal,Male,10-09-2032,13906,Home,44,36-50,Jharkhand,East,7,1455,Wallet,4
1181,Radhika Saini,Female,11-09-2032,13907,Beauty,50,36-50,Karnataka,South,1,1356,Card,8
1990,Vishesh Mittal,Male,12-09-2032,13908,Clothing,18,18-35,Uttar Pradesh,North,3,942,Wallet,1
1617,Arham Saxena,Male,13-09-2032,13909,Electronics,25,18-35,Bihar,East,2,1022,Card,6
1728,Inaya Tandon,Female,14-09-2032,13910,Clothing,54,51-65,West Bengal,East,3,338,Card,5
1204,Grishma Joshi,Female,15-09-2032,13911,Electronics,50,36-50,Punjab,North,3,513,Card,3
1581,Dhanesh Sen,Male,16-09-2032,13912,Clothing,55,51-65,Kerala,South,4,962,Wallet,4
1555,Anuj Pillai,Male,17-09-2032,13913,Clothing,57,51-65,Punjab,North,5,427,Card,8
1840,Aakriti Salvi,Female,18-09-2032,13914,Clothing,25,18-35,Maharashtra,West,3,1486,Wallet,11
1812,Abhiraj Shukla,Male,19-09-2032,13915,Electronics,58,51-65,Uttarakhand,North,6,615,Wallet,11
1227,Jhanvi Bhatia,Female,20-09-2032,13916,Electronics,31,18-35,Uttar Pradesh,North,7,881,Card,10
1695,Ruchika Dey,Female,21-09-2032,13917,Clothing,35,18-35,Jharkhand,East,7,1333,COD,11
1618,Vanshika Desai,Female,22-09-2032,13918,Beauty,56,51-65,Karnataka,South,3,1326,COD,2
1595,Amit Khanna,Male,23-09-2032,13919,Clothing,57,51-65,Madhya Pradesh,Central,6,735,Card,8
1849,Sangeeta Jha,Female,24-09-2032,13920,Clothing,48,36-50,Delhi,North,7,590,Card,7
1249,Kajal Das,Female,25-09-2032,13921,Home,59,51-65,Gujarat,West,4,1293,Card,1
1874,Naman Randhawa,Male,26-09-2032,13922,Clothing,30,18-35,Chhattisgarh,Central,2,1296,COD,2
1440,Priya Mohan,Female,27-09-2032,13923,Electronics,43,36-50,Punjab,North,3,810,COD,7
1532,Vidya Bhardwaj,Female,28-09-2032,13924,Clothing,31,18-35,Andaman and Nicobar Islands,South,4,1178,Card,11
1195,Shagun Mandal,Female,29-09-2032,13925,Electronics,55,51-65,Kerala,South,1,595,Card,11
1689,Chitra Rao,Female,30-09-2032,13926,Beauty,60,51-65,Punjab,North,4,625,Wallet,3
1928,Ashish Choudhary,Male,01-10-2032,13927,Electronics,18,18-35,Gujarat,West,5,355,Card,2
1986,Parag Khan,Male,02-10-2032,13928,Clothing,59,51-65,Sikkim,East,5,570,COD,1
1518,Alpa Barman,Female,03-10-2032,13929,Electronics,54,51-65,Jharkhand,East,2,1157,Card,7
1069,Kajalpreet Rawat,Female,04-10-2032,13930,Electronics,34,18-35,Ladakh,North,6,322,Wallet,3
1638,Hemlata Bansal,Female,05-10-2032,13931,Home,54,51-65,Chhattisgarh,Central,2,1146,Wallet,6
1398,Tanuja Mukherjee,Female,06-10-2032,13932,Electronics,47,36-50,Kerala,South,7,1361,Card,10
1977,Avneet Nanda,Female,07-10-2032,13933,Electronics,37,36-50,Puducherry,South,6,560,Card,8
1671,Advik Dubey,Male,08-10-2032,13934,Clothing,18,18-35,Ladakh,North,6,484,COD,6
1759,Amarjeet Varma,Male,09-10-2032,13935,Electronics,20,18-35,Chhattisgarh,Central,6,1266,Card,7
1202,Naveen Saxena,Male,10-10-2032,13936,Electronics,22,18-35,Uttarakhand,North,6,733,Card,11
1147,Puru Tandon,Male,11-10-2032,13937,Home,26,18-35,Rajasthan,North,5,332,COD,6
1471,Arul Joshi,Male,12-10-2032,13938,Home,27,18-35,Gujarat,West,7,1163,Card,7
1654,Priyanka Sen,Female,13-10-2032,13939,Beauty,35,18-35,West Bengal,East,5,565,Card,5
1943,Advait Pillai,Male,14-10-2032,13940,Beauty,50,36-50,West Bengal,East,3,466,COD,9
1198,Zara Salvi,Female,15-10-2032,13941,Home,39,36-50,Odisha,East,7,571,COD,3
1916,Abhinay Shukla,Male,16-10-2032,13942,Electronics,59,51-65,Bihar,East,5,976,Card,6
1425,Tapasya Bhatia,Female,17-10-2032,13943,Home,25,18-35,Meghalaya,East,2,1170,COD,9
1665,Shefali Dey,Female,18-10-2032,13944,Home,19,18-35,Karnataka,South,5,1121,COD,1
1491,Sumedha Desai,Female,19-10-2032,13945,Home,45,36-50,Jharkhand,East,7,369,COD,5
1887,Kairav Khanna,Male,20-10-2032,13946,Clothing,23,18-35,Madhya Pradesh,Central,7,880,Card,4
1895,Pradeep Jha,Male,21-10-2032,13947,Electronics,38,36-50,Karnataka,South,2,1065,Card,9
1141,Sohail Das,Male,22-10-2032,13948,Home,18,18-35,Uttar Pradesh,North,1,872,Wallet,11
1312,Shiv Randhawa,Male,23-10-2032,13949,Home,19,18-35,Punjab,North,7,847,Wallet,11
1164,Yuvika Mohan,Female,24-10-2032,13950,Beauty,46,36-50,Chhattisgarh,Central,5,1369,COD,1
1313,Ojasvi Bhardwaj,Female,25-10-2032,13951,Electronics,39,36-50,Assam,East,2,480,Card,4
1020,Kavita Mandal,Female,26-10-2032,13952,Electronics,27,18-35,Maharashtra,West,6,1136,COD,1
1081,Bhuvan Rao,Male,27-10-2032,13953,Electronics,28,18-35,Kerala,South,7,334,Wallet,3
1580,Shrikant Choudhary,Male,28-10-2032,13954,Home,27,18-35,Chhattisgarh,Central,4,1035,Card,4
1130,Dakshesh Khan,Male,29-10-2032,13955,Electronics,54,51-65,West Bengal,East,6,1353,Card,1
1598,Divya Barman,Female,30-10-2032,13956,Electronics,31,18-35,Rajasthan,North,3,944,COD,5
1729,Devendra Rawat,Male,31-10-2032,13957,Beauty,25,18-35,Assam,East,7,407,Wallet,6
1932,Jai Bansal,Male,01-11-2032,13958,Electronics,20,18-35,Madhya Pradesh,Central,2,454,Card,1
1983,Alisha Mukherjee,Female,02-11-2032,13959,Home,58,51-65,West Bengal,East,6,1042,COD,10
1304,Chudamani Nanda,Male,03-11-2032,13960,Clothing,34,18-35,Assam,East,5,1155,COD,11
1914,Prithvi Dubey,Male,04-11-2032,13961,Home,60,51-65,Uttar Pradesh,North,5,1017,COD,10
1370,Rajendra Varma,Male,05-11-2032,13962,Clothing,18,18-35,Uttar Pradesh,North,7,715,COD,4
1856,Manisha Kumar,Female,06-11-2032,13963,Beauty,54,51-65,Goa,West,1,941,COD,4
1852,Rakhi Khatri,Female,07-11-2032,13964,Beauty,18,18-35,Nagaland,East,4,885,Card,1
1383,Ayush Basu,Male,08-11-2032,13965,Electronics,46,36-50,Karnataka,South,7,1204,Card,2
1907,Kamal Mishra,Male,09-11-2032,13966,Electronics,58,51-65,Karnataka,South,2,567,COD,11
1444,Himesh Sahu,Male,10-11-2032,13967,Electronics,51,51-65,Odisha,East,6,1477,Card,10
1424,Devyani Upadhyay,Female,11-11-2032,13968,Home,46,36-50,Ladakh,North,4,795,COD,5
1160,Prabhat Anand,Male,12-11-2032,13969,Beauty,23,18-35,Punjab,North,1,1397,COD,2
1177,Harleen Datt,Female,13-11-2032,13970,Clothing,59,51-65,West Bengal,East,7,1268,Card,3
1628,Kiran Mahajan,Female,14-11-2032,13971,Clothing,46,36-50,West Bengal,East,3,903,COD,9
1707,Aparna Zaveri,Female,15-11-2032,13972,Electronics,52,51-65,Uttar Pradesh,North,4,981,COD,5
1894,Mukesh Ahuja,Male,16-11-2032,13973,Home,49,36-50,Rajasthan,North,1,786,Card,1
1489,Nitin Vaidya,Male,17-11-2032,13974,Beauty,55,51-65,Punjab,North,7,977,COD,5
1326,Dhananjay Tiwari,Male,18-11-2032,13975,Electronics,29,18-35,Tamil Nadu,South,7,427,Wallet,3
1597,Bimal Puri,Male,19-11-2032,13976,Clothing,54,51-65,West Bengal,East,2,1214,Card,1
1288,Gajendra Dahiya,Male,20-11-2032,13977,Electronics,42,36-50,Haryana,North,7,1148,COD,3
1592,Nand Solanki,Male,21-11-2032,13978,Clothing,47,36-50,Maharashtra,West,3,1356,Card,11
1663,Sarika Menon,Female,22-11-2032,13979,Clothing,24,18-35,Rajasthan,North,7,1193,Card,6
1572,Shilpa Malik,Female,23-11-2032,13980,Electronics,48,36-50,Meghalaya,East,5,1349,Card,10
1572,Nakul Nath,Male,24-11-2032,13981,Clothing,28,18-35,Manipur,East,1,1019,COD,5
1353,Ankit Kulkarni,Male,25-11-2032,13982,Electronics,54,51-65,Madhya Pradesh,Central,5,655,Card,1
1027,Muskan Reddy,Female,26-11-2032,13983,Clothing,21,18-35,Uttar Pradesh,North,7,748,Card,11
1953,Anant Chaturvedi,Male,27-11-2032,13984,Clothing,26,18-35,Chhattisgarh,Central,3,704,COD,2
1042,Gyan Sehgal,Male,28-11-2032,13985,Electronics,45,36-50,Maharashtra,West,1,1245,Card,5
1680,Nivedita Nair,Female,29-11-2032,13986,Home,25,18-35,Telangana,South,1,1175,Card,9
1422,Vinita Lala,Female,30-11-2032,13987,Home,28,18-35,Sikkim,East,7,1392,Card,11
1597,Akshay Kaur,Male,01-12-2032,13988,Clothing,57,51-65,Kerala,South,3,769,Card,5
1176,Gopal Tripathi,Male,02-12-2032,13989,Electronics,24,18-35,Tamil Nadu,South,2,1340,COD,5
1528,Aaryan Yogi,Male,03-12-2032,13990,Home,57,51-65,Telangana,South,1,849,Card,1
1609,Lopamudra Bisht,Female,04-12-2032,13991,Beauty,43,36-50,Assam,East,3,1119,Card,5
1965,Aishani Prasad,Female,05-12-2032,13992,Electronics,54,51-65,Kerala,South,4,482,Wallet,8
1493,Ashita Bose,Female,06-12-2032,13993,Electronics,53,51-65,Kerala,South,5,558,Wallet,9
1197,Arijit Kapoor,Male,07-12-2032,13994,Electronics,42,36-50,Gujarat,West,1,338,Wallet,10
1609,Aarti Harit,Female,08-12-2032,13995,Clothing,47,36-50,Kerala,South,4,826,Wallet,3
1576,Bhagat Banerjee,Male,09-12-2032,13996,Electronics,60,51-65,Nagaland,East,1,1205,COD,4
1841,Vasudha Zaidi,Female,10-12-2032,13997,Clothing,60,51-65,Madhya Pradesh,Central,2,401,COD,7
1852,Bipin Agarwal,Male,11-12-2032,13998,Home,21,18-35,Gujarat,West,7,1133,COD,7
1516,Sukanya Samant,Female,12-12-2032,13999,Clothing,53,51-65,Rajasthan,North,3,1469,COD,1
1513,Anil Tyagi,Male,13-12-2032,14000,Clothing,20,18-35,Jharkhand,East,1,404,COD,11
1021,Advaith Pande,Male,14-12-2032,14001,Clothing,24,18-35,Jharkhand,East,3,1029,Card,6
1111,Deepak Pandey,Male,15-12-2032,14002,Clothing,29,18-35,Madhya Pradesh,Central,6,639,Wallet,9
1056,Firoz Sharma,Male,16-12-2032,14003,Electronics,60,51-65,Telangana,South,1,525,COD,5
1065,Harshit Khandelwal,Male,17-12-2032,14004,Electronics,19,18-35,Gujarat,West,2,1208,Wallet,8
1841,Raveena Chauhan,Female,18-12-2032,14005,Beauty,45,36-50,Tamil Nadu,South,2,798,Card,11
1097,Deepa Srivastava,Female,19-12-2032,14006,Electronics,51,51-65,West Bengal,East,7,764,Card,10
1143,Jaya Malhotra,Female,20-12-2032,14007,Home,28,18-35,Maharashtra,West,7,372,Card,11
1879,Harit Dixit,Male,21-12-2032,14008,Beauty,50,36-50,Kerala,South,4,1234,COD,9
1434,Ramesh Sinha,Male,22-12-2032,14009,Electronics,40,36-50,Telangana,South,2,777,Card,10
1636,Sunaina Dev,Female,23-12-2032,14010,Clothing,26,18-35,Rajasthan,North,3,614,Card,10
1678,Rajesh Somani,Male,24-12-2032,14011,Clothing,23,18-35,Himachal Pradesh,North,6,601,Card,3
1085,Mohini Naidu,Female,25-12-2032,14012,Beauty,32,18-35,Delhi,North,2,445,Card,1
1587,Vaidehi Kashyap,Female,26-12-2032,14013,Beauty,43,36-50,Uttar Pradesh,North,1,1355,COD,2
1343,Prachi Parashar,Female,27-12-2032,14014,Home,23,18-35,Nagaland,East,2,445,Wallet,5
1935,Tejaswini Shah,Female,28-12-2032,14015,Electronics,34,18-35,Karnataka,South,6,603,Card,10
1293,Asmita Mehta,Female,29-12-2032,14016,Home,31,18-35,Haryana,North,3,779,COD,7
1955,Aahan Gill,Female,30-12-2032,14017,Clothing,59,51-65,Punjab,North,1,432,Card,11
1570,Darpan Ghosh,Male,31-12-2032,14018,Clothing,40,36-50,Telangana,South,4,400,Card,6
1649,Anshul Dhami,Male,01-01-2033,14019,Electronics,41,36-50,Karnataka,South,4,692,COD,4
1610,Charita Niyogi,Female,02-01-2033,14020,Electronics,23,18-35,Uttar Pradesh,North,4,775,COD,9
1703,Sonia Negi,Female,03-01-2033,14021,Home,25,18-35,Karnataka,South,7,1089,Wallet,11
1242,Badrinath Tomar,Male,04-01-2033,14022,Clothing,57,51-65,Kerala,South,1,531,COD,4
1830,Maitreyi Yadav,Female,05-01-2033,14023,Electronics,46,36-50,Rajasthan,North,4,668,Wallet,3
1560,Falguni Dwivedi,Female,06-01-2033,14024,Clothing,26,18-35,Tamil Nadu,South,7,1249,Card,11
1959,Ojas Garg,Male,07-01-2033,14025,Beauty,19,18-35,Andhra Pradesh,South,2,644,Card,5
1031,Sunita Pradhan,Female,08-01-2033,14026,Home,42,36-50,Punjab,North,1,451,Card,4
1390,Varad Soni,Male,09-01-2033,14027,Electronics,44,36-50,Rajasthan,North,1,629,COD,2
1276,Lisha Patel,Female,10-01-2033,14028,Electronics,26,18-35,Tamil Nadu,South,1,926,Card,3
1531,Avyukt Bohra,Male,11-01-2033,14029,Electronics,59,51-65,Gujarat,West,5,821,Card,7
1153,Mandeep Narayan,Male,12-01-2033,14030,Beauty,54,51-65,Kerala,South,7,1100,COD,2
1382,Zaid Arya,Male,13-01-2033,14031,Clothing,23,18-35,Andhra Pradesh,South,3,1486,Card,1
1067,Devesh Bhatt,Male,14-01-2033,14032,Clothing,53,51-65,Maharashtra,West,5,1293,Card,2
1877,Divyansh Raghav,Male,15-01-2033,14033,Clothing,39,36-50,Bihar,East,5,984,Card,8
1883,Aaradhya Nigam,Female,16-01-2033,14034,Clothing,19,18-35,Telangana,South,5,335,Card,8
1213,Pavitra Suri,Female,17-01-2033,14035,Home,58,51-65,Uttar Pradesh,North,3,747,COD,10
1654,Ajay Gandhi,Male,18-01-2033,14036,Clothing,28,18-35,Goa,West,5,1429,COD,2
1375,Jignesh Panwar,Male,19-01-2033,14037,Electronics,35,18-35,Manipur,East,4,469,Card,6
1743,Joy Verma,Male,20-01-2033,14038,Electronics,53,51-65,Andhra Pradesh,South,1,931,Card,11
1212,Pragati Jaiswal,Female,21-01-2033,14039,Clothing,37,36-50,Karnataka,South,1,379,Wallet,11
1078,Milind Subramanian,Male,22-01-2033,14040,Beauty,18,18-35,Odisha,East,7,1257,COD,11
1725,Hriday Lal,Male,23-01-2033,14041,Electronics,37,36-50,Haryana,North,2,1300,COD,7
1627,Keerthi Jain,Female,24-01-2033,14042,Beauty,23,18-35,Uttar Pradesh,North,6,712,COD,1
1603,Jayant Goyal,Male,25-01-2033,14043,Home,51,51-65,Uttar Pradesh,North,4,972,Card,7
1781,Abhimanyu Kaushik,Male,26-01-2033,14044,Electronics,55,51-65,West Bengal,East,3,797,Wallet,11
1922,Madhavi Arora,Female,27-01-2033,14045,Electronics,40,36-50,Sikkim,East,6,753,COD,8
1380,Vinod Chandra,Male,28-01-2033,14046,Electronics,59,51-65,Assam,East,1,943,Card,9
1679,Krishnav Modi,Male,29-01-2033,14047,Home,52,51-65,Assam,East,5,1205,Card,8
1057,Harish Rathore,Male,30-01-2033,14048,Electronics,39,36-50,Odisha,East,7,716,Card,3
1795,Payal Gupta,Female,31-01-2033,14049,Clothing,38,36-50,Karnataka,South,7,667,Card,8
1025,Sakshi Rana,Female,01-02-2033,14050,Clothing,27,18-35,Uttar Pradesh,North,2,1070,Wallet,3
1880,Heena Jindal,Female,02-02-2033,14051,Home,40,36-50,Tamil Nadu,South,2,1253,Wallet,6
1446,Rajveer Trivedi,Male,03-02-2033,14052,Electronics,57,51-65,Madhya Pradesh,Central,1,1044,Card,4
1065,Jasmine Deshmukh,Female,04-02-2033,14053,Clothing,44,36-50,West Bengal,East,4,1086,Card,7
1920,Nisha Patil,Female,05-02-2033,14054,Clothing,43,36-50,Kerala,South,7,954,COD,8
1759,Arjun Vohra,Male,06-02-2033,14055,Clothing,43,36-50,West Bengal,East,6,869,Card,10
1253,Vini Shetty,Female,07-02-2033,14056,Home,42,36-50,Telangana,South,2,423,COD,6
1898,Anish Narang,Male,08-02-2033,14057,Electronics,39,36-50,Puducherry,South,1,753,COD,10
1967,Indrani Aggarwal,Female,09-02-2033,14058,Home,35,18-35,Gujarat,West,4,751,COD,4
1043,Abhimaan Saini,Male,10-02-2033,14059,Home,54,51-65,Haryana,North,1,654,COD,8
1096,Parnika Mittal,Female,11-02-2033,14060,Clothing,36,36-50,Rajasthan,North,1,745,COD,7
1553,Khushi Saxena,Female,12-02-2033,14061,Home,32,18-35,Telangana,South,4,1121,Wallet,10
1226,Sharmila Tandon,Female,13-02-2033,14062,Clothing,22,18-35,Punjab,North,4,1293,Card,8
1773,Aaditya Joshi,Male,14-02-2033,14063,Electronics,27,18-35,Tamil Nadu,South,4,327,Wallet,10
1678,Ankita Sen,Female,15-02-2033,14064,Home,50,36-50,Mizoram,East,1,734,Card,7
1435,Janki Pillai,Female,16-02-2033,14065,Clothing,45,36-50,Arunachal Pradesh,East,2,1369,Card,3
1790,Vedika Salvi,Female,17-02-2033,14066,Clothing,46,36-50,Madhya Pradesh,Central,3,1055,Card,3
1600,Hansa Shukla,Female,18-02-2033,14067,Electronics,43,36-50,Andhra Pradesh,South,3,776,COD,9
1378,Harendra Bhatia,Male,19-02-2033,14068,Beauty,49,36-50,Andaman and Nicobar Islands,South,1,1025,Card,7
1177,Ahalya Dey,Female,20-02-2033,14069,Clothing,39,36-50,Maharashtra,West,1,1475,Wallet,1
1426,Neha Desai,Female,21-02-2033,14070,Electronics,53,51-65,Bihar,East,2,602,COD,3
1914,Lalit Khanna,Male,22-02-2033,14071,Clothing,25,18-35,Rajasthan,North,4,1363,Card,11
1708,Gurleen Jha,Female,23-02-2033,14072,Home,40,36-50,Jammu and Kashmir,North,1,547,COD,1
1306,Ekansh Das,Male,24-02-2033,14073,Home,20,18-35,Maharashtra,West,7,1205,Wallet,6
1778,Sarita Randhawa,Female,25-02-2033,14074,Clothing,25,18-35,Ladakh,North,5,1309,COD,2
1503,Jasmin Mohan,Female,26-02-2033,14075,Beauty,26,18-35,Andhra Pradesh,South,4,384,Card,7
1267,Swati Bhardwaj,Female,27-02-2033,14076,Electronics,60,51-65,Rajasthan,North,7,1252,Wallet,8
1585,Sharad Mandal,Male,28-02-2033,14077,Clothing,47,36-50,Andhra Pradesh,South,1,1491,COD,6
1007,Saloni Rao,Female,01-03-2033,14078,Beauty,39,36-50,Tamil Nadu,South,5,585,Card,5
1919,Anshika Choudhary,Female,02-03-2033,14079,Beauty,43,36-50,Rajasthan,North,7,906,Card,10
1507,Simranjit Khan,Male,03-03-2033,14080,Home,47,36-50,Haryana,North,6,1216,COD,4
1475,Anay Barman,Male,04-03-2033,14081,Beauty,52,51-65,Uttar Pradesh,North,2,600,Wallet,9
1296,Renuka Rawat,Female,05-03-2033,14082,Electronics,59,51-65,Puducherry,South,5,387,Card,8
1163,Lipika Bansal,Female,06-03-2033,14083,Beauty,24,18-35,Andhra Pradesh,South,1,371,Card,5
1484,Vibha Mukherjee,Female,07-03-2033,14084,Electronics,29,18-35,Uttar Pradesh,North,3,1372,Wallet,1
1596,Suman Nanda,Female,08-03-2033,14085,Electronics,37,36-50,Rajasthan,North,7,396,Card,8
1071,Tejendra Dubey,Male,09-03-2033,14086,Electronics,29,18-35,Haryana,North,1,1112,Wallet,8
1566,Lavanya Varma,Female,10-03-2033,14087,Clothing,47,36-50,Madhya Pradesh,Central,3,330,Card,7
1904,Reena Kumar,Female,11-03-2033,14088,Electronics,19,18-35,Manipur,East,2,573,COD,7
1558,Sonali Khatri,Female,12-03-2033,14089,Electronics,46,36-50,Maharashtra,West,2,1430,Card,8
1910,Abhijit Basu,Male,13-03-2033,14090,Electronics,45,36-50,West Bengal,East,4,497,Wallet,1
1943,Ijaz Mishra,Male,14-03-2033,14091,Electronics,38,36-50,Punjab,North,7,440,COD,3
1237,Neeraj Sahu,Male,15-03-2033,14092,Clothing,49,36-50,Maharashtra,West,4,1486,Wallet,4
1103,Gaurav Upadhyay,Male,16-03-2033,14093,Clothing,24,18-35,Tamil Nadu,South,3,537,COD,11
1209,Sameer Anand,Male,17-03-2033,14094,Electronics,50,36-50,Punjab,North,3,764,Card,6
1553,Shikha Datt,Female,18-03-2033,14095,Home,20,18-35,Andhra Pradesh,South,2,895,Card,10
1827,Falak Mahajan,Female,19-03-2033,14096,Beauty,28,18-35,Kerala,South,5,700,COD,10
1467,Arushi Zaveri,Female,20-03-2033,14097,Home,60,51-65,Karnataka,South,3,482,COD,9
1453,Ram Ahuja,Male,21-03-2033,14098,Electronics,48,36-50,Maharashtra,West,3,1137,Wallet,4
1267,Rajshree Vaidya,Female,22-03-2033,14099,Home,22,18-35,Telangana,South,7,758,Card,6
1385,Deependra Tiwari,Male,23-03-2033,14100,Electronics,54,51-65,Tamil Nadu,South,5,1157,COD,9
1774,Kishan Puri,Male,24-03-2033,14101,Electronics,30,18-35,Telangana,South,4,1069,Wallet,9
1847,Aayushi Dahiya,Female,25-03-2033,14102,Electronics,59,51-65,Kerala,South,4,1373,Card,6
1386,Akarsh Solanki,Male,26-03-2033,14103,Home,19,18-35,Andhra Pradesh,South,3,778,Wallet,5
1876,Lovish Menon,Male,27-03-2033,14104,Electronics,35,18-35,Uttar Pradesh,North,7,1188,Card,3
1258,Bhupendra Malik,Male,28-03-2033,14105,Electronics,46,36-50,Rajasthan,North,4,1152,COD,5
1282,Chaitali Nath,Female,29-03-2033,14106,Electronics,47,36-50,Chhattisgarh,Central,4,528,Card,3
1625,Tanay Kulkarni,Female,30-03-2033,14107,Beauty,59,51-65,Gujarat,West,6,1418,Card,5
1874,Prakash Reddy,Male,31-03-2033,14108,Clothing,31,18-35,Ladakh,North,7,629,Card,10
1039,Anubhav Chaturvedi,Male,01-04-2033,14109,Electronics,58,51-65,Tripura,East,4,509,Wallet,10
1485,Sparsh Sehgal,Male,02-04-2033,14110,Clothing,58,51-65,Punjab,North,2,464,Wallet,1
1928,Inder Nair,Male,03-04-2033,14111,Clothing,51,51-65,Uttar Pradesh,North,1,1028,Card,6
1219,Sneha Lala,Female,04-04-2033,14112,Home,38,36-50,Maharashtra,West,3,893,Wallet,7
1128,Ishwar Kaur,Male,05-04-2033,14113,Electronics,59,51-65,Uttar Pradesh,North,3,885,COD,2
1519,Gautam Tripathi,Male,06-04-2033,14114,Beauty,53,51-65,Chhattisgarh,Central,2,563,Wallet,3
1612,Prarthana Yogi,Female,07-04-2033,14115,Electronics,46,36-50,Maharashtra,West,1,340,Card,10
1927,Madhuri Bisht,Female,08-04-2033,14116,Home,33,18-35,Bihar,East,1,1461,Card,9
1891,Himani Prasad,Female,09-04-2033,14117,Electronics,53,51-65,Gujarat,West,2,1495,COD,8
1687,Akhilraj Bose,Male,10-04-2033,14118,Clothing,22,18-35,Gujarat,West,5,593,Card,4
1618,Mahesh Kapoor,Male,11-04-2033,14119,Clothing,45,36-50,Sikkim,East,5,1375,COD,11
1612,Gagan Harit,Male,12-04-2033,14120,Clothing,26,18-35,Delhi,North,1,753,Card,8
1259,Manpreet Banerjee,Female,13-04-2033,14121,Electronics,47,36-50,Nagaland,East,5,854,Card,11
1989,Gia Zaidi,Female,14-04-2033,14122,Home,26,18-35,Madhya Pradesh,Central,5,1389,Card,8
1965,Iqra Agarwal,Female,15-04-2033,14123,Electronics,28,18-35,Gujarat,West,5,1417,Wallet,6
1365,Disha Samant,Female,16-04-2033,14124,Home,28,18-35,Chhattisgarh,Central,1,1140,Card,1
1757,Anmol Tyagi,Female,17-04-2033,14125,Home,24,18-35,Tripura,East,5,907,Card,2
1786,Raman Pande,Male,18-04-2033,14126,Clothing,24,18-35,Gujarat,West,3,926,COD,4
1543,Anagha Pandey,Female,19-04-2033,14127,Home,48,36-50,Andhra Pradesh,South,6,525,COD,4
1648,Riya Sharma,Female,20-04-2033,14128,Home,33,18-35,West Bengal,East,1,1480,COD,2
1523,Aasif Khandelwal,Female,21-04-2033,14129,Clothing,20,18-35,Maharashtra,West,2,1142,COD,9
1906,Shrishti Chauhan,Female,22-04-2033,14130,Home,32,18-35,Odisha,East,5,1096,Card,2
1813,Ambuj Srivastava,Male,23-04-2033,14131,Electronics,35,18-35,Assam,East,4,1458,Card,6
1886,Aravind Malhotra,Male,24-04-2033,14132,Clothing,60,51-65,Tamil Nadu,South,1,1156,COD,5
1015,Dinesh Dixit,Male,25-04-2033,14133,Home,32,18-35,West Bengal,East,7,1441,Wallet,4
1128,Vineet Sinha,Male,26-04-2033,14134,Clothing,43,36-50,Bihar,East,2,1477,COD,6
1574,Savita Dev,Female,27-04-2033,14135,Electronics,56,51-65,Bihar,East,6,1232,Card,4
1108,Koyal Somani,Female,28-04-2033,14136,Clothing,45,36-50,Karnataka,South,3,472,Card,9
1886,Akshit Naidu,Male,29-04-2033,14137,Home,34,18-35,Assam,East,7,1214,Card,11
1532,Vaishali Kashyap,Female,30-04-2033,14138,Beauty,59,51-65,West Bengal,East,2,1088,COD,10
1669,Kushal Parashar,Male,01-05-2033,14139,Clothing,29,18-35,Jharkhand,East,5,992,Card,7
1268,Shlok Shah,Male,02-05-2033,14140,Home,43,36-50,Maharashtra,West,4,1128,Card,3
1161,Madhav Mehta,Male,03-05-2033,14141,Beauty,59,51-65,Maharashtra,West,5,964,Card,10
1259,Gayatri Gill,Female,04-05-2033,14142,Electronics,31,18-35,Delhi,North,2,351,COD,4
1923,Apurv Ghosh,Male,05-05-2033,14143,Electronics,44,36-50,Chhattisgarh,Central,1,767,Card,1
1101,Dheeraj Dhami,Male,06-05-2033,14144,Home,35,18-35,Odisha,East,7,1416,COD,6
1505,Vihan Niyogi,Female,07-05-2033,14145,Home,34,18-35,Telangana,South,4,694,COD,2
1734,Karthik Negi,Male,08-05-2033,14146,Beauty,36,36-50,Odisha,East,7,731,Card,4
1570,Kusum Tomar,Female,09-05-2033,14147,Clothing,32,18-35,Maharashtra,West,7,371,COD,5
1246,Abhayank Yadav,Male,10-05-2033,14148,Electronics,51,51-65,Andhra Pradesh,South,4,343,Card,8
1639,Hargun Dwivedi,Female,11-05-2033,14149,Clothing,36,36-50,Maharashtra,West,2,792,Card,3
1794,Aadi Garg,Female,12-05-2033,14150,Electronics,33,18-35,Dadra and Nagar Haveli and Daman and Diu,West,6,1408,COD,6
1836,Mohit Pradhan,Male,13-05-2033,14151,Electronics,24,18-35,Bihar,East,6,746,COD,1
1536,Lata Soni,Female,14-05-2033,14152,Home,21,18-35,Uttar Pradesh,North,5,316,COD,9
1130,Sushant Patel,Male,15-05-2033,14153,Electronics,20,18-35,Haryana,North,2,608,COD,1
1352,Javed Bohra,Male,16-05-2033,14154,Home,51,51-65,Madhya Pradesh,Central,4,1492,Wallet,2
1195,Vivek Narayan,Male,17-05-2033,14155,Clothing,40,36-50,Maharashtra,West,2,1334,Card,1
1792,Manoj Arya,Male,18-05-2033,14156,Clothing,36,36-50,Delhi,North,4,1342,COD,8
1915,Alka Bhatt,Female,19-05-2033,14157,Electronics,60,51-65,Jharkhand,East,7,1130,COD,4
1929,Chitransh Raghav,Male,20-05-2033,14158,Electronics,49,36-50,Uttar Pradesh,North,5,1272,Card,2
1665,Bhoomi Nigam,Female,21-05-2033,14159,Electronics,35,18-35,Tamil Nadu,South,1,1074,Card,7
1381,Prabhjot Suri,Female,22-05-2033,14160,Beauty,60,51-65,Karnataka,South,7,377,COD,8
1644,Manvi Gandhi,Female,23-05-2033,14161,Home,24,18-35,Tamil Nadu,South,1,581,Card,9
1226,Laxman Panwar,Male,24-05-2033,14162,Clothing,51,51-65,West Bengal,East,2,538,Card,5
1700,Bijay Verma,Male,25-05-2033,14163,Electronics,50,36-50,Karnataka,South,4,1125,COD,3
1475,Mansi Jaiswal,Female,26-05-2033,14164,Beauty,26,18-35,Karnataka,South,1,595,Wallet,1
1476,Abhijeet Subramanian,Male,27-05-2033,14165,Electronics,34,18-35,Andhra Pradesh,South,7,1047,Wallet,8
1264,Tanvi Lal,Female,28-05-2033,14166,Electronics,29,18-35,Telangana,South,4,967,Card,6
1371,Saroja Jain,Female,29-05-2033,14167,Clothing,37,36-50,Chhattisgarh,Central,5,550,COD,5
1485,Kavya Goyal,Female,30-05-2033,14168,Beauty,47,36-50,Chhattisgarh,Central,7,567,Card,7
1433,Sonam Kaushik,Female,31-05-2033,14169,Electronics,23,18-35,Gujarat,West,2,1336,Card,5
1645,Akhilesh Arora,Male,01-06-2033,14170,Electronics,53,51-65,Punjab,North,4,402,COD,11
1210,Krishnakant Chandra,Male,02-06-2033,14171,Beauty,41,36-50,Karnataka,South,2,1484,Card,4
1571,Nishita Modi,Female,03-06-2033,14172,Electronics,46,36-50,Maharashtra,West,4,620,Card,5
1939,Anuraj Rathore,Male,04-06-2033,14173,Electronics,25,18-35,Karnataka,South,7,487,Wallet,11
1376,Ratnesh Gupta,Male,05-06-2033,14174,Clothing,24,18-35,Karnataka,South,6,620,Wallet,7
1394,Aadhya Rana,Female,06-06-2033,14175,Beauty,50,36-50,Maharashtra,West,6,673,COD,11
1449,Juhi Jindal,Female,07-06-2033,14176,Clothing,51,51-65,Uttar Pradesh,North,4,679,Wallet,6
1942,Samaira Trivedi,Female,08-06-2033,14177,Beauty,31,18-35,Karnataka,South,5,771,COD,10
1363,Krisha Deshmukh,Female,09-06-2033,14178,Home,49,36-50,Meghalaya,East,2,1341,Card,10
1875,Srikar Patil,Male,10-06-2033,14179,Electronics,19,18-35,Telangana,South,3,899,COD,11
1456,Deep Vohra,Female,11-06-2033,14180,Beauty,52,51-65,Odisha,East,4,1139,Card,9
1724,Iqbal Shetty,Male,12-06-2033,14181,Clothing,40,36-50,Himachal Pradesh,North,4,1077,Card,10
1727,Vikas Narang,Male,13-06-2033,14182,Electronics,37,36-50,Tamil Nadu,South,6,1160,Wallet,2
1225,Atreya Aggarwal,Male,14-06-2033,14183,Clothing,36,36-50,Bihar,East,1,1127,COD,7
1981,Kailash Saini,Male,15-06-2033,14184,Electronics,19,18-35,Maharashtra,West,7,1223,Card,1
1130,Ambar Mittal,Male,16-06-2033,14185,Electronics,45,36-50,Uttarakhand,North,6,846,Card,8
1587,Tanuj Saxena,Male,17-06-2033,14186,Electronics,18,18-35,Maharashtra,West,2,1429,Card,4
1475,Jogendra Tandon,Male,18-06-2033,14187,Clothing,33,18-35,Chhattisgarh,Central,6,338,Wallet,8
1797,Rupesh Joshi,Male,19-06-2033,14188,Home,36,36-50,Andaman and Nicobar Islands,South,3,338,COD,8
1985,Aniket Sen,Male,20-06-2033,14189,Clothing,20,18-35,Assam,East,5,981,COD,4
1276,Abhiraaj Pillai,Male,21-06-2033,14190,Beauty,28,18-35,Bihar,East,7,843,COD,4
1155,Kalyan Salvi,Male,22-06-2033,14191,Electronics,30,18-35,Chhattisgarh,Central,3,312,COD,5
1759,Ishani Shukla,Female,23-06-2033,14192,Electronics,30,18-35,Maharashtra,West,5,434,COD,7
1217,Abhayanand Bhatia,Male,24-06-2033,14193,Electronics,35,18-35,Karnataka,South,3,827,COD,6
1189,Kripal Dey,Male,25-06-2033,14194,Electronics,39,36-50,Andhra Pradesh,South,7,1038,Wallet,1
1416,Ishan Desai,Male,26-06-2033,14195,Electronics,56,51-65,Rajasthan,North,6,564,Wallet,6
1980,Binita Khanna,Female,27-06-2033,14196,Home,32,18-35,Jammu and Kashmir,North,3,755,Wallet,3
1674,Naina Jha,Female,28-06-2033,14197,Beauty,31,18-35,Chhattisgarh,Central,6,1093,COD,9
1691,Supriya Das,Female,29-06-2033,14198,Beauty,56,51-65,Bihar,East,7,1179,Wallet,3
1545,Utkarsh Randhawa,Male,30-06-2033,14199,Electronics,23,18-35,Odisha,East,6,569,Card,9
1040,Urmila Mohan,Female,01-07-2033,14200,Beauty,51,51-65,Tamil Nadu,South,2,1308,Wallet,5
1306,Ishika Bhardwaj,Female,02-07-2033,14201,Electronics,50,36-50,Madhya Pradesh,Central,6,1342,Wallet,10
1942,Shivani Mandal,Female,03-07-2033,14202,Electronics,43,36-50,Sikkim,East,1,731,Wallet,8
1337,Diganth Rao,Male,04-07-2033,14203,Beauty,37,36-50,Telangana,South,3,1135,Wallet,9
1313,Ashok Choudhary,Male,05-07-2033,14204,Clothing,42,36-50,Assam,East,7,860,Card,9
1074,Sunil Khan,Male,06-07-2033,14205,Electronics,50,36-50,Bihar,East,4,312,Card,7
1952,Avika Barman,Female,07-07-2033,14206,Clothing,51,51-65,Uttar Pradesh,North,4,1383,Card,10
1278,Jitendra Rawat,Male,08-07-2033,14207,Electronics,24,18-35,Assam,East,4,1353,COD,1
1175,Purav Bansal,Male,09-07-2033,14208,Home,51,51-65,West Bengal,East,7,899,Card,8
1895,Ishaan Mukherjee,Male,10-07-2033,14209,Clothing,33,18-35,Telangana,South,1,527,COD,7
1661,Sanat Nanda,Male,11-07-2033,14210,Beauty,48,36-50,Punjab,North,6,1281,COD,4
1272,Vishakha Dubey,Female,12-07-2033,14211,Electronics,26,18-35,Uttar Pradesh,North,3,551,COD,6
1836,Bharat Varma,Male,13-07-2033,14212,Clothing,31,18-35,Andaman and Nicobar Islands,South,5,874,Wallet,10
1619,Nandan Kumar,Male,14-07-2033,14213,Clothing,41,36-50,Telangana,South,5,951,COD,2
1650,Navneet Khatri,Male,15-07-2033,14214,Clothing,28,18-35,Delhi,North,7,865,COD,4
1861,Yogesh Basu,Male,16-07-2033,14215,Electronics,38,36-50,Gujarat,West,2,338,COD,8
1782,Shivam Mishra,Male,17-07-2033,14216,Home,21,18-35,Punjab,North,1,1260,Wallet,4
1858,Rakesh Sahu,Male,18-07-2033,14217,Beauty,56,51-65,Uttar Pradesh,North,3,724,Card,10
1930,Pranavi Upadhyay,Female,19-07-2033,14218,Beauty,29,18-35,Punjab,North,6,560,Card,4
1288,Dev Anand,Female,20-07-2033,14219,Home,25,18-35,Gujarat,West,4,980,Wallet,4
1723,Roshni Datt,Female,21-07-2033,14220,Beauty,50,36-50,Tamil Nadu,South,1,1353,COD,10
1892,Geetika Mahajan,Female,22-07-2033,14221,Clothing,33,18-35,Jharkhand,East,1,1320,COD,9
1271,Rani Zaveri,Female,23-07-2033,14222,Home,56,51-65,Jammu and Kashmir,North,3,844,COD,11
1929,Farhan Ahuja,Male,24-07-2033,14223,Electronics,59,51-65,Delhi,North,7,437,Card,2
1065,Amey Vaidya,Male,25-07-2033,14224,Clothing,36,36-50,Madhya Pradesh,Central,6,1470,COD,7
1482,Eshita Tiwari,Female,26-07-2033,14225,Electronics,19,18-35,Dadra and Nagar Haveli and Daman and Diu,West,7,813,Card,3
1935,Shambhavi Puri,Female,27-07-2033,14226,Clothing,39,36-50,West Bengal,East,7,1011,COD,4
1247,Avinash Dahiya,Male,28-07-2033,14227,Electronics,51,51-65,Maharashtra,West,2,1329,COD,1
1155,Manas Solanki,Male,29-07-2033,14228,Beauty,24,18-35,Dadra and Nagar Haveli and Daman and Diu,West,7,1420,COD,3
1046,Niraj Menon,Male,30-07-2033,14229,Electronics,37,36-50,Andhra Pradesh,South,6,1389,COD,2
1934,Pushkar Malik,Male,31-07-2033,14230,Electronics,50,36-50,Telangana,South,2,1359,Wallet,10
1453,Saumya Nath,Female,01-08-2033,14231,Clothing,39,36-50,Arunachal Pradesh,East,2,1163,COD,7
1200,Harsh Kulkarni,Male,02-08-2033,14232,Electronics,32,18-35,West Bengal,East,4,1376,Wallet,6
1659,Purnima Reddy,Female,03-08-2033,14233,Electronics,49,36-50,Haryana,North,4,331,COD,1
1123,Jeevan Chaturvedi,Male,04-08-2033,14234,Electronics,21,18-35,Karnataka,South,3,857,COD,11
1000,Harsha Sehgal,Female,05-08-2033,14235,Clothing,55,51-65,Ladakh,North,6,356,Card,8
1967,Navjot Nair,Female,06-08-2033,14236,Clothing,49,36-50,Tamil Nadu,South,7,1133,Card,9
1758,Ganesh Lala,Male,07-08-2033,14237,Home,48,36-50,Punjab,North,2,734,COD,1
1854,Mayank Kaur,Male,08-08-2033,14238,Home,37,36-50,Haryana,North,3,1150,Card,5
1639,Dhanashree Tripathi,Female,09-08-2033,14239,Clothing,28,18-35,Telangana,South,2,328,COD,7
1190,Mridula Yogi,Female,10-08-2033,14240,Electronics,38,36-50,Maharashtra,West,1,668,COD,2
1578,Rudraksh Bisht,Male,11-08-2033,14241,Electronics,51,51-65,Uttar Pradesh,North,5,1286,Wallet,6
1515,Tarun Prasad,Male,12-08-2033,14242,Home,55,51-65,Delhi,North,5,1299,Wallet,8
1441,Jyoti Bose,Female,13-08-2033,14243,Electronics,42,36-50,Jammu and Kashmir,North,2,616,Card,8
1920,Adwait Kapoor,Male,14-08-2033,14244,Electronics,48,36-50,West Bengal,East,3,792,Card,10
1814,Swapnil Harit,Male,15-08-2033,14245,Home,45,36-50,Maharashtra,West,4,734,COD,10
1805,Pavi Banerjee,Female,16-08-2033,14246,Clothing,42,36-50,Tamil Nadu,South,6,1322,Card,8
1142,Shrey Zaidi,Male,17-08-2033,14247,Electronics,22,18-35,Nagaland,East,2,368,Card,6
1190,Jay Agarwal,Male,18-08-2033,14248,Electronics,34,18-35,Karnataka,South,2,1051,Wallet,6
1532,Uday Samant,Female,19-08-2033,14249,Beauty,35,18-35,Gujarat,West,6,588,Wallet,11
1226,Indrajit Tyagi,Male,20-08-2033,14250,Beauty,53,51-65,Andhra Pradesh,South,7,560,COD,3
1312,Satish Pande,Male,21-08-2033,14251,Home,43,36-50,Punjab,North,4,775,COD,2
1628,Jaideep Pandey,Male,22-08-2033,14252,Clothing,24,18-35,Telangana,South,2,388,Card,5
1948,Sarvesh Sharma,Male,23-08-2033,14253,Clothing,19,18-35,Maharashtra,West,1,844,COD,9
1301,Paras Khandelwal,Male,24-08-2033,14254,Beauty,24,18-35,Jammu and Kashmir,North,4,1020,COD,4
1653,Krishna Chauhan,Female,25-08-2033,14255,Beauty,31,18-35,Chhattisgarh,Central,1,401,COD,5
1995,Chhavi Srivastava,Female,26-08-2033,14256,Electronics,35,18-35,Jharkhand,East,5,950,Card,6
1459,Yuvraj Malhotra,Male,27-08-2033,14257,Home,26,18-35,Tamil Nadu,South,6,334,Wallet,11
1400,Rudra Dixit,Male,28-08-2033,14258,Electronics,32,18-35,Madhya Pradesh,Central,4,1187,COD,6
1550,Anisha Sinha,Female,29-08-2033,14259,Electronics,55,51-65,West Bengal,East,7,1014,COD,4
1392,Bhanu Dev,Male,30-08-2033,14260,Home,23,18-35,Tamil Nadu,South,4,1005,Wallet,4
1866,Yashika Somani,Female,31-08-2033,14261,Clothing,20,18-35,West Bengal,East,3,1437,Card,8
1763,Hina Naidu,Female,01-09-2033,14262,Beauty,40,36-50,Uttar Pradesh,North,3,1450,Card,5
1844,Rekha Kashyap,Female,02-09-2033,14263,Electronics,28,18-35,Assam,East,6,915,Wallet,11
1206,Raghavendra Parashar,Male,03-09-2033,14264,Clothing,24,18-35,Maharashtra,West,7,945,Wallet,5
1209,Karishma Shah,Female,04-09-2033,14265,Beauty,28,18-35,Rajasthan,North,4,472,COD,9
1114,Ravindra Mehta,Male,05-09-2033,14266,Beauty,49,36-50,Maharashtra,West,5,437,Card,4
1736,Nityanand Gill,Male,06-09-2033,14267,Electronics,18,18-35,Odisha,East,7,950,COD,7
1645,Anagh Ghosh,Male,07-09-2033,14268,Clothing,51,51-65,Karnataka,South,2,391,Card,5
1250,Arpita Dhami,Female,08-09-2033,14269,Clothing,40,36-50,Maharashtra,West,6,956,COD,9
1218,Chetan Niyogi,Male,09-09-2033,14270,Electronics,45,36-50,Uttarakhand,North,7,1128,Card,8
1406,Jayanti Negi,Female,10-09-2033,14271,Beauty,26,18-35,Delhi,North,6,991,Wallet,8
1442,Jeevika Tomar,Female,11-09-2033,14272,Beauty,29,18-35,Maharashtra,West,7,999,COD,10
1602,Geeta Yadav,Female,12-09-2033,14273,Electronics,51,51-65,Gujarat,West,3,1293,Wallet,10
1353,Roshan Dwivedi,Male,13-09-2033,14274,Electronics,31,18-35,Madhya Pradesh,Central,5,1384,Card,3
1887,Sahej Garg,Female,14-09-2033,14275,Electronics,22,18-35,West Bengal,East,6,1141,Card,9
1557,Yashwant Pradhan,Male,15-09-2033,14276,Beauty,33,18-35,Jammu and Kashmir,North,5,630,Wallet,8
1549,Bibek Soni,Male,16-09-2033,14277,Electronics,37,36-50,Madhya Pradesh,Central,6,1114,Card,3
1141,Sagar Patel,Male,17-09-2033,14278,Clothing,37,36-50,Rajasthan,North,3,1067,COD,10
1611,Harini Bohra,Female,18-09-2033,14279,Clothing,51,51-65,Bihar,East,2,610,Card,1
1500,Puneet Narayan,Male,19-09-2033,14280,Clothing,35,18-35,Uttar Pradesh,North,3,623,COD,5
1839,Buddhadev Arya,Male,20-09-2033,14281,Electronics,34,18-35,Bihar,East,6,753,Card,4
1701,Gunjan Bhatt,Female,21-09-2033,14282,Electronics,25,18-35,Tamil Nadu,South,5,506,Card,8
1546,Mihir Raghav,Male,22-09-2033,14283,Beauty,30,18-35,Nagaland,East,1,1229,COD,6
1658,Girija Nigam,Female,23-09-2033,14284,Beauty,26,18-35,Maharashtra,West,3,913,Card,10
1541,Viraj Suri,Male,24-09-2033,14285,Home,40,36-50,Tamil Nadu,South,5,1381,Card,5
1845,Durga Gandhi,Female,25-09-2033,14286,Electronics,46,36-50,Rajasthan,North,7,574,COD,9
1506,Lakhan Panwar,Male,26-09-2033,14287,Electronics,21,18-35,Delhi,North,7,824,COD,6
1595,Damini Verma,Female,27-09-2033,14288,Clothing,44,36-50,Rajasthan,North,3,812,Card,11
1880,Ashmita Jaiswal,Female,28-09-2033,14289,Electronics,19,18-35,Punjab,North,6,920,COD,11
1280,Lekha Subramanian,Female,29-09-2033,14290,Beauty,50,36-50,Bihar,East,7,546,Wallet,11
1423,Poorva Lal,Female,30-09-2033,14291,Clothing,28,18-35,Telangana,South,5,789,Card,11
1855,Pallavi Jain,Female,01-10-2033,14292,Electronics,34,18-35,Maharashtra,West,2,778,COD,3
1269,Kartik Goyal,Male,02-10-2033,14293,Beauty,46,36-50,Andhra Pradesh,South,5,574,COD,6
1153,Alok Kaushik,Male,03-10-2033,14294,Beauty,20,18-35,Uttar Pradesh,North,7,1163,Card,11
1613,Lina Arora,Female,04-10-2033,14295,Electronics,52,51-65,Nagaland,East,7,1358,Card,4
1726,Govind Chandra,Male,05-10-2033,14296,Clothing,32,18-35,Punjab,North,4,827,COD,5
1661,Bodh Modi,Male,06-10-2033,14297,Electronics,59,51-65,Maharashtra,West,1,1276,COD,6
1943,Kabir Rathore,Male,07-10-2033,14298,Clothing,20,18-35,Chhattisgarh,Central,6,1074,Card,9
1082,Oorja Gupta,Female,08-10-2033,14299,Electronics,51,51-65,Delhi,North,5,1005,Wallet,3
1621,Aniruddha Rana,Male,09-10-2033,14300,Clothing,49,36-50,Gujarat,West,7,987,COD,1
1946,Anvi Jindal,Female,10-10-2033,14301,Beauty,27,18-35,Puducherry,South,6,748,Card,2
1898,Prateek Trivedi,Male,11-10-2033,14302,Clothing,22,18-35,Tamil Nadu,South,3,804,COD,8
1425,Suhani Deshmukh,Female,12-10-2033,14303,Electronics,42,36-50,West Bengal,East,3,989,Wallet,4
1274,Mehak Patil,Female,13-10-2033,14304,Clothing,29,18-35,Telangana,South,5,690,Card,7
1712,Ishita Vohra,Female,14-10-2033,14305,Electronics,60,51-65,West Bengal,East,4,1400,COD,2
1283,Vishnu Shetty,Male,15-10-2033,14306,Beauty,42,36-50,Himachal Pradesh,North,7,1394,COD,11
1979,Raghav Narang,Male,16-10-2033,14307,Clothing,29,18-35,Madhya Pradesh,Central,5,1272,Card,10
1172,Abha Aggarwal,Female,17-10-2033,14308,Electronics,59,51-65,Delhi,North,2,731,Card,8
1326,Shalini Saini,Female,18-10-2033,14309,Electronics,28,18-35,Odisha,East,4,1370,Card,10
1717,Sharvani Mittal,Female,19-10-2033,14310,Home,23,18-35,Uttar Pradesh,North,7,1237,Card,9
1062,Anirudh Saxena,Male,20-10-2033,14311,Electronics,59,51-65,Andaman and Nicobar Islands,South,7,933,Card,7
1072,Eshwar Tandon,Male,21-10-2033,14312,Home,28,18-35,Uttar Pradesh,North,6,1083,Wallet,10
1762,Amarnath Joshi,Male,22-10-2033,14313,Electronics,35,18-35,Tripura,East,5,892,Wallet,11
1635,Jasleen Sen,Female,23-10-2033,14314,Electronics,18,18-35,Rajasthan,North,7,516,Card,1
1374,Bhavana Pillai,Female,24-10-2033,14315,Clothing,50,36-50,Karnataka,South,6,1140,Card,2
1632,Sanchita Salvi,Female,25-10-2033,14316,Beauty,34,18-35,West Bengal,East,7,1311,Card,9
1507,Basant Shukla,Male,26-10-2033,14317,Beauty,26,18-35,Telangana,South,1,496,Card,10
1786,Abhyuday Bhatia,Male,27-10-2033,14318,Electronics,52,51-65,Himachal Pradesh,North,4,1139,Card,7
1942,Anuradha Dey,Female,28-10-2033,14319,Clothing,53,51-65,Sikkim,East,5,1302,Card,11
1397,Siya Desai,Female,29-10-2033,14320,Electronics,39,36-50,Himachal Pradesh,North,1,781,Wallet,3
1119,Eklavya Khanna,Male,30-10-2033,14321,Clothing,18,18-35,Delhi,North,5,937,Card,5
1933,Arnav Jha,Male,31-10-2033,14322,Clothing,45,36-50,Himachal Pradesh,North,2,1028,COD,1
1436,Yami Das,Female,01-11-2033,14323,Beauty,21,18-35,Andhra Pradesh,South,3,546,Card,10
1828,Ayana Randhawa,Female,02-11-2033,14324,Beauty,34,18-35,Odisha,East,6,625,Card,3
1675,Indira Mohan,Female,03-11-2033,14325,Clothing,56,51-65,Uttarakhand,North,5,1371,Wallet,11
1935,Hemant Bhardwaj,Male,04-11-2033,14326,Clothing,37,36-50,Madhya Pradesh,Central,4,637,Card,4
1464,Antara Mandal,Female,05-11-2033,14327,Beauty,30,18-35,Odisha,East,5,1330,Wallet,4
1285,Nirav Rao,Male,06-11-2033,14328,Home,38,36-50,Rajasthan,North,5,868,Card,7
1264,Sandeep Choudhary,Male,07-11-2033,14329,Electronics,36,36-50,Bihar,East,5,924,COD,5
1319,Mahendra Khan,Male,08-11-2033,14330,Electronics,49,36-50,Assam,East,7,1373,Wallet,9
1672,Virat Barman,Male,09-11-2033,14331,Clothing,59,51-65,Jharkhand,East,5,750,Card,7
1375,Jitesh Rawat,Male,10-11-2033,14332,Electronics,49,36-50,Tamil Nadu,South,7,437,Card,2
1819,Rajni Bansal,Female,11-11-2033,14333,Electronics,26,18-35,West Bengal,East,4,983,COD,11
1088,Kishori Mukherjee,Female,12-11-2033,14334,Electronics,31,18-35,Jharkhand,East,4,908,Card,11
1653,Vedant Nanda,Male,13-11-2033,14335,Clothing,46,36-50,Andhra Pradesh,South,5,1197,COD,8
1202,Ritesh Dubey,Male,14-11-2033,14336,Electronics,36,36-50,Uttar Pradesh,North,7,1144,Card,11
1820,Anandhan Varma,Male,15-11-2033,14337,Electronics,39,36-50,Uttar Pradesh,North,3,1270,Card,2
1738,Aman Kumar,Female,16-11-2033,14338,Electronics,30,18-35,Madhya Pradesh,Central,5,1315,Card,7
1954,Abhinandan Khatri,Male,17-11-2033,14339,Home,51,51-65,Gujarat,West,6,1367,Wallet,5
1333,Jahan Basu,Female,18-11-2033,14340,Beauty,32,18-35,Maharashtra,West,6,1403,Card,10
1221,Barkha Mishra,Female,19-11-2033,14341,Clothing,34,18-35,Uttar Pradesh,North,4,1391,Card,6
1040,Aadesh Sahu,Male,20-11-2033,14342,Clothing,23,18-35,Bihar,East,6,1357,COD,11
1707,Aditiya Upadhyay,Male,21-11-2033,14343,Beauty,59,51-65,Maharashtra,West,6,1152,Card,4
1067,Sarthak Anand,Male,22-11-2033,14344,Electronics,60,51-65,Punjab,North,2,619,Card,5
1987,Suraj Datt,Male,23-11-2033,14345,Electronics,28,18-35,Jharkhand,East,5,810,Card,5
1775,Arya Mahajan,Female,24-11-2033,14346,Electronics,60,51-65,Andhra Pradesh,South,5,1275,COD,7
1513,Ronak Zaveri,Male,25-11-2033,14347,Electronics,51,51-65,Uttar Pradesh,North,5,726,COD,11
1872,Bishal Ahuja,Male,26-11-2033,14348,Clothing,47,36-50,Maharashtra,West,5,928,Card,4
1636,Rina Vaidya,Female,27-11-2033,14349,Beauty,60,51-65,Rajasthan,North,1,405,Card,5
1621,Aditi Tiwari,Female,28-11-2033,14350,Clothing,42,36-50,Tamil Nadu,South,5,552,COD,4
1597,Chiranjeev Puri,Male,29-11-2033,14351,Clothing,18,18-35,Goa,West,7,1237,COD,4
1936,Arpit Dahiya,Male,30-11-2033,14352,Beauty,24,18-35,Bihar,East,4,807,Card,8
1631,Srishti Solanki,Female,01-12-2033,14353,Electronics,26,18-35,Delhi,North,7,1387,Card,11
1126,Sana Menon,Female,02-12-2033,14354,Electronics,35,18-35,Jharkhand,East,4,1282,Card,5
1254,Monika Malik,Female,03-12-2033,14355,Clothing,37,36-50,Maharashtra,West,1,1483,COD,9
1694,Anushka Nath,Female,04-12-2033,14356,Clothing,39,36-50,Uttar Pradesh,North,5,1244,Wallet,5
1015,Devika Kulkarni,Female,05-12-2033,14357,Electronics,48,36-50,Tamil Nadu,South,3,1403,Card,8
1476,Arindam Reddy,Male,06-12-2033,14358,Clothing,38,36-50,Maharashtra,West,7,1116,Card,3
1061,Vikash Chaturvedi,Male,07-12-2033,14359,Clothing,23,18-35,Karnataka,South,5,411,Card,7
1880,Shubham Sehgal,Male,08-12-2033,14360,Home,54,51-65,Uttar Pradesh,North,4,367,Card,1
1431,Tejas Nair,Female,09-12-2033,14361,Clothing,44,36-50,Chhattisgarh,Central,7,709,Card,5
1669,Harshita Lala,Female,10-12-2033,14362,Electronics,20,18-35,Kerala,South,2,1271,Wallet,2
1267,Binay Kaur,Male,11-12-2033,14363,Electronics,31,18-35,Rajasthan,North,6,472,Card,8
1034,Bhakti Tripathi,Female,12-12-2033,14364,Clothing,33,18-35,Tripura,East,2,1383,COD,6
1778,Bhargav Yogi,Male,13-12-2033,14365,Electronics,25,18-35,West Bengal,East,3,1070,Card,5
1575,Prem Bisht,Male,14-12-2033,14366,Beauty,26,18-35,Jharkhand,East,5,1140,Wallet,3
1493,Gokul Prasad,Male,15-12-2033,14367,Clothing,51,51-65,Jharkhand,East,1,772,COD,1
1561,Ananya Bose,Female,16-12-2033,14368,Electronics,43,36-50,Punjab,North,5,961,Card,10
1468,Ashwin Kapoor,Male,17-12-2033,14369,Home,25,18-35,West Bengal,East,3,622,Wallet,10
1766,Pooja Harit,Female,18-12-2033,14370,Clothing,23,18-35,Punjab,North,3,321,Card,10
1660,Bhavin Banerjee,Male,19-12-2033,14371,Electronics,45,36-50,Karnataka,South,6,1461,COD,11
1324,Akhil Zaidi,Male,20-12-2033,14372,Home,38,36-50,Odisha,East,3,454,Wallet,10
1303,Reet Agarwal,Female,21-12-2033,14373,Beauty,37,36-50,Maharashtra,West,2,728,Card,8
1275,Avantika Samant,Female,22-12-2033,14374,Home,56,51-65,Uttar Pradesh,North,6,364,COD,11
1868,Kriti Tyagi,Female,23-12-2033,14375,Electronics,56,51-65,Punjab,North,5,508,Wallet,5
1962,Pratik Pande,Male,24-12-2033,14376,Clothing,21,18-35,Rajasthan,North,7,501,Wallet,9
1683,Aruna Pandey,Female,25-12-2033,14377,Home,18,18-35,West Bengal,East,5,1009,COD,11
1928,Damodar Sharma,Male,26-12-2033,14378,Electronics,22,18-35,Karnataka,South,1,1013,Card,7
1200,Balwant Khandelwal,Male,27-12-2033,14379,Electronics,30,18-35,Madhya Pradesh,Central,3,587,COD,1
1444,Ravi Chauhan,Male,28-12-2033,14380,Beauty,26,18-35,Andhra Pradesh,South,3,1479,COD,11
1904,Swara Srivastava,Female,29-12-2033,14381,Electronics,41,36-50,Odisha,East,4,778,COD,1
1323,Punit Malhotra,Male,30-12-2033,14382,Home,41,36-50,Kerala,South,6,382,Wallet,7
1034,Aseem Dixit,Female,31-12-2033,14383,Clothing,40,36-50,West Bengal,East,4,1134,Card,11
1976,Tejal Sinha,Female,01-01-2034,14384,Clothing,44,36-50,Telangana,South,6,1032,Card,7
1481,Manju Dev,Female,02-01-2034,14385,Electronics,37,36-50,Odisha,East,2,300,COD,9
1727,Abhay Somani,Male,03-01-2034,14386,Home,55,51-65,Rajasthan,North,6,328,Wallet,2
1479,Hansika Naidu,Female,04-01-2034,14387,Clothing,35,18-35,Tamil Nadu,South,5,538,COD,7
1064,Sandhya Kashyap,Female,05-01-2034,14388,Clothing,60,51-65,Punjab,North,1,1102,Wallet,2
1007,Sai Parashar,Male,06-01-2034,14389,Home,59,51-65,Punjab,North,7,580,Wallet,10
1300,Brinda Shah,Female,07-01-2034,14390,Home,21,18-35,West Bengal,East,6,1440,Wallet,10
1342,Kunal Mehta,Male,08-01-2034,14391,Beauty,19,18-35,Tamil Nadu,South,6,742,Wallet,2
1430,Samiksha Gill,Female,09-01-2034,14392,Clothing,50,36-50,Andhra Pradesh,South,6,415,Wallet,5
1423,Prema Ghosh,Female,10-01-2034,14393,Clothing,34,18-35,Odisha,East,1,670,Wallet,9
1331,Rishabh Dhami,Male,11-01-2034,14394,Beauty,40,36-50,Uttar Pradesh,North,3,1481,COD,9
1437,Diya Niyogi,Female,12-01-2034,14395,Clothing,53,51-65,Uttar Pradesh,North,1,1458,Card,10
1587,Bhavesh Negi,Male,13-01-2034,14396,Electronics,59,51-65,Telangana,South,3,708,Card,1
1173,Ibrahim Tomar,Male,14-01-2034,14397,Electronics,28,18-35,Karnataka,South,7,1149,Card,11
1558,Shruti Yadav,Female,15-01-2034,14398,Home,18,18-35,Uttarakhand,North,5,758,Card,7
1526,Rashmi Dwivedi,Female,16-01-2034,14399,Clothing,43,36-50,Bihar,East,1,1391,Card,10
1872,Dilip Garg,Male,17-01-2034,14400,Home,29,18-35,West Bengal,East,3,1479,Wallet,10
1658,Palak Pradhan,Female,18-01-2034,14401,Clothing,28,18-35,Bihar,East,5,1133,COD,3
1025,Ashima Soni,Female,19-01-2034,14402,Electronics,23,18-35,Gujarat,West,5,686,Card,10
1819,Deepali Patel,Female,20-01-2034,14403,Clothing,28,18-35,Telangana,South,3,1126,COD,10
1604,Akshara Bohra,Female,21-01-2034,14404,Electronics,54,51-65,Kerala,South,3,453,COD,1
1405,Siddhant Narayan,Male,22-01-2034,14405,Clothing,20,18-35,Odisha,East,2,434,Card,2
1231,Sujata Arya,Female,23-01-2034,14406,Clothing,50,36-50,Odisha,East,5,1167,Wallet,6
1532,Kesar Bhatt,Female,24-01-2034,14407,Clothing,20,18-35,Karnataka,South,3,995,Card,10
1818,Kanupriya Raghav,Female,25-01-2034,14408,Home,32,18-35,Tamil Nadu,South,5,1398,COD,2
1549,Minal Nigam,Female,26-01-2034,14409,Home,53,51-65,Maharashtra,West,1,1259,Card,2
1787,Zoya Suri,Female,27-01-2034,14410,Home,49,36-50,Chhattisgarh,Central,7,956,COD,4
1504,Trilok Gandhi,Male,28-01-2034,14411,Electronics,37,36-50,Uttarakhand,North,4,1428,Wallet,3
1668,Indranil Panwar,Male,29-01-2034,14412,Electronics,50,36-50,Punjab,North,4,1302,Card,8
1178,Hiral Verma,Female,30-01-2034,14413,Clothing,18,18-35,Kerala,South,6,752,Wallet,8
1131,Abhrajit Jaiswal,Male,31-01-2034,14414,Beauty,27,18-35,Maharashtra,West,3,1267,Card,6
1822,Danish Subramanian,Male,01-02-2034,14415,Home,36,36-50,Uttar Pradesh,North,3,741,COD,4
1454,Anshuman Lal,Male,02-02-2034,14416,Home,33,18-35,Jharkhand,East,5,769,Wallet,7
1347,Harsheen Jain,Female,03-02-2034,14417,Electronics,28,18-35,Rajasthan,North,6,927,Wallet,9
1539,Jatin Goyal,Male,04-02-2034,14418,Clothing,49,36-50,Assam,East,3,1485,Card,2
1771,Sumit Kaushik,Male,05-02-2034,14419,Clothing,60,51-65,Andhra Pradesh,South,5,309,Card,6
1405,Ahan Arora,Male,06-02-2034,14420,Electronics,33,18-35,Rajasthan,North,3,559,COD,7
1075,Rachana Chandra,Female,07-02-2034,14421,Electronics,48,36-50,Jharkhand,East,5,1178,Card,1
1940,Samar Modi,Male,08-02-2034,14422,Beauty,56,51-65,Haryana,North,3,1092,COD,6
1578,Rohini Rathore,Female,09-02-2034,14423,Electronics,42,36-50,Andhra Pradesh,South,2,1365,COD,8
1853,Bhavika Gupta,Female,10-02-2034,14424,Electronics,59,51-65,Andhra Pradesh,South,7,506,COD,7
1491,Kamini Rana,Female,11-02-2034,14425,Electronics,42,36-50,Uttar Pradesh,North,5,1106,Card,2
1193,Ashutosh Jindal,Male,12-02-2034,14426,Beauty,38,36-50,Tripura,East,7,1215,COD,2
1983,Roma Trivedi,Female,13-02-2034,14427,Clothing,18,18-35,Chhattisgarh,Central,2,988,Wallet,4
1161,Anoop Deshmukh,Male,14-02-2034,14428,Home,25,18-35,Ladakh,North,2,1309,COD,5
1346,Mohan Patil,Male,15-02-2034,14429,Beauty,26,18-35,Chhattisgarh,Central,2,918,COD,5
1950,Manan Vohra,Female,16-02-2034,14430,Electronics,36,36-50,Karnataka,South,2,701,Card,11
1360,Abhiram Shetty,Male,17-02-2034,14431,Clothing,52,51-65,Karnataka,South,1,594,Card,2
1768,Girish Narang,Male,18-02-2034,14432,Electronics,39,36-50,Rajasthan,North,7,974,Card,7
1583,Vishwas Aggarwal,Male,19-02-2034,14433,Electronics,37,36-50,Kerala,South,6,788,COD,8
1086,Hema Saini,Female,20-02-2034,14434,Home,32,18-35,Delhi,North,7,1104,Card,2
1933,Sourav Mittal,Male,21-02-2034,14435,Home,48,36-50,Assam,East,4,497,COD,4
1261,Abhishek Saxena,Male,22-02-2034,14436,Clothing,41,36-50,Uttar Pradesh,North,1,1168,COD,11
1213,Arhaan Tandon,Male,23-02-2034,14437,Clothing,49,36-50,Mizoram,East,3,1440,COD,11
1664,Rohan Joshi,Female,24-02-2034,14438,Clothing,54,51-65,Madhya Pradesh,Central,3,1476,Card,3
1721,Aakash Sen,Male,25-02-2034,14439,Electronics,52,51-65,Kerala,South,6,1498,COD,4
1912,Aanya Pillai,Female,26-02-2034,14440,Electronics,32,18-35,Delhi,North,4,1473,COD,5
1572,Irfan Salvi,Male,27-02-2034,14441,Electronics,31,18-35,Gujarat,West,4,1375,Card,6
1779,Rishi Shukla,Male,28-02-2034,14442,Electronics,44,36-50,Gujarat,West,4,696,Card,2
1261,Eesh Bhatia,Male,01-03-2034,14443,Home,50,36-50,Rajasthan,North,2,1391,COD,10
1729,Bani Dey,Female,02-03-2034,14444,Electronics,19,18-35,Haryana,North,1,983,Card,6
1282,Surabhi Desai,Female,03-03-2034,14445,Electronics,38,36-50,Andhra Pradesh,South,3,1107,Card,9
1647,Manish Khanna,Male,04-03-2034,14446,Clothing,22,18-35,Odisha,East,1,349,Card,11
1466,Anup Jha,Male,05-03-2034,14447,Beauty,26,18-35,Maharashtra,West,1,1227,Card,8
1379,Ekta Das,Female,06-03-2034,14448,Electronics,51,51-65,Ladakh,North,1,921,Wallet,1
1361,Lipi Randhawa,Female,07-03-2034,14449,Electronics,19,18-35,West Bengal,East,4,598,COD,9
1448,Tanya Mohan,Female,08-03-2034,14450,Clothing,57,51-65,Rajasthan,North,6,685,COD,11
1440,Nutan Bhardwaj,Female,09-03-2034,14451,Home,25,18-35,Tamil Nadu,South,6,991,Wallet,10
1092,Achal Mandal,Male,10-03-2034,14452,Clothing,48,36-50,Kerala,South,4,448,COD,11
1620,Nikhil Rao,Male,11-03-2034,14453,Home,25,18-35,Tamil Nadu,South,3,1242,COD,2
1752,Ranjana Choudhary,Female,12-03-2034,14454,Beauty,20,18-35,Ladakh,North,3,1210,Card,11
1866,Agastya Khan,Male,13-03-2034,14455,Home,48,36-50,Gujarat,West,3,725,COD,1
1423,Ratan Barman,Male,14-03-2034,14456,Clothing,32,18-35,West Bengal,East,6,540,Card,6
1141,Soumya Rawat,Female,15-03-2034,14457,Clothing,43,36-50,Jharkhand,East,6,1235,Card,1
1290,Raj Bansal,Male,16-03-2034,14458,Electronics,51,51-65,Madhya Pradesh,Central,1,1137,Card,6
1431,Rhea Mukherjee,Female,17-03-2034,14459,Beauty,46,36-50,Uttar Pradesh,North,4,1283,Card,2
1748,Parul Nanda,Female,18-03-2034,14460,Clothing,37,36-50,Maharashtra,West,2,1462,Card,11
1851,Sampath Dubey,Male,19-03-2034,14461,Electronics,24,18-35,Kerala,South,1,782,Card,7
1823,Avni Varma,Female,20-03-2034,14462,Home,27,18-35,Uttar Pradesh,North,5,528,Wallet,7
1688,Aarna Kumar,Female,21-03-2034,14463,Electronics,40,36-50,Uttar Pradesh,North,6,905,Card,4
1652,Malavika Khatri,Female,22-03-2034,14464,Clothing,27,18-35,Delhi,North,1,918,Wallet,2
1700,Aastha Basu,Female,23-03-2034,14465,Clothing,40,36-50,Jammu and Kashmir,North,4,1498,COD,11
1997,Pankhuri Mishra,Female,24-03-2034,14466,Clothing,18,18-35,West Bengal,East,5,1111,COD,7
1048,Avinandan Sahu,Male,25-03-2034,14467,Home,34,18-35,Andaman and Nicobar Islands,South,7,1499,Card,1
1301,Adit Upadhyay,Male,26-03-2034,14468,Electronics,42,36-50,Madhya Pradesh,Central,1,1030,Wallet,11
1880,Tulika Anand,Female,27-03-2034,14469,Clothing,38,36-50,Madhya Pradesh,Central,4,1497,Card,11
1189,Yamini Datt,Female,28-03-2034,14470,Clothing,58,51-65,Ladakh,North,4,1439,COD,2
1135,Fatima Mahajan,Female,29-03-2034,14471,Home,33,18-35,Odisha,East,6,874,COD,2
1554,Sonu Zaveri,Male,30-03-2034,14472,Home,59,51-65,Jammu and Kashmir,North,2,780,Card,1
1403,Sapna Ahuja,Female,31-03-2034,14473,Clothing,36,36-50,Uttar Pradesh,North,1,410,Card,9
1891,Divij Vaidya,Male,01-04-2034,14474,Clothing,41,36-50,Maharashtra,West,4,731,Card,6
1864,Kishore Tiwari,Male,02-04-2034,14475,Electronics,48,36-50,Andaman and Nicobar Islands,South,3,594,Wallet,3
1601,Vipin Puri,Male,03-04-2034,14476,Beauty,59,51-65,Andhra Pradesh,South,4,882,Wallet,6
1806,Ira Dahiya,Female,04-04-2034,14477,Clothing,44,36-50,Bihar,East,2,482,Wallet,7
1340,Nandini Solanki,Female,05-04-2034,14478,Home,28,18-35,Uttar Pradesh,North,4,626,Card,3
1756,Eshika Menon,Female,06-04-2034,14479,Electronics,35,18-35,Chhattisgarh,Central,6,367,Card,4
1944,Rajeev Malik,Male,07-04-2034,14480,Electronics,22,18-35,Mizoram,East,7,1279,Card,10
1703,Shailendra Nath,Male,08-04-2034,14481,Clothing,26,18-35,West Bengal,East,1,495,Wallet,1
1317,Veer Kulkarni,Male,09-04-2034,14482,Beauty,29,18-35,Assam,East,6,1473,Card,6
1617,Digambar Reddy,Male,10-04-2034,14483,Clothing,32,18-35,Delhi,North,1,1043,Card,6
1362,Shreyansh Chaturvedi,Male,11-04-2034,14484,Beauty,60,51-65,Delhi,North,5,1486,Wallet,9
1821,Shreya Sehgal,Female,12-04-2034,14485,Clothing,36,36-50,Madhya Pradesh,Central,1,1223,COD,2
1381,Gauri Nair,Female,13-04-2034,14486,Clothing,43,36-50,Tamil Nadu,South,5,664,COD,5
1232,Urvi Lala,Female,14-04-2034,14487,Electronics,43,36-50,Bihar,East,6,618,Card,5
1776,Ansh Kaur,Male,15-04-2034,14488,Home,43,36-50,Rajasthan,North,3,671,COD,7
1343,Nilesh Tripathi,Male,16-04-2034,14489,Electronics,57,51-65,Uttar Pradesh,North,2,1098,Wallet,5
1548,Aamir Yogi,Male,17-04-2034,14490,Beauty,35,18-35,Haryana,North,3,1169,COD,10
1816,Pradyumn Bisht,Male,18-04-2034,14491,Beauty,34,18-35,Madhya Pradesh,Central,5,1241,Card,4
1552,Rajiv Prasad,Male,19-04-2034,14492,Beauty,25,18-35,Punjab,North,4,1087,Card,10
1528,Neel Bose,Male,20-04-2034,14493,Clothing,20,18-35,Madhya Pradesh,Central,4,1129,Card,2
1855,Rashi Kapoor,Female,21-04-2034,14494,Home,34,18-35,Haryana,North,3,828,COD,8
1788,Arun Harit,Male,22-04-2034,14495,Home,57,51-65,Manipur,East,4,542,Card,5
1818,Pankaj Banerjee,Male,23-04-2034,14496,Electronics,24,18-35,Uttar Pradesh,North,5,748,COD,4
1570,Balraj Zaidi,Male,24-04-2034,14497,Clothing,22,18-35,Maharashtra,West,6,727,COD,9
1934,Aryaman Agarwal,Male,25-04-2034,14498,Electronics,47,36-50,West Bengal,East,2,459,COD,2
1182,Amrita Samant,Female,26-04-2034,14499,Clothing,54,51-65,Chhattisgarh,Central,7,549,Card,3
1040,Giridhar Tyagi,Male,27-04-2034,14500,Electronics,34,18-35,Andhra Pradesh,South,1,1480,COD,8
1550,Sawan Pande,Male,28-04-2034,14501,Electronics,23,18-35,Andhra Pradesh,South,5,1384,COD,11
1396,Parikshit Pandey,Male,29-04-2034,14502,Clothing,37,36-50,Karnataka,South,7,904,Card,4
1703,Ragini Sharma,Female,30-04-2034,14503,Clothing,59,51-65,Goa,West,5,434,Wallet,9
1778,Afreen Khandelwal,Female,01-05-2034,14504,Clothing,34,18-35,Nagaland,East,1,367,Card,10
1493,Yash Chauhan,Male,02-05-2034,14505,Electronics,42,36-50,Uttar Pradesh,North,1,445,COD,10
1658,Vikram Srivastava,Male,03-05-2034,14506,Clothing,19,18-35,Jammu and Kashmir,North,2,943,Card,10
1906,Meghna Malhotra,Female,04-05-2034,14507,Electronics,22,18-35,Rajasthan,North,2,794,COD,10
1332,Saurabh Dixit,Male,05-05-2034,14508,Clothing,56,51-65,Tamil Nadu,South,2,485,COD,9
1126,Kumari Sinha,Female,06-05-2034,14509,Clothing,21,18-35,Odisha,East,4,718,Card,10
1557,Vani Dev,Female,07-05-2034,14510,Clothing,59,51-65,Gujarat,West,5,434,COD,9
1556,Akash Somani,Male,08-05-2034,14511,Home,51,51-65,Telangana,South,6,536,COD,1
1000,Eshaan Naidu,Male,09-05-2034,14512,Electronics,53,51-65,Delhi,North,1,643,COD,6
1167,Anuja Kashyap,Female,10-05-2034,14513,Home,45,36-50,Rajasthan,North,5,596,Card,10
1619,Keshav Parashar,Male,11-05-2034,14514,Clothing,34,18-35,Arunachal Pradesh,East,7,1025,Card,6
1018,Nikita Shah,Female,12-05-2034,14515,Clothing,31,18-35,Delhi,North,5,634,COD,8
1331,Ritik Mehta,Male,13-05-2034,14516,Clothing,55,51-65,Rajasthan,North,2,862,Card,7
1583,Armaan Gill,Male,14-05-2034,14517,Electronics,45,36-50,Tamil Nadu,South,2,594,COD,7
1455,Mahima Ghosh,Female,15-05-2034,14518,Home,46,36-50,Kerala,South,5,1322,Card,2
1956,Kanika Dhami,Female,16-05-2034,14519,Clothing,34,18-35,Tamil Nadu,South,2,1323,Card,11
1108,Kanhaiya Niyogi,Male,17-05-2034,14520,Electronics,41,36-50,Karnataka,South,4,941,Wallet,4
1267,Pranav Negi,Male,18-05-2034,14521,Electronics,57,51-65,Karnataka,South,1,623,COD,1
1444,Aanchal Tomar,Female,19-05-2034,14522,Electronics,60,51-65,Karnataka,South,7,892,COD,11
1239,Pari Yadav,Female,20-05-2034,14523,Beauty,59,51-65,Uttar Pradesh,North,5,1136,Wallet,11
1928,Jigna Dwivedi,Female,21-05-2034,14524,Home,29,18-35,West Bengal,East,1,1168,COD,7
1300,Mini Garg,Female,22-05-2034,14525,Electronics,53,51-65,Gujarat,West,4,1227,COD,4
1601,Mishti Pradhan,Female,23-05-2034,14526,Clothing,56,51-65,Jharkhand,East,7,1189,Wallet,9
1102,Anoopkumar Soni,Male,24-05-2034,14527,Clothing,19,18-35,Telangana,South,2,360,COD,6
1987,Ekam Patel,Female,25-05-2034,14528,Home,52,51-65,West Bengal,East,3,931,COD,6
1249,Dalip Bohra,Male,26-05-2034,14529,Electronics,36,36-50,Maharashtra,West,4,470,Card,9
1452,Om Narayan,Male,27-05-2034,14530,Electronics,54,51-65,Bihar,East,3,1443,Wallet,8
1519,Megha Arya,Female,28-05-2034,14531,Beauty,41,36-50,Maharashtra,West,1,1316,Card,6
1152,Adesh Bhatt,Male,29-05-2034,14532,Electronics,34,18-35,Jharkhand,East,5,1285,Card,6
1858,Aditya Raghav,Male,30-05-2034,14533,Electronics,42,36-50,Uttar Pradesh,North,7,1202,Card,6
1173,Hitesh Nigam,Male,31-05-2034,14534,Beauty,52,51-65,Karnataka,South,2,1257,Card,4
1342,Avaneesh Suri,Male,01-06-2034,14535,Clothing,46,36-50,Assam,East,7,306,Card,5
1669,Ketan Gandhi,Male,02-06-2034,14536,Electronics,42,36-50,Tamil Nadu,South,4,1268,Wallet,3
1430,Aaliya Panwar,Female,03-06-2034,14537,Electronics,29,18-35,Punjab,North,2,1162,COD,9
1726,Rajan Verma,Male,04-06-2034,14538,Electronics,51,51-65,Andhra Pradesh,South,3,340,Card,11
1688,Chirag Jaiswal,Male,05-06-2034,14539,Electronics,41,36-50,Madhya Pradesh,Central,3,526,COD,2
1686,Hemendra Subramanian,Male,06-06-2034,14540,Beauty,48,36-50,Karnataka,South,6,683,COD,11
1851,Preeti Lal,Female,07-06-2034,14541,Clothing,27,18-35,Jammu and Kashmir,North,7,624,COD,7
1849,Sanaya Jain,Female,08-06-2034,14542,Home,20,18-35,Rajasthan,North,5,934,Card,1
1657,Ritu Goyal,Female,09-06-2034,14543,Beauty,29,18-35,Uttar Pradesh,North,3,983,Wallet,10
1961,Isha Kaushik,Female,10-06-2034,14544,Clothing,42,36-50,Gujarat,West,5,1132,Card,7
1323,Aarav Arora,Male,11-06-2034,14545,Electronics,28,18-35,Karnataka,South,6,1006,Card,2
1989,Milan Chandra,Female,12-06-2034,14546,Clothing,52,51-65,Odisha,East,4,441,Card,5
1672,Bankim Modi,Male,13-06-2034,14547,Beauty,23,18-35,Kerala,South,6,346,COD,1
1638,Teena Rathore,Female,14-06-2034,14548,Home,46,36-50,Gujarat,West,5,540,COD,5
1419,Tarini Gupta,Female,15-06-2034,14549,Electronics,37,36-50,Haryana,North,3,949,Card,11
1593,Adarsh Rana,Male,16-06-2034,14550,Home,20,18-35,Telangana,South,1,326,Card,4
1484,Faisal Jindal,Male,17-06-2034,14551,Clothing,52,51-65,Arunachal Pradesh,East,5,1465,COD,1
1658,Mira Trivedi,Female,18-06-2034,14552,Beauty,47,36-50,Andhra Pradesh,South,2,1102,COD,1
1750,Aradhana Deshmukh,Female,19-06-2034,14553,Electronics,21,18-35,Bihar,East,1,1267,Card,7
1411,Biren Patil,Male,20-06-2034,14554,Clothing,40,36-50,Punjab,North,7,636,Wallet,3
1935,Sriharsh Vohra,Male,21-06-2034,14555,Beauty,51,51-65,Arunachal Pradesh,East,5,745,Wallet,10
1083,Drishti Shetty,Female,22-06-2034,14556,Clothing,48,36-50,Maharashtra,West,2,1025,Card,9
1112,Alankar Narang,Male,23-06-2034,14557,Clothing,32,18-35,Telangana,South,7,895,COD,9
1736,Sara Aggarwal,Female,24-06-2034,14558,Electronics,42,36-50,Jharkhand,East,6,435,Card,10
1331,Satyam Saini,Male,25-06-2034,14559,Electronics,34,18-35,Delhi,North,1,1271,COD,11
1377,Leela Mittal,Female,26-06-2034,14560,Electronics,53,51-65,Kerala,South,5,719,Card,9
1754,Siddharth Saxena,Male,27-06-2034,14561,Beauty,20,18-35,Karnataka,South,4,1040,Card,1
1654,Vidhi Tandon,Female,28-06-2034,14562,Electronics,28,18-35,Jammu and Kashmir,North,6,1136,COD,4
1040,Prasanna Joshi,Male,29-06-2034,14563,Clothing,56,51-65,Meghalaya,East,2,1389,Wallet,1
1934,Shaurya Sen,Male,30-06-2034,14564,Home,52,51-65,Gujarat,West,4,992,Card,1
1769,Bhaskar Pillai,Male,01-07-2034,14565,Electronics,18,18-35,Punjab,North,3,1143,Card,9
1958,Bina Salvi,Female,02-07-2034,14566,Clothing,33,18-35,Tamil Nadu,South,6,1448,Card,5
1796,Rupali Shukla,Female,03-07-2034,14567,Home,23,18-35,Tamil Nadu,South,6,520,COD,1
1104,Himanshu Bhatia,Male,04-07-2034,14568,Beauty,21,18-35,Himachal Pradesh,North,5,901,COD,11
1201,Abeer Dey,Female,05-07-2034,14569,Clothing,45,36-50,Punjab,North,5,401,COD,3
1449,Nandita Desai,Female,06-07-2034,14570,Home,59,51-65,Rajasthan,North,2,472,COD,7
1818,Trisha Khanna,Female,07-07-2034,14571,Electronics,28,18-35,West Bengal,East,6,714,COD,2
1842,Karan Jha,Male,08-07-2034,14572,Beauty,26,18-35,Delhi,North,5,546,COD,4
1972,Lopa Das,Female,09-07-2034,14573,Electronics,29,18-35,Gujarat,West,3,1162,COD,2
1265,Dayanand Randhawa,Male,10-07-2034,14574,Home,48,36-50,Uttar Pradesh,North,7,1124,COD,9
1909,Aishwarya Mohan,Female,11-07-2034,14575,Electronics,39,36-50,Meghalaya,East,7,1422,Wallet,9
1209,Manav Bhardwaj,Male,12-07-2034,14576,Beauty,29,18-35,Gujarat,West,7,440,Card,7
1562,Bhavik Mandal,Male,13-07-2034,14577,Home,41,36-50,Madhya Pradesh,Central,5,728,Card,7
1117,Param Rao,Male,14-07-2034,14578,Home,53,51-65,Tamil Nadu,South,6,603,Card,2
1712,Oviya Choudhary,Female,15-07-2034,14579,Electronics,43,36-50,Rajasthan,North,7,1184,Wallet,10
1376,Dhruv Khan,Male,16-07-2034,14580,Clothing,43,36-50,Madhya Pradesh,Central,1,1366,Card,8
1550,Nitya Barman,Female,17-07-2034,14581,Clothing,36,36-50,Punjab,North,4,1294,Card,1
1539,Prashant Rawat,Male,18-07-2034,14582,Home,59,51-65,Maharashtra,West,6,801,Wallet,8
1770,Samarth Bansal,Male,19-07-2034,14583,Electronics,19,18-35,Odisha,East,3,463,Wallet,5
1083,Mukul Mukherjee,Male,20-07-2034,14584,Beauty,38,36-50,Sikkim,East,6,1438,Wallet,4
1453,Amar Nanda,Male,21-07-2034,14585,Beauty,56,51-65,Maharashtra,West,3,1148,Card,10
1666,Shantanu Dubey,Male,22-07-2034,14586,Electronics,32,18-35,West Bengal,East,6,1300,Wallet,2
1628,Dileep Varma,Male,23-07-2034,14587,Home,37,36-50,Punjab,North,7,1417,Card,3
1513,Pritam Kumar,Male,24-07-2034,14588,Clothing,52,51-65,Odisha,East,4,583,Card,10
1604,Kirti Khatri,Female,25-07-2034,14589,Clothing,26,18-35,Goa,West,4,1175,Card,2
1677,Anurag Basu,Male,26-07-2034,14590,Electronics,28,18-35,Gujarat,West,3,709,COD,11
1386,Shania Mishra,Female,27-07-2034,14591,Clothing,32,18-35,Andhra Pradesh,South,6,369,Card,4
1911,Vishal Sahu,Male,28-07-2034,14592,Home,56,51-65,Uttar Pradesh,North,4,631,COD,3
1349,Divakar Upadhyay,Male,29-07-2034,14593,Clothing,42,36-50,Odisha,East,2,921,Wallet,5
1295,Dushyant Anand,Male,30-07-2034,14594,Clothing,46,36-50,Nagaland,East,6,1299,Card,7
1257,Anand Datt,Male,31-07-2034,14595,Home,37,36-50,Arunachal Pradesh,East,4,487,Card,9
1080,Sahil Mahajan,Male,01-08-2034,14596,Home,51,51-65,Jharkhand,East,1,810,Card,5
1936,Deepika Zaveri,Female,02-08-2034,14597,Electronics,59,51-65,West Bengal,East,1,1422,Wallet,8
1267,Eesha Ahuja,Female,03-08-2034,14598,Beauty,49,36-50,Uttarakhand,North,2,750,Card,2
1418,Pranay Vaidya,Male,04-08-2034,14599,Clothing,29,18-35,Andhra Pradesh,South,4,1025,Card,6
1234,Ashwini Tiwari,Female,05-08-2034,14600,Electronics,30,18-35,West Bengal,East,1,1196,Card,8
1832,Baldev Puri,Male,06-08-2034,14601,Electronics,20,18-35,Uttar Pradesh,North,7,1007,Wallet,9
1310,Anika Dahiya,Female,07-08-2034,14602,Clothing,30,18-35,Kerala,South,6,748,Card,11
1812,Nirbhay Solanki,Male,08-08-2034,14603,Beauty,37,36-50,Delhi,North,5,1301,Card,4
1974,Shiven Menon,Male,09-08-2034,14604,Clothing,42,36-50,Gujarat,West,4,676,Card,4
1985,Rajat Malik,Male,10-08-2034,14605,Home,38,36-50,Rajasthan,North,2,739,Wallet,7
1356,Anirban Nath,Male,11-08-2034,14606,Electronics,45,36-50,Maharashtra,West,4,439,Card,4
1212,Simran Kulkarni,Female,12-08-2034,14607,Clothing,45,36-50,Punjab,North,3,1125,COD,5
1573,Navya Reddy,Female,13-08-2034,14608,Beauty,29,18-35,Assam,East,3,599,Card,2
1048,Omkar Chaturvedi,Male,14-08-2034,14609,Home,39,36-50,Andhra Pradesh,South,1,706,Wallet,2
1126,Rajeshwari Sehgal,Female,15-08-2034,14610,Electronics,36,36-50,Gujarat,West,3,834,COD,11
1222,Hridya Nair,Female,16-08-2034,14611,Clothing,42,36-50,Uttar Pradesh,North,2,999,COD,10
1920,Sanjana Lala,Female,17-08-2034,14612,Electronics,45,36-50,Madhya Pradesh,Central,1,556,Card,5
1278,Ujjwal Kaur,Male,18-08-2034,14613,Clothing,48,36-50,Kerala,South,2,578,Card,10
1407,Ridhima Tripathi,Female,19-08-2034,14614,Home,41,36-50,Punjab,North,6,695,Card,10
1504,Onkar Yogi,Male,20-08-2034,14615,Home,47,36-50,Madhya Pradesh,Central,2,1436,COD,2
1293,Hemanth Bisht,Male,21-08-2034,14616,Electronics,25,18-35,Assam,East,3,1484,Wallet,6
1795,Parth Prasad,Male,22-08-2034,14617,Beauty,60,51-65,Rajasthan,North,6,675,Card,6
1276,Advika Bose,Female,23-08-2034,14618,Clothing,26,18-35,Maharashtra,West,3,535,Wallet,8
1437,Ipsita Kapoor,Female,24-08-2034,14619,Clothing,45,36-50,Telangana,South,2,1392,Card,1
1106,Bhupesh Harit,Male,25-08-2034,14620,Clothing,43,36-50,Karnataka,South,3,1049,Wallet,7
1657,Aisha Banerjee,Female,26-08-2034,14621,Clothing,57,51-65,Uttar Pradesh,North,3,369,Card,7
1419,Kaushal Zaidi,Male,27-08-2034,14622,Clothing,50,36-50,Chhattisgarh,Central,3,435,Card,9
1610,Anamika Agarwal,Female,28-08-2034,14623,Clothing,51,51-65,Madhya Pradesh,Central,4,360,COD,4
1428,Lakshya Samant,Female,29-08-2034,14624,Clothing,25,18-35,Andhra Pradesh,South,6,1230,COD,7
1374,Darshan Tyagi,Male,30-08-2034,14625,Electronics,41,36-50,Tamil Nadu,South,6,1266,COD,6
1072,Anupama Pande,Female,31-08-2034,14626,Home,26,18-35,Uttar Pradesh,North,7,309,COD,4
1948,Amisha Pandey,Female,01-09-2034,14627,Clothing,35,18-35,Meghalaya,East,6,524,COD,10
1997,Snehal Sharma,Female,02-09-2034,14628,Electronics,51,51-65,Meghalaya,East,7,354,Card,8
1633,Srinivas Khandelwal,Male,03-09-2034,14629,Home,40,36-50,Uttar Pradesh,North,2,348,Card,3
1029,Eshani Chauhan,Female,04-09-2034,14630,Beauty,33,18-35,Delhi,North,7,1060,Card,8
1187,Agney Srivastava,Male,05-09-2034,14631,Beauty,60,51-65,Jammu and Kashmir,North,7,499,COD,5
1363,Vinay Malhotra,Male,06-09-2034,14632,Clothing,54,51-65,Gujarat,West,5,564,COD,4
1865,Mahi Dixit,Female,07-09-2034,14633,Electronics,57,51-65,Karnataka,South,2,528,COD,3
1799,Varsha Sinha,Female,08-09-2034,14634,Clothing,42,36-50,Assam,East,6,1115,COD,10
1450,Saanvi Dev,Female,09-09-2034,14635,Electronics,26,18-35,Dadra and Nagar Haveli and Daman and Diu,West,1,992,Card,7
1194,Ajit Somani,Male,10-09-2034,14636,Beauty,21,18-35,Uttar Pradesh,North,3,960,COD,7
1155,Malini Naidu,Female,11-09-2034,14637,Electronics,43,36-50,Tamil Nadu,South,3,544,Card,6
1171,Soham Kashyap,Male,12-09-2034,14638,Electronics,21,18-35,Delhi,North,5,978,COD,3
1846,Amardeep Parashar,Male,13-09-2034,14639,Clothing,25,18-35,Andhra Pradesh,South,1,583,Card,9
1040,Daksh Shah,Male,14-09-2034,14640,Clothing,22,18-35,Tamil Nadu,South,4,1266,COD,11
1062,Atul Mehta,Male,15-09-2034,14641,Home,44,36-50,Punjab,North,7,1496,COD,2
1022,Rohit Gill,Male,16-09-2034,14642,Clothing,58,51-65,Andhra Pradesh,South,2,1284,Card,3
1359,Shriya Ghosh,Female,17-09-2034,14643,Electronics,32,18-35,Jammu and Kashmir,North,4,403,COD,1
1074,Abhinav Dhami,Male,18-09-2034,14644,Electronics,49,36-50,Telangana,South,1,339,Card,7
1559,Varun Niyogi,Male,19-09-2034,14645,Clothing,29,18-35,Gujarat,West,5,1425,Card,2
1671,Jayesh Negi,Male,20-09-2034,14646,Electronics,35,18-35,Uttar Pradesh,North,1,341,COD,10
1824,Jagruti Tomar,Female,21-09-2034,14647,Clothing,28,18-35,Bihar,East,5,550,Wallet,8
1117,Ranjan Yadav,Male,22-09-2034,14648,Clothing,25,18-35,Uttar Pradesh,North,4,406,Card,9
1611,Ayra Dwivedi,Female,23-09-2034,14649,Home,30,18-35,Maharashtra,West,4,870,Card,11
1379,Meera Garg,Female,24-09-2034,14650,Beauty,25,18-35,Maharashtra,West,1,1089,COD,2
1928,Neelam Pradhan,Female,25-09-2034,14651,Beauty,30,18-35,Odisha,East,1,307,COD,6
1919,Alia Soni,Female,26-09-2034,14652,Beauty,53,51-65,Rajasthan,North,7,831,Card,11
1678,Ahana Patel,Female,27-09-2034,14653,Electronics,51,51-65,Gujarat,West,3,418,Wallet,1
1289,Abhishai Bohra,Male,28-09-2034,14654,Electronics,36,36-50,Madhya Pradesh,Central,5,1452,COD,8
1439,Charu Narayan,Female,29-09-2034,14655,Electronics,42,36-50,Himachal Pradesh,North,3,1489,Card,5
1667,Hrishikesh Arya,Male,30-09-2034,14656,Beauty,57,51-65,Uttar Pradesh,North,2,1263,Card,9
1932,Anugrah Bhatt,Male,01-10-2034,14657,Beauty,48,36-50,Arunachal Pradesh,East,2,967,COD,3
1006,Lokesh Raghav,Male,02-10-2034,14658,Beauty,29,18-35,Arunachal Pradesh,East,1,568,COD,2
1195,Abhilasha Nigam,Female,03-10-2034,14659,Electronics,26,18-35,Haryana,North,4,953,Card,7
1420,Noor Suri,Female,04-10-2034,14660,Beauty,22,18-35,Kerala,South,2,1353,Wallet,11
1567,Suresh Gandhi,Male,05-10-2034,14661,Clothing,27,18-35,Punjab,North,2,328,Card,7
1832,Brishti Panwar,Female,06-10-2034,14662,Electronics,39,36-50,Maharashtra,West,3,1347,COD,10
1192,Amrish Verma,Male,07-10-2034,14663,Clothing,51,51-65,West Bengal,East,3,1058,Card,5
1558,Amitabh Jaiswal,Male,08-10-2034,14664,Electronics,18,18-35,Rajasthan,North,7,917,Wallet,7
1147,Ruchi Subramanian,Female,09-10-2034,14665,Clothing,46,36-50,Telangana,South,7,852,COD,6
1786,Amruta Lal,Female,10-10-2034,14666,Electronics,20,18-35,Delhi,North,2,1488,Card,9
1668,Mamta Jain,Female,11-10-2034,14667,Clothing,29,18-35,Madhya Pradesh,Central,1,1182,Wallet,3
1201,Farah Goyal,Female,12-10-2034,14668,Clothing,58,51-65,Haryana,North,3,387,Card,4
1443,Sonal Kaushik,Female,13-10-2034,14669,Beauty,51,51-65,Bihar,East,2,922,COD,9
1913,Anu Arora,Female,14-10-2034,14670,Home,53,51-65,Uttar Pradesh,North,4,450,Wallet,10
1987,Komal Chandra,Female,15-10-2034,14671,Clothing,18,18-35,Odisha,East,3,1070,COD,8
1418,Achint Modi,Male,16-10-2034,14672,Home,31,18-35,Bihar,East,2,1241,Wallet,10
1426,Riddhi Rathore,Female,17-10-2034,14673,Beauty,43,36-50,Delhi,North,7,1311,Wallet,6
1478,Bhumika Gupta,Female,18-10-2034,14674,Electronics,27,18-35,Punjab,North,5,691,Wallet,3
1474,Shivali Rana,Female,19-10-2034,14675,Clothing,27,18-35,Gujarat,West,3,508,Card,9
1125,Rahul Jindal,Male,20-10-2034,14676,Electronics,25,18-35,Jharkhand,East,5,555,Card,9
1394,Archana Trivedi,Female,21-10-2034,14677,Electronics,24,18-35,Mizoram,East,3,1144,COD,11
1816,Tanish Deshmukh,Male,22-10-2034,14678,Home,37,36-50,Uttar Pradesh,North,3,799,COD,6
1880,Ajinkya Patil,Male,23-10-2034,14679,Beauty,45,36-50,Gujarat,West,7,817,COD,2
1805,Ranveer Vohra,Male,24-10-2034,14680,Electronics,39,36-50,Delhi,North,6,967,Card,7
1575,Jagdish Shetty,Male,25-10-2034,14681,Home,58,51-65,Kerala,South,6,319,Wallet,9
1324,Abhisar Narang,Male,26-10-2034,14682,Beauty,44,36-50,Tamil Nadu,South,5,688,Wallet,9
1391,Mishka Aggarwal,Female,27-10-2034,14683,Beauty,49,36-50,Haryana,North,1,608,Card,3
1929,Niharika Saini,Female,28-10-2034,14684,Electronics,25,18-35,Maharashtra,West,2,480,Card,2
1687,Naresh Mittal,Male,29-10-2034,14685,Beauty,55,51-65,Bihar,East,1,852,Card,5
1627,Omesh Saxena,Male,30-10-2034,14686,Electronics,55,51-65,Maharashtra,West,1,455,Card,11
1439,Kalpana Tandon,Female,31-10-2034,14687,Clothing,33,18-35,Andhra Pradesh,South,6,1005,COD,10
1203,Jahnavi Joshi,Female,01-11-2034,14688,Electronics,30,18-35,Andhra Pradesh,South,2,364,Wallet,7
1485,Sachin Sen,Male,02-11-2034,14689,Electronics,32,18-35,West Bengal,East,6,1299,Card,3
1832,Amol Pillai,Male,03-11-2034,14690,Home,22,18-35,Nagaland,East,6,1141,COD,4
1030,Adhiraj Salvi,Male,04-11-2034,14691,Clothing,58,51-65,Uttar Pradesh,North,7,427,COD,10
1387,Akanksha Shukla,Female,05-11-2034,14692,Electronics,25,18-35,Meghalaya,East,6,480,Card,2
1624,Brijesh Bhatia,Male,06-11-2034,14693,Electronics,18,18-35,Tamil Nadu,South,4,652,COD,11
1876,Radhika Dey,Female,07-11-2034,14694,Home,21,18-35,Karnataka,South,1,1402,COD,10
1433,Vishesh Desai,Male,08-11-2034,14695,Electronics,55,51-65,Odisha,East,7,908,Wallet,2
1836,Arham Khanna,Male,09-11-2034,14696,Home,38,36-50,Sikkim,East,7,1066,COD,7
1925,Inaya Jha,Female,10-11-2034,14697,Electronics,22,18-35,Kerala,South,1,838,COD,2
1375,Grishma Das,Female,11-11-2034,14698,Electronics,25,18-35,Uttar Pradesh,North,7,896,Card,1
1343,Dhanesh Randhawa,Male,12-11-2034,14699,Clothing,53,51-65,Jharkhand,East,1,482,Card,4
1442,Anuj Mohan,Male,13-11-2034,14700,Clothing,25,18-35,Bihar,East,4,1127,Card,6
1578,Aakriti Bhardwaj,Female,14-11-2034,14701,Clothing,51,51-65,Telangana,South,3,1060,Card,10
1074,Abhiraj Mandal,Male,15-11-2034,14702,Electronics,30,18-35,Jammu and Kashmir,North,7,360,Card,10
1556,Jhanvi Rao,Female,16-11-2034,14703,Beauty,35,18-35,Andhra Pradesh,South,5,626,Card,4
1771,Ruchika Choudhary,Female,17-11-2034,14704,Clothing,46,36-50,Dadra and Nagar Haveli and Daman and Diu,West,5,370,COD,1
1665,Vanshika Khan,Female,18-11-2034,14705,Electronics,50,36-50,Uttar Pradesh,North,4,773,COD,1
1154,Amit Barman,Male,19-11-2034,14706,Clothing,60,51-65,Karnataka,South,1,688,Card,9
1429,Sangeeta Rawat,Female,20-11-2034,14707,Beauty,50,36-50,Madhya Pradesh,Central,5,995,Card,1
1362,Kajal Bansal,Female,21-11-2034,14708,Electronics,29,18-35,Tamil Nadu,South,4,1112,COD,7
1447,Naman Mukherjee,Male,22-11-2034,14709,Electronics,51,51-65,Delhi,North,6,406,Card,11
1986,Priya Nanda,Female,23-11-2034,14710,Home,46,36-50,Karnataka,South,2,946,Card,7
1233,Vidya Dubey,Female,24-11-2034,14711,Clothing,35,18-35,West Bengal,East,5,913,COD,1
1562,Shagun Varma,Female,25-11-2034,14712,Clothing,49,36-50,Delhi,North,2,766,Card,1
1817,Chitra Kumar,Female,26-11-2034,14713,Electronics,27,18-35,Tamil Nadu,South,1,890,Card,6
1261,Ashish Khatri,Male,27-11-2034,14714,Electronics,41,36-50,Telangana,South,5,395,Card,8
1826,Parag Basu,Male,28-11-2034,14715,Clothing,37,36-50,Bihar,East,4,1025,Card,7
1124,Alpa Mishra,Female,29-11-2034,14716,Electronics,35,18-35,Karnataka,South,3,1316,Wallet,6
1910,Kajalpreet Sahu,Female,30-11-2034,14717,Clothing,53,51-65,Tripura,East,5,863,Card,10
1244,Hemlata Upadhyay,Female,01-12-2034,14718,Clothing,27,18-35,Puducherry,South,5,1134,COD,3
1541,Tanuja Anand,Female,02-12-2034,14719,Electronics,25,18-35,Delhi,North,5,765,COD,11
1937,Avneet Datt,Female,03-12-2034,14720,Beauty,29,18-35,Madhya Pradesh,Central,5,631,Card,7
1484,Advik Mahajan,Male,04-12-2034,14721,Home,53,51-65,Rajasthan,North,4,874,Card,6
1121,Amarjeet Zaveri,Male,05-12-2034,14722,Home,20,18-35,Gujarat,West,4,418,Wallet,8
1124,Naveen Khanna,Male,06-12-2034,14723,Electronics,32,18-35,West Bengal,East,3,1194,Wallet,4
1548,Puru Jha,Male,07-12-2034,14724,Electronics,57,51-65,Himachal Pradesh,North,4,985,Card,9
1169,Arul Das,Male,08-12-2034,14725,Clothing,20,18-35,Uttar Pradesh,North,4,858,Card,1
1123,Priyanka Randhawa,Female,09-12-2034,14726,Electronics,48,36-50,Delhi,North,1,912,COD,7
1868,Advait Mohan,Male,10-12-2034,14727,Beauty,38,36-50,Uttar Pradesh,North,7,411,Card,9
1034,Zara Bhardwaj,Female,11-12-2034,14728,Electronics,25,18-35,Punjab,North,1,892,Card,10
1086,Abhinay Mandal,Male,12-12-2034,14729,Clothing,28,18-35,Madhya Pradesh,Central,7,1150,Card,1
1645,Tapasya Rao,Female,13-12-2034,14730,Clothing,53,51-65,Rajasthan,North,2,1108,Card,10
1707,Shefali Choudhary,Female,14-12-2034,14731,Clothing,51,51-65,Rajasthan,North,3,1239,Card,3
1785,Sumedha Khan,Female,15-12-2034,14732,Electronics,57,51-65,Telangana,South,7,479,COD,7
1200,Kairav Barman,Male,16-12-2034,14733,Clothing,45,36-50,Delhi,North,1,1245,COD,9
1368,Pradeep Rawat,Male,17-12-2034,14734,Electronics,49,36-50,Tamil Nadu,South,3,797,COD,1
1796,Sohail Bansal,Male,18-12-2034,14735,Beauty,22,18-35,Haryana,North,3,1112,Card,6
1076,Shiv Mukherjee,Male,19-12-2034,14736,Electronics,38,36-50,Andhra Pradesh,South,5,1012,Card,11
1058,Yuvika Nanda,Female,20-12-2034,14737,Beauty,42,36-50,Ladakh,North,6,624,COD,2
1430,Ojasvi Dubey,Female,21-12-2034,14738,Home,27,18-35,Telangana,South,6,758,Card,5
1637,Kavita Varma,Female,22-12-2034,14739,Electronics,40,36-50,Maharashtra,West,6,762,Card,7
1499,Bhuvan Kumar,Male,23-12-2034,14740,Home,37,36-50,Haryana,North,3,934,Card,7
1912,Shrikant Khatri,Male,24-12-2034,14741,Electronics,48,36-50,Haryana,North,5,1487,Card,10
1108,Dakshesh Basu,Male,25-12-2034,14742,Beauty,34,18-35,Kerala,South,2,312,Wallet,7
1735,Divya Mishra,Female,26-12-2034,14743,Clothing,33,18-35,Bihar,East,2,1488,COD,4
1277,Devendra Sahu,Male,27-12-2034,14744,Electronics,59,51-65,Bihar,East,6,1136,Card,6
1067,Jai Upadhyay,Male,28-12-2034,14745,Clothing,54,51-65,Odisha,East,2,1076,COD,11
1068,Alisha Anand,Female,29-12-2034,14746,Electronics,35,18-35,Tamil Nadu,South,5,631,Card,10
1164,Chudamani Datt,Male,30-12-2034,14747,Beauty,23,18-35,Madhya Pradesh,Central,6,984,Card,6
1488,Prithvi Mahajan,Male,31-12-2034,14748,Electronics,27,18-35,Uttar Pradesh,North,7,1313,Card,7
1304,Rajendra Zaveri,Male,01-01-2035,14749,Home,47,36-50,Maharashtra,West,7,738,COD,9
1908,Manisha Ahuja,Female,02-01-2035,14750,Clothing,25,18-35,Himachal Pradesh,North,5,1172,Card,6
1673,Rakhi Vaidya,Female,03-01-2035,14751,Beauty,30,18-35,Jharkhand,East,2,1014,Card,10
1364,Ayush Tiwari,Male,04-01-2035,14752,Electronics,59,51-65,Jammu and Kashmir,North,6,714,Card,1
1853,Kamal Puri,Male,05-01-2035,14753,Clothing,36,36-50,Delhi,North,7,313,Card,8
1820,Himesh Dahiya,Male,06-01-2035,14754,Clothing,22,18-35,Himachal Pradesh,North,5,1372,COD,2
1378,Devyani Solanki,Female,07-01-2035,14755,Home,36,36-50,Madhya Pradesh,Central,4,1355,Wallet,3
1342,Prabhat Menon,Male,08-01-2035,14756,Electronics,32,18-35,Chhattisgarh,Central,7,821,COD,5
1946,Harleen Malik,Female,09-01-2035,14757,Electronics,18,18-35,Telangana,South,4,1097,COD,6
1898,Kiran Nath,Female,10-01-2035,14758,Electronics,34,18-35,Maharashtra,West,5,1122,Wallet,7
1553,Aparna Kulkarni,Female,11-01-2035,14759,Home,52,51-65,Haryana,North,5,906,Card,4
1353,Mukesh Reddy,Male,12-01-2035,14760,Electronics,29,18-35,Gujarat,West,1,407,Card,3
1415,Nitin Chaturvedi,Male,13-01-2035,14761,Clothing,32,18-35,Chhattisgarh,Central,7,388,Card,9
1108,Dhananjay Sehgal,Male,14-01-2035,14762,Electronics,37,36-50,Bihar,East,1,852,Card,4
1562,Bimal Nair,Male,15-01-2035,14763,Beauty,58,51-65,Odisha,East,3,803,Card,9
1761,Gajendra Lala,Male,16-01-2035,14764,Beauty,19,18-35,Assam,East,7,1055,Card,9
1496,Nand Kaur,Male,17-01-2035,14765,Clothing,59,51-65,Kerala,South,6,331,Card,11
1340,Sarika Tripathi,Female,18-01-2035,14766,Clothing,59,51-65,Tamil Nadu,South,3,675,COD,3
1941,Shilpa Yogi,Female,19-01-2035,14767,Electronics,52,51-65,Himachal Pradesh,North,3,1021,Wallet,3
1382,Nakul Bisht,Male,20-01-2035,14768,Electronics,21,18-35,Rajasthan,North,2,635,Card,11
1532,Ankit Prasad,Male,21-01-2035,14769,Electronics,36,36-50,West Bengal,East,4,1362,Card,8
1299,Muskan Bose,Female,22-01-2035,14770,Home,51,51-65,Odisha,East,2,1349,COD,1
1138,Anant Kapoor,Male,23-01-2035,14771,Clothing,45,36-50,Jharkhand,East,6,481,Card,6
1358,Gyan Harit,Male,24-01-2035,14772,Beauty,26,18-35,Uttar Pradesh,North,5,853,Card,6
1835,Nivedita Banerjee,Female,25-01-2035,14773,Clothing,43,36-50,Maharashtra,West,1,950,Card,9
1498,Vinita Zaidi,Female,26-01-2035,14774,Home,37,36-50,Uttar Pradesh,North,6,1224,COD,2
1384,Akshay Agarwal,Male,27-01-2035,14775,Clothing,51,51-65,Chhattisgarh,Central,5,656,Wallet,8
1603,Gopal Samant,Male,28-01-2035,14776,Clothing,54,51-65,Delhi,North,6,1047,COD,7
1958,Aaryan Tyagi,Male,29-01-2035,14777,Electronics,41,36-50,West Bengal,East,5,961,Card,2
1279,Lopamudra Pande,Female,30-01-2035,14778,Clothing,29,18-35,Himachal Pradesh,North,7,396,Card,1
1636,Aishani Pandey,Female,31-01-2035,14779,Clothing,49,36-50,Haryana,North,1,661,Card,4
1482,Ashita Sharma,Female,01-02-2035,14780,Home,35,18-35,Rajasthan,North,5,1200,Wallet,2
1908,Arijit Khandelwal,Male,02-02-2035,14781,Beauty,28,18-35,Ladakh,North,3,491,COD,3
1110,Aarti Chauhan,Female,03-02-2035,14782,Electronics,51,51-65,Manipur,East,6,473,Card,2
1865,Bhagat Srivastava,Male,04-02-2035,14783,Electronics,42,36-50,Punjab,North,1,1499,COD,9
1138,Vasudha Malhotra,Female,05-02-2035,14784,Clothing,56,51-65,Gujarat,West,5,1339,Card,4
1995,Bipin Dixit,Male,06-02-2035,14785,Clothing,30,18-35,Uttar Pradesh,North,3,392,Wallet,1
1434,Sukanya Sinha,Female,07-02-2035,14786,Electronics,23,18-35,Karnataka,South,3,305,Wallet,8
1508,Anil Dev,Male,08-02-2035,14787,Home,49,36-50,Gujarat,West,7,982,Card,4
1272,Advaith Somani,Male,09-02-2035,14788,Beauty,20,18-35,Haryana,North,4,346,COD,10
1098,Deepak Naidu,Male,10-02-2035,14789,Beauty,38,36-50,Uttar Pradesh,North,3,677,COD,11
1763,Firoz Kashyap,Male,11-02-2035,14790,Electronics,31,18-35,Gujarat,West,2,923,Card,11
1849,Harshit Parashar,Male,12-02-2035,14791,Beauty,51,51-65,Jharkhand,East,1,1246,COD,8
1103,Raveena Shah,Female,13-02-2035,14792,Home,58,51-65,Telangana,South,1,1058,COD,8
1213,Deepa Mehta,Female,14-02-2035,14793,Clothing,54,51-65,Tamil Nadu,South,1,329,Card,9
1760,Jaya Gill,Female,15-02-2035,14794,Clothing,54,51-65,Tamil Nadu,South,5,491,COD,10
1663,Harit Ghosh,Male,16-02-2035,14795,Home,45,36-50,Tamil Nadu,South,6,382,COD,7
1761,Ramesh Dhami,Male,17-02-2035,14796,Clothing,43,36-50,Uttar Pradesh,North,5,326,Card,4
1786,Sunaina Niyogi,Female,18-02-2035,14797,Clothing,43,36-50,Telangana,South,2,457,Card,2
1164,Rajesh Negi,Male,19-02-2035,14798,Clothing,48,36-50,Odisha,East,6,1319,COD,6
1998,Mohini Tomar,Female,20-02-2035,14799,Clothing,48,36-50,Bihar,East,7,532,Card,4
1852,Vaidehi Yadav,Female,21-02-2035,14800,Electronics,46,36-50,Tamil Nadu,South,3,1123,Wallet,6
1519,Prachi Dwivedi,Female,22-02-2035,14801,Beauty,21,18-35,Bihar,East,5,894,Card,8
1283,Tejaswini Garg,Female,23-02-2035,14802,Home,51,51-65,Kerala,South,6,414,Card,3
1516,Asmita Pradhan,Female,24-02-2035,14803,Clothing,57,51-65,Gujarat,West,3,1013,Card,1
1656,Aahan Soni,Female,25-02-2035,14804,Electronics,22,18-35,Madhya Pradesh,Central,6,1037,COD,5
1612,Darpan Patel,Male,26-02-2035,14805,Clothing,55,51-65,Kerala,South,3,1050,COD,3
1163,Anshul Bohra,Male,27-02-2035,14806,Electronics,32,18-35,Maharashtra,West,6,914,Card,6
1885,Charita Narayan,Female,28-02-2035,14807,Electronics,30,18-35,Punjab,North,5,576,Card,3
1658,Sonia Arya,Female,01-03-2035,14808,Clothing,42,36-50,Maharashtra,West,5,1311,Wallet,1
1063,Badrinath Bhatt,Male,02-03-2035,14809,Clothing,57,51-65,Madhya Pradesh,Central,2,741,Card,9
1090,Maitreyi Raghav,Female,03-03-2035,14810,Clothing,58,51-65,Andhra Pradesh,South,7,920,Card,5
1116,Falguni Nigam,Female,04-03-2035,14811,Electronics,39,36-50,Ladakh,North,7,399,Card,2
1865,Ojas Suri,Male,05-03-2035,14812,Clothing,26,18-35,Punjab,North,4,1015,Card,2
1266,Sunita Gandhi,Female,06-03-2035,14813,Electronics,38,36-50,Andaman and Nicobar Islands,South,1,1157,Card,11
1821,Varad Panwar,Male,07-03-2035,14814,Beauty,39,36-50,Bihar,East,5,1136,Card,9
1684,Lisha Verma,Female,08-03-2035,14815,Clothing,43,36-50,Delhi,North,5,1461,Card,1
1558,Avyukt Jaiswal,Male,09-03-2035,14816,Home,39,36-50,Karnataka,South,3,677,Wallet,10
1139,Mandeep Subramanian,Male,10-03-2035,14817,Electronics,28,18-35,Mizoram,East,4,549,Card,3
1245,Zaid Lal,Male,11-03-2035,14818,Electronics,25,18-35,Jammu and Kashmir,North,7,432,COD,10
1660,Devesh Jain,Male,12-03-2035,14819,Beauty,29,18-35,Odisha,East,5,1119,COD,11
1757,Divyansh Goyal,Male,13-03-2035,14820,Electronics,47,36-50,Chhattisgarh,Central,6,1250,Card,7
1394,Aaradhya Kaushik,Female,14-03-2035,14821,Clothing,26,18-35,Karnataka,South,7,996,COD,1
1486,Pavitra Arora,Female,15-03-2035,14822,Clothing,44,36-50,Maharashtra,West,4,783,Card,2
1475,Ajay Chandra,Male,16-03-2035,14823,Electronics,44,36-50,Telangana,South,1,1168,Card,6
1516,Jignesh Modi,Male,17-03-2035,14824,Home,40,36-50,Gujarat,West,6,791,Wallet,9
1976,Joy Rathore,Male,18-03-2035,14825,Clothing,37,36-50,Madhya Pradesh,Central,3,511,COD,9
1183,Pragati Gupta,Female,19-03-2035,14826,Electronics,54,51-65,Tamil Nadu,South,2,1272,Wallet,8
1019,Milind Rana,Male,20-03-2035,14827,Electronics,49,36-50,Haryana,North,6,1007,Wallet,3
1936,Hriday Jindal,Male,21-03-2035,14828,Electronics,18,18-35,Kerala,South,7,1411,Card,2
1557,Keerthi Trivedi,Female,22-03-2035,14829,Beauty,57,51-65,Punjab,North,1,853,Card,1
1523,Jayant Deshmukh,Male,23-03-2035,14830,Home,39,36-50,Uttarakhand,North,6,808,Card,11
1581,Abhimanyu Patil,Male,24-03-2035,14831,Electronics,47,36-50,Gujarat,West,4,620,Wallet,11
1528,Madhavi Vohra,Female,25-03-2035,14832,Electronics,29,18-35,Chhattisgarh,Central,4,1211,Wallet,9
1882,Vinod Shetty,Male,26-03-2035,14833,Home,42,36-50,Telangana,South,1,1428,COD,5
1146,Krishnav Narang,Male,27-03-2035,14834,Clothing,56,51-65,Assam,East,7,387,Card,3
1665,Harish Aggarwal,Male,28-03-2035,14835,Clothing,44,36-50,Kerala,South,4,659,Card,10
1303,Payal Saini,Female,29-03-2035,14836,Clothing,49,36-50,Tamil Nadu,South,6,1289,Wallet,10
1619,Sakshi Mittal,Female,30-03-2035,14837,Electronics,20,18-35,Meghalaya,East,2,445,Wallet,11
1747,Heena Saxena,Female,31-03-2035,14838,Home,22,18-35,Meghalaya,East,6,654,Card,5
1819,Rajveer Tandon,Male,01-04-2035,14839,Beauty,47,36-50,Maharashtra,West,2,1125,Card,11
1863,Jasmine Joshi,Female,02-04-2035,14840,Electronics,51,51-65,Telangana,South,4,1182,Card,3
1581,Nisha Sen,Female,03-04-2035,14841,Clothing,59,51-65,Tamil Nadu,South,6,1066,Card,9
1694,Arjun Pillai,Male,04-04-2035,14842,Clothing,58,51-65,Uttarakhand,North,4,1345,Wallet,1
1761,Vini Salvi,Female,05-04-2035,14843,Clothing,23,18-35,Goa,West,7,1055,COD,1
1227,Anish Shukla,Male,06-04-2035,14844,Electronics,30,18-35,Jammu and Kashmir,North,2,719,COD,3
1101,Indrani Bhatia,Female,07-04-2035,14845,Home,45,36-50,Jharkhand,East,7,951,Card,6
1586,Abhimaan Dey,Male,08-04-2035,14846,Clothing,49,36-50,West Bengal,East,4,947,Card,11
1416,Parnika Desai,Female,09-04-2035,14847,Clothing,51,51-65,Tamil Nadu,South,5,969,Card,2
1957,Khushi Khanna,Female,10-04-2035,14848,Electronics,45,36-50,Jammu and Kashmir,North,3,369,COD,1
1215,Sharmila Jha,Female,11-04-2035,14849,Electronics,33,18-35,Madhya Pradesh,Central,6,481,COD,8
1406,Aaditya Das,Male,12-04-2035,14850,Electronics,58,51-65,Kerala,South,5,370,Card,11
1398,Ankita Randhawa,Female,13-04-2035,14851,Home,60,51-65,Madhya Pradesh,Central,7,545,Card,10
1922,Janki Mohan,Female,14-04-2035,14852,Electronics,31,18-35,Gujarat,West,4,528,Card,9
1714,Vedika Bhardwaj,Female,15-04-2035,14853,Home,48,36-50,Rajasthan,North,4,441,Card,10
1703,Hansa Mandal,Female,16-04-2035,14854,Clothing,53,51-65,Tamil Nadu,South,3,1000,COD,1
1760,Harendra Rao,Male,17-04-2035,14855,Clothing,35,18-35,Andhra Pradesh,South,4,561,COD,3
1498,Ahalya Choudhary,Female,18-04-2035,14856,Clothing,33,18-35,Tamil Nadu,South,3,1326,Card,5
1753,Neha Khan,Female,19-04-2035,14857,Clothing,28,18-35,Jharkhand,East,6,639,Wallet,7
1464,Lalit Barman,Male,20-04-2035,14858,Electronics,57,51-65,Tripura,East,2,1331,COD,10
1690,Gurleen Rawat,Female,21-04-2035,14859,Electronics,57,51-65,Tripura,East,3,395,Card,4
1948,Ekansh Bansal,Male,22-04-2035,14860,Home,51,51-65,Tamil Nadu,South,3,1316,Card,6
1973,Sarita Mukherjee,Female,23-04-2035,14861,Home,26,18-35,Maharashtra,West,5,887,Wallet,1
1730,Jasmin Nanda,Female,24-04-2035,14862,Electronics,34,18-35,Uttar Pradesh,North,4,708,COD,4
1081,Swati Dubey,Female,25-04-2035,14863,Clothing,37,36-50,Andhra Pradesh,South,6,1209,Card,8
1603,Sharad Varma,Male,26-04-2035,14864,Electronics,41,36-50,Uttar Pradesh,North,2,1179,COD,5
1946,Saloni Kumar,Female,27-04-2035,14865,Electronics,49,36-50,Madhya Pradesh,Central,1,573,Card,8
1686,Anshika Khatri,Female,28-04-2035,14866,Electronics,45,36-50,Punjab,North,7,1429,Wallet,1
1750,Simranjit Basu,Male,29-04-2035,14867,Beauty,25,18-35,Gujarat,West,3,926,Wallet,10
1771,Anay Mishra,Male,30-04-2035,14868,Electronics,50,36-50,Nagaland,East,1,430,COD,9
1902,Renuka Sahu,Female,01-05-2035,14869,Electronics,43,36-50,Gujarat,West,4,1312,COD,4
1364,Lipika Upadhyay,Female,02-05-2035,14870,Electronics,18,18-35,Delhi,North,7,868,Card,9
1162,Vibha Anand,Female,03-05-2035,14871,Electronics,56,51-65,Haryana,North,3,985,COD,8
1047,Suman Datt,Female,04-05-2035,14872,Clothing,36,36-50,Haryana,North,1,1358,COD,8
1510,Tejendra Mahajan,Male,05-05-2035,14873,Electronics,29,18-35,Uttar Pradesh,North,5,790,COD,2
1328,Lavanya Zaveri,Female,06-05-2035,14874,Electronics,43,36-50,Odisha,East,1,1000,COD,3
1839,Reena Ahuja,Female,07-05-2035,14875,Clothing,55,51-65,Haryana,North,7,1028,Wallet,10
1115,Sonali Vaidya,Female,08-05-2035,14876,Electronics,48,36-50,Delhi,North,5,773,Card,9
1940,Abhijit Tiwari,Male,09-05-2035,14877,Home,47,36-50,Rajasthan,North,7,456,Card,3
1848,Ijaz Puri,Male,10-05-2035,14878,Clothing,22,18-35,Madhya Pradesh,Central,2,469,COD,8
1336,Neeraj Dahiya,Male,11-05-2035,14879,Electronics,58,51-65,West Bengal,East,4,1465,Wallet,5
1880,Gaurav Solanki,Male,12-05-2035,14880,Home,24,18-35,Kerala,South,6,341,Wallet,7
1736,Sameer Menon,Male,13-05-2035,14881,Electronics,53,51-65,Tripura,East,1,489,COD,4
1863,Shikha Malik,Female,14-05-2035,14882,Clothing,51,51-65,Jammu and Kashmir,North,3,314,Wallet,8
1839,Falak Nath,Female,15-05-2035,14883,Clothing,22,18-35,Maharashtra,West,7,709,COD,4
1146,Arushi Kulkarni,Female,16-05-2035,14884,Electronics,31,18-35,Rajasthan,North,7,1167,Card,5
1574,Ram Reddy,Male,17-05-2035,14885,Clothing,53,51-65,Andhra Pradesh,South,4,920,COD,1
1805,Rajshree Chaturvedi,Female,18-05-2035,14886,Beauty,53,51-65,Karnataka,South,1,921,Card,10
1322,Deependra Sehgal,Male,19-05-2035,14887,Beauty,58,51-65,Goa,West,3,1465,Card,8
1442,Kishan Nair,Male,20-05-2035,14888,Clothing,60,51-65,Andhra Pradesh,South,3,992,Card,7
1836,Aayushi Lala,Female,21-05-2035,14889,Clothing,21,18-35,Uttarakhand,North,7,1327,Card,11
1012,Akarsh Kaur,Male,22-05-2035,14890,Electronics,50,36-50,Gujarat,West,6,1325,Card,5
1942,Lovish Tripathi,Male,23-05-2035,14891,Electronics,52,51-65,Bihar,East,7,1484,Card,6
1493,Bhupendra Yogi,Male,24-05-2035,14892,Clothing,28,18-35,Chhattisgarh,Central,6,1105,Card,1
1700,Chaitali Bisht,Female,25-05-2035,14893,Clothing,18,18-35,Gujarat,West,7,1084,Card,8
1286,Tanay Prasad,Female,26-05-2035,14894,Beauty,58,51-65,Assam,East,7,1067,COD,9
1719,Prakash Bose,Male,27-05-2035,14895,Clothing,39,36-50,Jharkhand,East,3,391,COD,11
1113,Anubhav Kapoor,Male,28-05-2035,14896,Clothing,26,18-35,Haryana,North,6,780,Wallet,5
1479,Sparsh Harit,Male,29-05-2035,14897,Clothing,18,18-35,Maharashtra,West,3,1205,Wallet,10
1021,Inder Banerjee,Male,30-05-2035,14898,Home,49,36-50,Nagaland,East,1,1297,Card,7
1348,Sneha Zaidi,Female,31-05-2035,14899,Home,37,36-50,Assam,East,7,1422,COD,10
1725,Ishwar Agarwal,Male,01-06-2035,14900,Clothing,40,36-50,Madhya Pradesh,Central,2,829,Card,4
1682,Gautam Samant,Male,02-06-2035,14901,Electronics,33,18-35,Mizoram,East,6,912,Card,6
1834,Prarthana Tyagi,Female,03-06-2035,14902,Home,48,36-50,West Bengal,East,5,1108,COD,2
1565,Madhuri Pande,Female,04-06-2035,14903,Electronics,31,18-35,Jammu and Kashmir,North,5,867,COD,4
1905,Himani Pandey,Female,05-06-2035,14904,Beauty,54,51-65,Tamil Nadu,South,5,750,Wallet,5
1809,Akhilraj Sharma,Male,06-06-2035,14905,Clothing,31,18-35,Kerala,South,2,755,COD,9
1319,Mahesh Khandelwal,Male,07-06-2035,14906,Clothing,46,36-50,Uttar Pradesh,North,3,814,Card,9
1125,Gagan Chauhan,Male,08-06-2035,14907,Clothing,47,36-50,Andhra Pradesh,South,3,744,Wallet,8
1276,Manpreet Srivastava,Female,09-06-2035,14908,Home,34,18-35,Delhi,North,4,1095,COD,4
1975,Gia Malhotra,Female,10-06-2035,14909,Electronics,40,36-50,Telangana,South,5,484,Wallet,6
1203,Iqra Dixit,Female,11-06-2035,14910,Beauty,34,18-35,Madhya Pradesh,Central,5,562,COD,7
1193,Disha Sinha,Female,12-06-2035,14911,Clothing,20,18-35,Rajasthan,North,3,960,Card,1
1680,Anmol Dev,Female,13-06-2035,14912,Electronics,56,51-65,Uttar Pradesh,North,5,1019,Card,1
1663,Raman Somani,Male,14-06-2035,14913,Electronics,58,51-65,Jharkhand,East,3,1144,Card,4
1546,Anagha Naidu,Female,15-06-2035,14914,Clothing,38,36-50,Telangana,South,7,1251,Card,3
1695,Riya Kashyap,Female,16-06-2035,14915,Clothing,32,18-35,Telangana,South,7,479,Card,10
1285,Aasif Parashar,Female,17-06-2035,14916,Clothing,58,51-65,Karnataka,South,3,1106,COD,4
1056,Shrishti Shah,Female,18-06-2035,14917,Home,36,36-50,Delhi,North,6,637,Wallet,9
1733,Ambuj Mehta,Male,19-06-2035,14918,Clothing,40,36-50,West Bengal,East,3,1332,Wallet,2
1302,Aravind Gill,Male,20-06-2035,14919,Beauty,59,51-65,Gujarat,West,1,1335,COD,4
1162,Dinesh Ghosh,Male,21-06-2035,14920,Clothing,50,36-50,Tamil Nadu,South,1,1138,Card,7
1018,Vineet Dhami,Male,22-06-2035,14921,Home,44,36-50,Haryana,North,1,662,Card,2
1369,Savita Niyogi,Female,23-06-2035,14922,Electronics,44,36-50,Jammu and Kashmir,North,1,971,COD,8
1263,Koyal Negi,Female,24-06-2035,14923,Clothing,51,51-65,Kerala,South,2,516,Card,10
1793,Akshit Tomar,Male,25-06-2035,14924,Electronics,35,18-35,Gujarat,West,4,1070,Wallet,4
1112,Vaishali Yadav,Female,26-06-2035,14925,Clothing,35,18-35,Karnataka,South,4,491,Wallet,9
1487,Kushal Dwivedi,Male,27-06-2035,14926,Beauty,49,36-50,Kerala,South,3,1338,Card,1
1326,Shlok Garg,Male,28-06-2035,14927,Electronics,18,18-35,Delhi,North,7,1114,COD,7
1541,Madhav Pradhan,Male,29-06-2035,14928,Electronics,48,36-50,Maharashtra,West,5,1420,Card,1
1646,Gayatri Soni,Female,30-06-2035,14929,Beauty,24,18-35,Maharashtra,West,1,1373,COD,11
1578,Apurv Patel,Male,01-07-2035,14930,Electronics,56,51-65,Andhra Pradesh,South,4,1420,Card,10
1064,Dheeraj Bohra,Male,02-07-2035,14931,Home,56,51-65,Gujarat,West,4,1105,Card,11
1291,Vihan Narayan,Female,03-07-2035,14932,Clothing,27,18-35,Goa,West,1,1308,COD,9
1024,Karthik Arya,Male,04-07-2035,14933,Home,57,51-65,Bihar,East,7,507,COD,10
1548,Kusum Bhatt,Female,05-07-2035,14934,Electronics,31,18-35,Uttarakhand,North,2,1166,COD,10
1000,Abhayank Raghav,Male,06-07-2035,14935,Electronics,59,51-65,Bihar,East,2,1002,COD,1
1910,Hargun Nigam,Female,07-07-2035,14936,Clothing,40,36-50,Dadra and Nagar Haveli and Daman and Diu,West,4,1269,COD,3
1548,Aadi Suri,Female,08-07-2035,14937,Beauty,32,18-35,Gujarat,West,2,1162,COD,7
1140,Mohit Gandhi,Male,09-07-2035,14938,Clothing,38,36-50,West Bengal,East,6,1270,Wallet,1
1743,Lata Panwar,Female,10-07-2035,14939,Electronics,47,36-50,Puducherry,South,1,558,Wallet,5
1647,Sushant Verma,Male,11-07-2035,14940,Clothing,36,36-50,Kerala,South,7,695,COD,6
1900,Javed Jaiswal,Male,12-07-2035,14941,Beauty,45,36-50,Punjab,North,4,351,COD,3
1187,Vivek Subramanian,Male,13-07-2035,14942,Home,41,36-50,Karnataka,South,1,1005,COD,6
1127,Manoj Lal,Male,14-07-2035,14943,Beauty,32,18-35,Rajasthan,North,2,808,Card,4
1200,Alka Jain,Female,15-07-2035,14944,Electronics,41,36-50,Kerala,South,1,1111,Card,6
1126,Chitransh Goyal,Male,16-07-2035,14945,Electronics,56,51-65,Uttar Pradesh,North,2,873,Wallet,6
1256,Bhoomi Kaushik,Female,17-07-2035,14946,Clothing,46,36-50,Maharashtra,West,7,1315,Wallet,4
1675,Prabhjot Arora,Female,18-07-2035,14947,Home,23,18-35,Odisha,East,2,1436,COD,1
1546,Manvi Chandra,Female,19-07-2035,14948,Electronics,54,51-65,Jharkhand,East,1,1046,Card,3
1193,Laxman Modi,Male,20-07-2035,14949,Electronics,36,36-50,West Bengal,East,7,903,Card,11
1702,Bijay Rathore,Male,21-07-2035,14950,Home,38,36-50,Gujarat,West,2,1245,Card,10
1103,Mansi Gupta,Female,22-07-2035,14951,Electronics,45,36-50,Nagaland,East,6,1430,Card,7
1534,Abhijeet Rana,Male,23-07-2035,14952,Clothing,43,36-50,Madhya Pradesh,Central,3,319,COD,2
1264,Tanvi Jindal,Female,24-07-2035,14953,Clothing,32,18-35,Bihar,East,1,601,Wallet,4
1801,Saroja Trivedi,Female,25-07-2035,14954,Clothing,41,36-50,Maharashtra,West,3,1077,Card,6
1941,Kavya Deshmukh,Female,26-07-2035,14955,Home,48,36-50,Madhya Pradesh,Central,1,398,COD,5
1973,Sonam Patil,Female,27-07-2035,14956,Clothing,57,51-65,Andaman and Nicobar Islands,South,2,383,Card,6
1383,Akhilesh Vohra,Male,28-07-2035,14957,Clothing,34,18-35,Haryana,North,2,712,Wallet,5
1259,Krishnakant Shetty,Male,29-07-2035,14958,Clothing,35,18-35,Maharashtra,West,7,1051,Wallet,9
1413,Nishita Narang,Female,30-07-2035,14959,Clothing,25,18-35,Tamil Nadu,South,4,1321,Card,11
1990,Anuraj Aggarwal,Male,31-07-2035,14960,Clothing,49,36-50,Karnataka,South,6,1123,Wallet,2
1357,Ratnesh Saini,Male,01-08-2035,14961,Electronics,60,51-65,Kerala,South,4,1021,COD,4
1074,Aadhya Mittal,Female,02-08-2035,14962,Electronics,36,36-50,Odisha,East,3,624,Card,1
1354,Juhi Saxena,Female,03-08-2035,14963,Electronics,53,51-65,Sikkim,East,2,1034,COD,7
1583,Samaira Tandon,Female,04-08-2035,14964,Electronics,31,18-35,Bihar,East,4,1114,Card,1
1770,Krisha Joshi,Female,05-08-2035,14965,Clothing,25,18-35,Andaman and Nicobar Islands,South,2,810,COD,6
1909,Srikar Sen,Male,06-08-2035,14966,Home,54,51-65,Maharashtra,West,1,962,Wallet,10
1187,Deep Pillai,Female,07-08-2035,14967,Home,21,18-35,Andhra Pradesh,South,4,1443,COD,10
1972,Iqbal Salvi,Male,08-08-2035,14968,Home,49,36-50,Maharashtra,West,3,550,Card,9
1684,Vikas Shukla,Male,09-08-2035,14969,Clothing,18,18-35,Chhattisgarh,Central,7,791,Card,2
1991,Atreya Bhatia,Male,10-08-2035,14970,Clothing,26,18-35,Uttar Pradesh,North,4,311,Card,1
1289,Kailash Dey,Male,11-08-2035,14971,Clothing,25,18-35,Manipur,East,2,1055,Card,11
1044,Ambar Desai,Male,12-08-2035,14972,Electronics,26,18-35,Odisha,East,5,1379,Card,11
1572,Tanuj Khanna,Male,13-08-2035,14973,Electronics,39,36-50,Chhattisgarh,Central,5,339,COD,11
1082,Jogendra Jha,Male,14-08-2035,14974,Clothing,32,18-35,Rajasthan,North,7,310,COD,10
1122,Rupesh Das,Male,15-08-2035,14975,Beauty,49,36-50,Gujarat,West,7,556,COD,3
1357,Aniket Randhawa,Male,16-08-2035,14976,Electronics,30,18-35,Maharashtra,West,6,1180,Card,6
1527,Abhiraaj Mohan,Male,17-08-2035,14977,Electronics,54,51-65,Ladakh,North,7,1328,Card,7
1065,Kalyan Bhardwaj,Male,18-08-2035,14978,Home,30,18-35,Andhra Pradesh,South,2,806,Card,11
1935,Ishani Mandal,Female,19-08-2035,14979,Electronics,32,18-35,Nagaland,East,1,659,Card,8
1656,Abhayanand Rao,Male,20-08-2035,14980,Home,39,36-50,Madhya Pradesh,Central,4,491,Card,4
1374,Kripal Choudhary,Male,21-08-2035,14981,Home,32,18-35,Karnataka,South,7,947,Card,8
1161,Ishan Khan,Male,22-08-2035,14982,Beauty,46,36-50,West Bengal,East,5,1227,COD,7
1745,Binita Barman,Female,23-08-2035,14983,Clothing,51,51-65,Kerala,South,1,779,Wallet,11
1379,Naina Rawat,Female,24-08-2035,14984,Home,45,36-50,Haryana,North,2,773,COD,8
1655,Supriya Bansal,Female,25-08-2035,14985,Clothing,42,36-50,Odisha,East,1,1222,COD,5
1357,Utkarsh Mukherjee,Male,26-08-2035,14986,Clothing,28,18-35,Maharashtra,West,2,311,Card,10
1187,Urmila Nanda,Female,27-08-2035,14987,Clothing,34,18-35,Andhra Pradesh,South,6,462,Wallet,7
1321,Ishika Dubey,Female,28-08-2035,14988,Electronics,30,18-35,Haryana,North,4,1405,Card,4
1449,Shivani Varma,Female,29-08-2035,14989,Clothing,40,36-50,Uttarakhand,North,1,755,Card,1
1473,Diganth Kumar,Male,30-08-2035,14990,Clothing,36,36-50,West Bengal,East,4,321,Card,3
1012,Ashok Khatri,Male,31-08-2035,14991,Home,52,51-65,West Bengal,East,1,911,Card,10
1183,Sunil Basu,Male,01-09-2035,14992,Home,40,36-50,Uttarakhand,North,2,1216,COD,9
1110,Avika Mishra,Female,02-09-2035,14993,Home,33,18-35,Uttar Pradesh,North,2,951,Wallet,11
1926,Jitendra Sahu,Male,03-09-2035,14994,Electronics,40,36-50,Maharashtra,West,1,1141,COD,4
1507,Purav Upadhyay,Male,04-09-2035,14995,Home,27,18-35,Haryana,North,6,1339,Card,5
1289,Ishaan Anand,Male,05-09-2035,14996,Clothing,26,18-35,Odisha,East,2,776,COD,3
1294,Sanat Datt,Male,06-09-2035,14997,Beauty,26,18-35,Chhattisgarh,Central,3,1225,COD,11
1450,Vishakha Mahajan,Female,07-09-2035,14998,Beauty,58,51-65,Tamil Nadu,South,3,356,Wallet,6
1903,Bharat Zaveri,Male,08-09-2035,14999,Electronics,41,36-50,Odisha,East,4,830,COD,4
1214,Nandan Ahuja,Male,09-09-2035,15000,Home,57,51-65,Gujarat,West,7,598,COD,5
